Analysis & Synthesis report for top
Mon Oct 27 16:30:36 2025
Quartus II 64-Bit Version 13.1.0 Build 162 10/23/2013 SJ Web Edition


---------------------
; Table of Contents ;
---------------------
  1. Legal Notice
  2. Analysis & Synthesis Summary
  3. Analysis & Synthesis Settings
  4. Parallel Compilation
  5. Analysis & Synthesis Source Files Read
  6. Analysis & Synthesis Resource Usage Summary
  7. Analysis & Synthesis Resource Utilization by Entity
  8. Analysis & Synthesis RAM Summary
  9. Analysis & Synthesis IP Cores Summary
 10. State Machine - |top|picorv32:cpu|mem_wordsize
 11. State Machine - |top|picorv32:cpu|cpu_state
 12. Registers Removed During Synthesis
 13. Removed Registers Triggering Further Register Optimizations
 14. General Register Statistics
 15. Inverted Register Statistics
 16. Multiplexer Restructuring Statistics (Restructuring Performed)
 17. Source assignments for ocram_32k:ocram|altsyncram:altsyncram_component|altsyncram_nvt3:auto_generated
 18. Parameter Settings for User Entity Instance: Top-level Entity: |top
 19. Parameter Settings for User Entity Instance: picorv32:cpu
 20. Parameter Settings for User Entity Instance: ocram_32k:ocram|altsyncram:altsyncram_component
 21. Parameter Settings for Inferred Entity Instance: sld_signaltap:auto_signaltap_0
 22. altsyncram Parameter Settings by Entity Instance
 23. Port Connectivity Checks: "ocram_32k:ocram"
 24. Port Connectivity Checks: "reset_control:reset_controller"
 25. Port Connectivity Checks: "picorv32:cpu"
 26. SignalTap II Logic Analyzer Settings
 27. Elapsed Time Per Partition
 28. Connections to In-System Debugging Instance "auto_signaltap_0"
 29. Analysis & Synthesis Messages
 30. Analysis & Synthesis Suppressed Messages



----------------
; Legal Notice ;
----------------
Copyright (C) 1991-2013 Altera Corporation
Your use of Altera Corporation's design tools, logic functions 
and other software and tools, and its AMPP partner logic 
functions, and any output files from any of the foregoing 
(including device programming or simulation files), and any 
associated documentation or information are expressly subject 
to the terms and conditions of the Altera Program License 
Subscription Agreement, Altera MegaCore Function License 
Agreement, or other applicable license agreement, including, 
without limitation, that your use is for the sole purpose of 
programming logic devices manufactured by Altera and sold by 
Altera or its authorized distributors.  Please refer to the 
applicable agreement for further details.



+---------------------------------------------------------------------------------+
; Analysis & Synthesis Summary                                                    ;
+------------------------------------+--------------------------------------------+
; Analysis & Synthesis Status        ; Successful - Mon Oct 27 16:30:35 2025      ;
; Quartus II 64-Bit Version          ; 13.1.0 Build 162 10/23/2013 SJ Web Edition ;
; Revision Name                      ; top                                        ;
; Top-level Entity Name              ; top                                        ;
; Family                             ; Cyclone III                                ;
; Total logic elements               ; 4,333                                      ;
;     Total combinational functions  ; 1,383                                      ;
;     Dedicated logic registers      ; 3,789                                      ;
; Total registers                    ; 3789                                       ;
; Total pins                         ; 12                                         ;
; Total virtual pins                 ; 0                                          ;
; Total memory bits                  ; 144,448                                    ;
; Embedded Multiplier 9-bit elements ; 0                                          ;
; Total PLLs                         ; 0                                          ;
+------------------------------------+--------------------------------------------+


+----------------------------------------------------------------------------------------------------------------------+
; Analysis & Synthesis Settings                                                                                        ;
+----------------------------------------------------------------------------+--------------------+--------------------+
; Option                                                                     ; Setting            ; Default Value      ;
+----------------------------------------------------------------------------+--------------------+--------------------+
; Device                                                                     ; EP3C16F484C6       ;                    ;
; Top-level entity name                                                      ; top                ; top                ;
; Family name                                                                ; Cyclone III        ; Cyclone IV GX      ;
; Use smart compilation                                                      ; Off                ; Off                ;
; Enable parallel Assembler and TimeQuest Timing Analyzer during compilation ; On                 ; On                 ;
; Enable compact report table                                                ; Off                ; Off                ;
; Restructure Multiplexers                                                   ; Auto               ; Auto               ;
; Create Debugging Nodes for IP Cores                                        ; Off                ; Off                ;
; Preserve fewer node names                                                  ; On                 ; On                 ;
; Disable OpenCore Plus hardware evaluation                                  ; Off                ; Off                ;
; Verilog Version                                                            ; Verilog_2001       ; Verilog_2001       ;
; VHDL Version                                                               ; VHDL_1993          ; VHDL_1993          ;
; State Machine Processing                                                   ; Auto               ; Auto               ;
; Safe State Machine                                                         ; Off                ; Off                ;
; Extract Verilog State Machines                                             ; On                 ; On                 ;
; Extract VHDL State Machines                                                ; On                 ; On                 ;
; Ignore Verilog initial constructs                                          ; Off                ; Off                ;
; Iteration limit for constant Verilog loops                                 ; 5000               ; 5000               ;
; Iteration limit for non-constant Verilog loops                             ; 250                ; 250                ;
; Add Pass-Through Logic to Inferred RAMs                                    ; On                 ; On                 ;
; Infer RAMs from Raw Logic                                                  ; On                 ; On                 ;
; Parallel Synthesis                                                         ; On                 ; On                 ;
; DSP Block Balancing                                                        ; Auto               ; Auto               ;
; NOT Gate Push-Back                                                         ; On                 ; On                 ;
; Power-Up Don't Care                                                        ; On                 ; On                 ;
; Remove Redundant Logic Cells                                               ; Off                ; Off                ;
; Remove Duplicate Registers                                                 ; On                 ; On                 ;
; Ignore CARRY Buffers                                                       ; Off                ; Off                ;
; Ignore CASCADE Buffers                                                     ; Off                ; Off                ;
; Ignore GLOBAL Buffers                                                      ; Off                ; Off                ;
; Ignore ROW GLOBAL Buffers                                                  ; Off                ; Off                ;
; Ignore LCELL Buffers                                                       ; Off                ; Off                ;
; Ignore SOFT Buffers                                                        ; On                 ; On                 ;
; Limit AHDL Integers to 32 Bits                                             ; Off                ; Off                ;
; Optimization Technique                                                     ; Balanced           ; Balanced           ;
; Carry Chain Length                                                         ; 70                 ; 70                 ;
; Auto Carry Chains                                                          ; On                 ; On                 ;
; Auto Open-Drain Pins                                                       ; On                 ; On                 ;
; Perform WYSIWYG Primitive Resynthesis                                      ; Off                ; Off                ;
; Auto ROM Replacement                                                       ; On                 ; On                 ;
; Auto RAM Replacement                                                       ; On                 ; On                 ;
; Auto DSP Block Replacement                                                 ; On                 ; On                 ;
; Auto Shift Register Replacement                                            ; Auto               ; Auto               ;
; Allow Shift Register Merging across Hierarchies                            ; Auto               ; Auto               ;
; Auto Clock Enable Replacement                                              ; On                 ; On                 ;
; Strict RAM Replacement                                                     ; Off                ; Off                ;
; Allow Synchronous Control Signals                                          ; On                 ; On                 ;
; Force Use of Synchronous Clear Signals                                     ; Off                ; Off                ;
; Auto RAM Block Balancing                                                   ; On                 ; On                 ;
; Auto RAM to Logic Cell Conversion                                          ; Off                ; Off                ;
; Auto Resource Sharing                                                      ; Off                ; Off                ;
; Allow Any RAM Size For Recognition                                         ; Off                ; Off                ;
; Allow Any ROM Size For Recognition                                         ; Off                ; Off                ;
; Allow Any Shift Register Size For Recognition                              ; Off                ; Off                ;
; Use LogicLock Constraints during Resource Balancing                        ; On                 ; On                 ;
; Ignore translate_off and synthesis_off directives                          ; Off                ; Off                ;
; Timing-Driven Synthesis                                                    ; On                 ; On                 ;
; Report Parameter Settings                                                  ; On                 ; On                 ;
; Report Source Assignments                                                  ; On                 ; On                 ;
; Report Connectivity Checks                                                 ; On                 ; On                 ;
; Ignore Maximum Fan-Out Assignments                                         ; Off                ; Off                ;
; Synchronization Register Chain Length                                      ; 2                  ; 2                  ;
; PowerPlay Power Optimization                                               ; Normal compilation ; Normal compilation ;
; HDL message level                                                          ; Level2             ; Level2             ;
; Suppress Register Optimization Related Messages                            ; Off                ; Off                ;
; Number of Removed Registers Reported in Synthesis Report                   ; 5000               ; 5000               ;
; Number of Swept Nodes Reported in Synthesis Report                         ; 5000               ; 5000               ;
; Number of Inverted Registers Reported in Synthesis Report                  ; 100                ; 100                ;
; Clock MUX Protection                                                       ; On                 ; On                 ;
; Auto Gated Clock Conversion                                                ; Off                ; Off                ;
; Block Design Naming                                                        ; Auto               ; Auto               ;
; SDC constraint protection                                                  ; Off                ; Off                ;
; Synthesis Effort                                                           ; Auto               ; Auto               ;
; Shift Register Replacement - Allow Asynchronous Clear Signal               ; On                 ; On                 ;
; Pre-Mapping Resynthesis Optimization                                       ; Off                ; Off                ;
; Analysis & Synthesis Message Level                                         ; Medium             ; Medium             ;
; Disable Register Merging Across Hierarchies                                ; Auto               ; Auto               ;
; Resource Aware Inference For Block RAM                                     ; On                 ; On                 ;
; Synthesis Seed                                                             ; 1                  ; 1                  ;
+----------------------------------------------------------------------------+--------------------+--------------------+


+------------------------------------------+
; Parallel Compilation                     ;
+----------------------------+-------------+
; Processors                 ; Number      ;
+----------------------------+-------------+
; Number detected on machine ; 16          ;
; Maximum allowed            ; 8           ;
;                            ;             ;
; Average used               ; 1.00        ;
; Maximum used               ; 6           ;
;                            ;             ;
; Usage by Processor         ; % Time Used ;
;     Processor 1            ; 100.0%      ;
;     Processors 2-6         ; < 0.1%      ;
;     Processors 7-16        ;   0.0%      ;
+----------------------------+-------------+


+-------------------------------------------------------------------------------------------------------------------------------------------------------------------------------------+
; Analysis & Synthesis Source Files Read                                                                                                                                              ;
+----------------------------------+-----------------+----------------------------------------+-----------------------------------------------------------------------------+---------+
; File Name with User-Entered Path ; Used in Netlist ; File Type                              ; File Name with Absolute Path                                                ; Library ;
+----------------------------------+-----------------+----------------------------------------+-----------------------------------------------------------------------------+---------+
; reset_control.v                  ; yes             ; User Verilog HDL File                  ; C:/Users/adama/DE0-PicoRV32/reset_control.v                                 ;         ;
; picorv32.v                       ; yes             ; User Verilog HDL File                  ; C:/Users/adama/DE0-PicoRV32/picorv32.v                                      ;         ;
; top.v                            ; yes             ; User Verilog HDL File                  ; C:/Users/adama/DE0-PicoRV32/top.v                                           ;         ;
; led_pio.v                        ; yes             ; User Verilog HDL File                  ; C:/Users/adama/DE0-PicoRV32/led_pio.v                                       ;         ;
; ocram_32k.vhd                    ; yes             ; User Wizard-Generated File             ; C:/Users/adama/DE0-PicoRV32/ocram_32k.vhd                                   ;         ;
; altsyncram.tdf                   ; yes             ; Megafunction                           ; c:/altera/13.1/quartus/libraries/megafunctions/altsyncram.tdf               ;         ;
; stratix_ram_block.inc            ; yes             ; Megafunction                           ; c:/altera/13.1/quartus/libraries/megafunctions/stratix_ram_block.inc        ;         ;
; lpm_mux.inc                      ; yes             ; Megafunction                           ; c:/altera/13.1/quartus/libraries/megafunctions/lpm_mux.inc                  ;         ;
; lpm_decode.inc                   ; yes             ; Megafunction                           ; c:/altera/13.1/quartus/libraries/megafunctions/lpm_decode.inc               ;         ;
; aglobal131.inc                   ; yes             ; Megafunction                           ; c:/altera/13.1/quartus/libraries/megafunctions/aglobal131.inc               ;         ;
; a_rdenreg.inc                    ; yes             ; Megafunction                           ; c:/altera/13.1/quartus/libraries/megafunctions/a_rdenreg.inc                ;         ;
; altrom.inc                       ; yes             ; Megafunction                           ; c:/altera/13.1/quartus/libraries/megafunctions/altrom.inc                   ;         ;
; altram.inc                       ; yes             ; Megafunction                           ; c:/altera/13.1/quartus/libraries/megafunctions/altram.inc                   ;         ;
; altdpram.inc                     ; yes             ; Megafunction                           ; c:/altera/13.1/quartus/libraries/megafunctions/altdpram.inc                 ;         ;
; db/altsyncram_nvt3.tdf           ; yes             ; Auto-Generated Megafunction            ; C:/Users/adama/DE0-PicoRV32/db/altsyncram_nvt3.tdf                          ;         ;
; blinker.hex                      ; yes             ; Auto-Found Memory Initialization File  ; C:/Users/adama/DE0-PicoRV32/blinker.hex                                     ;         ;
; sld_signaltap.vhd                ; yes             ; Megafunction                           ; c:/altera/13.1/quartus/libraries/megafunctions/sld_signaltap.vhd            ;         ;
; sld_signaltap_impl.vhd           ; yes             ; Encrypted Megafunction                 ; c:/altera/13.1/quartus/libraries/megafunctions/sld_signaltap_impl.vhd       ;         ;
; sld_ela_control.vhd              ; yes             ; Encrypted Megafunction                 ; c:/altera/13.1/quartus/libraries/megafunctions/sld_ela_control.vhd          ;         ;
; lpm_shiftreg.tdf                 ; yes             ; Megafunction                           ; c:/altera/13.1/quartus/libraries/megafunctions/lpm_shiftreg.tdf             ;         ;
; lpm_constant.inc                 ; yes             ; Megafunction                           ; c:/altera/13.1/quartus/libraries/megafunctions/lpm_constant.inc             ;         ;
; dffeea.inc                       ; yes             ; Megafunction                           ; c:/altera/13.1/quartus/libraries/megafunctions/dffeea.inc                   ;         ;
; sld_mbpmg.vhd                    ; yes             ; Encrypted Megafunction                 ; c:/altera/13.1/quartus/libraries/megafunctions/sld_mbpmg.vhd                ;         ;
; sld_ela_trigger_flow_mgr.vhd     ; yes             ; Encrypted Megafunction                 ; c:/altera/13.1/quartus/libraries/megafunctions/sld_ela_trigger_flow_mgr.vhd ;         ;
; sld_buffer_manager.vhd           ; yes             ; Encrypted Megafunction                 ; c:/altera/13.1/quartus/libraries/megafunctions/sld_buffer_manager.vhd       ;         ;
; db/altsyncram_j024.tdf           ; yes             ; Auto-Generated Megafunction            ; C:/Users/adama/DE0-PicoRV32/db/altsyncram_j024.tdf                          ;         ;
; altdpram.tdf                     ; yes             ; Megafunction                           ; c:/altera/13.1/quartus/libraries/megafunctions/altdpram.tdf                 ;         ;
; memmodes.inc                     ; yes             ; Megafunction                           ; c:/altera/13.1/quartus/libraries/others/maxplus2/memmodes.inc               ;         ;
; a_hdffe.inc                      ; yes             ; Megafunction                           ; c:/altera/13.1/quartus/libraries/megafunctions/a_hdffe.inc                  ;         ;
; alt_le_rden_reg.inc              ; yes             ; Megafunction                           ; c:/altera/13.1/quartus/libraries/megafunctions/alt_le_rden_reg.inc          ;         ;
; altsyncram.inc                   ; yes             ; Megafunction                           ; c:/altera/13.1/quartus/libraries/megafunctions/altsyncram.inc               ;         ;
; lpm_mux.tdf                      ; yes             ; Megafunction                           ; c:/altera/13.1/quartus/libraries/megafunctions/lpm_mux.tdf                  ;         ;
; muxlut.inc                       ; yes             ; Megafunction                           ; c:/altera/13.1/quartus/libraries/megafunctions/muxlut.inc                   ;         ;
; bypassff.inc                     ; yes             ; Megafunction                           ; c:/altera/13.1/quartus/libraries/megafunctions/bypassff.inc                 ;         ;
; altshift.inc                     ; yes             ; Megafunction                           ; c:/altera/13.1/quartus/libraries/megafunctions/altshift.inc                 ;         ;
; db/mux_nrc.tdf                   ; yes             ; Auto-Generated Megafunction            ; C:/Users/adama/DE0-PicoRV32/db/mux_nrc.tdf                                  ;         ;
; lpm_decode.tdf                   ; yes             ; Megafunction                           ; c:/altera/13.1/quartus/libraries/megafunctions/lpm_decode.tdf               ;         ;
; declut.inc                       ; yes             ; Megafunction                           ; c:/altera/13.1/quartus/libraries/megafunctions/declut.inc                   ;         ;
; lpm_compare.inc                  ; yes             ; Megafunction                           ; c:/altera/13.1/quartus/libraries/megafunctions/lpm_compare.inc              ;         ;
; db/decode_4uf.tdf                ; yes             ; Auto-Generated Megafunction            ; C:/Users/adama/DE0-PicoRV32/db/decode_4uf.tdf                               ;         ;
; lpm_counter.tdf                  ; yes             ; Megafunction                           ; c:/altera/13.1/quartus/libraries/megafunctions/lpm_counter.tdf              ;         ;
; lpm_add_sub.inc                  ; yes             ; Megafunction                           ; c:/altera/13.1/quartus/libraries/megafunctions/lpm_add_sub.inc              ;         ;
; cmpconst.inc                     ; yes             ; Megafunction                           ; c:/altera/13.1/quartus/libraries/megafunctions/cmpconst.inc                 ;         ;
; lpm_counter.inc                  ; yes             ; Megafunction                           ; c:/altera/13.1/quartus/libraries/megafunctions/lpm_counter.inc              ;         ;
; alt_counter_stratix.inc          ; yes             ; Megafunction                           ; c:/altera/13.1/quartus/libraries/megafunctions/alt_counter_stratix.inc      ;         ;
; db/cntr_0hi.tdf                  ; yes             ; Auto-Generated Megafunction            ; C:/Users/adama/DE0-PicoRV32/db/cntr_0hi.tdf                                 ;         ;
; db/cmpr_mfc.tdf                  ; yes             ; Auto-Generated Megafunction            ; C:/Users/adama/DE0-PicoRV32/db/cmpr_mfc.tdf                                 ;         ;
; db/cntr_85j.tdf                  ; yes             ; Auto-Generated Megafunction            ; C:/Users/adama/DE0-PicoRV32/db/cntr_85j.tdf                                 ;         ;
; db/cntr_afi.tdf                  ; yes             ; Auto-Generated Megafunction            ; C:/Users/adama/DE0-PicoRV32/db/cntr_afi.tdf                                 ;         ;
; db/cmpr_ifc.tdf                  ; yes             ; Auto-Generated Megafunction            ; C:/Users/adama/DE0-PicoRV32/db/cmpr_ifc.tdf                                 ;         ;
; db/cntr_p1j.tdf                  ; yes             ; Auto-Generated Megafunction            ; C:/Users/adama/DE0-PicoRV32/db/cntr_p1j.tdf                                 ;         ;
; db/cmpr_efc.tdf                  ; yes             ; Auto-Generated Megafunction            ; C:/Users/adama/DE0-PicoRV32/db/cmpr_efc.tdf                                 ;         ;
; sld_rom_sr.vhd                   ; yes             ; Encrypted Megafunction                 ; c:/altera/13.1/quartus/libraries/megafunctions/sld_rom_sr.vhd               ;         ;
; sld_hub.vhd                      ; yes             ; Encrypted Megafunction                 ; c:/altera/13.1/quartus/libraries/megafunctions/sld_hub.vhd                  ;         ;
; sld_jtag_hub.vhd                 ; yes             ; Encrypted Megafunction                 ; c:/altera/13.1/quartus/libraries/megafunctions/sld_jtag_hub.vhd             ;         ;
+----------------------------------+-----------------+----------------------------------------+-----------------------------------------------------------------------------+---------+


+---------------------------------------------------------+
; Analysis & Synthesis Resource Usage Summary             ;
+---------------------------------------------+-----------+
; Resource                                    ; Usage     ;
+---------------------------------------------+-----------+
; Estimated Total logic elements              ; 4,333     ;
;                                             ;           ;
; Total combinational functions               ; 1383      ;
; Logic element usage by number of LUT inputs ;           ;
;     -- 4 input functions                    ; 804       ;
;     -- 3 input functions                    ; 402       ;
;     -- <=2 input functions                  ; 177       ;
;                                             ;           ;
; Logic elements by mode                      ;           ;
;     -- normal mode                          ; 1296      ;
;     -- arithmetic mode                      ; 87        ;
;                                             ;           ;
; Total registers                             ; 3789      ;
;     -- Dedicated logic registers            ; 3789      ;
;     -- I/O registers                        ; 0         ;
;                                             ;           ;
; I/O pins                                    ; 12        ;
; Total memory bits                           ; 144448    ;
; Embedded Multiplier 9-bit elements          ; 0         ;
; Maximum fan-out node                        ; clk~input ;
; Maximum fan-out                             ; 2692      ;
; Total fan-out                               ; 21474     ;
; Average fan-out                             ; 3.89      ;
+---------------------------------------------+-----------+


+---------------------------------------------------------------------------------------------------------------------------------------------------------------------------------------------------------------------------------------------------------------------------------------------------------------------------------------------------------------------------------------------------------------------------------------------------------------------------------------------------------------------------------------------------------------------------------+
; Analysis & Synthesis Resource Utilization by Entity                                                                                                                                                                                                                                                                                                                                                                                                                                                                                                                             ;
+---------------------------------------------------------------------------------------------------------+-------------------+--------------+-------------+--------------+---------+-----------+------+--------------+--------------------------------------------------------------------------------------------------------------------------------------------------------------------------------------------------------------------------------------------------------------------------------------------------------------------------------------------+--------------+
; Compilation Hierarchy Node                                                                              ; LC Combinationals ; LC Registers ; Memory Bits ; DSP Elements ; DSP 9x9 ; DSP 18x18 ; Pins ; Virtual Pins ; Full Hierarchy Name                                                                                                                                                                                                                                                                                                                        ; Library Name ;
+---------------------------------------------------------------------------------------------------------+-------------------+--------------+-------------+--------------+---------+-----------+------+--------------+--------------------------------------------------------------------------------------------------------------------------------------------------------------------------------------------------------------------------------------------------------------------------------------------------------------------------------------------+--------------+
; |top                                                                                                    ; 1383 (3)          ; 3789 (0)     ; 144448      ; 0            ; 0       ; 0         ; 12   ; 0            ; |top                                                                                                                                                                                                                                                                                                                                       ; work         ;
;    |ocram_32k:ocram|                                                                                    ; 0 (0)             ; 0 (0)        ; 64          ; 0            ; 0       ; 0         ; 0    ; 0            ; |top|ocram_32k:ocram                                                                                                                                                                                                                                                                                                                       ; work         ;
;       |altsyncram:altsyncram_component|                                                                 ; 0 (0)             ; 0 (0)        ; 64          ; 0            ; 0       ; 0         ; 0    ; 0            ; |top|ocram_32k:ocram|altsyncram:altsyncram_component                                                                                                                                                                                                                                                                                       ; work         ;
;          |altsyncram_nvt3:auto_generated|                                                               ; 0 (0)             ; 0 (0)        ; 64          ; 0            ; 0       ; 0         ; 0    ; 0            ; |top|ocram_32k:ocram|altsyncram:altsyncram_component|altsyncram_nvt3:auto_generated                                                                                                                                                                                                                                                        ; work         ;
;    |sld_hub:auto_hub|                                                                                   ; 122 (1)           ; 90 (0)       ; 0           ; 0            ; 0       ; 0         ; 0    ; 0            ; |top|sld_hub:auto_hub                                                                                                                                                                                                                                                                                                                      ; work         ;
;       |sld_jtag_hub:\jtag_hub_gen:sld_jtag_hub_inst|                                                    ; 121 (83)          ; 90 (62)      ; 0           ; 0            ; 0       ; 0         ; 0    ; 0            ; |top|sld_hub:auto_hub|sld_jtag_hub:\jtag_hub_gen:sld_jtag_hub_inst                                                                                                                                                                                                                                                                         ; work         ;
;          |sld_rom_sr:hub_info_reg|                                                                      ; 21 (21)           ; 9 (9)        ; 0           ; 0            ; 0       ; 0         ; 0    ; 0            ; |top|sld_hub:auto_hub|sld_jtag_hub:\jtag_hub_gen:sld_jtag_hub_inst|sld_rom_sr:hub_info_reg                                                                                                                                                                                                                                                 ; work         ;
;          |sld_shadow_jsm:shadow_jsm|                                                                    ; 17 (17)           ; 19 (19)      ; 0           ; 0            ; 0       ; 0         ; 0    ; 0            ; |top|sld_hub:auto_hub|sld_jtag_hub:\jtag_hub_gen:sld_jtag_hub_inst|sld_shadow_jsm:shadow_jsm                                                                                                                                                                                                                                               ; work         ;
;    |sld_signaltap:auto_signaltap_0|                                                                     ; 1258 (1)          ; 3699 (564)   ; 144384      ; 0            ; 0       ; 0         ; 0    ; 0            ; |top|sld_signaltap:auto_signaltap_0                                                                                                                                                                                                                                                                                                        ; work         ;
;       |sld_signaltap_impl:sld_signaltap_body|                                                           ; 1257 (0)          ; 3135 (0)     ; 144384      ; 0            ; 0       ; 0         ; 0    ; 0            ; |top|sld_signaltap:auto_signaltap_0|sld_signaltap_impl:sld_signaltap_body                                                                                                                                                                                                                                                                  ; work         ;
;          |sld_signaltap_implb:sld_signaltap_body|                                                       ; 1257 (88)         ; 3135 (1206)  ; 144384      ; 0            ; 0       ; 0         ; 0    ; 0            ; |top|sld_signaltap:auto_signaltap_0|sld_signaltap_impl:sld_signaltap_body|sld_signaltap_implb:sld_signaltap_body                                                                                                                                                                                                                           ; work         ;
;             |altdpram:\stp_non_zero_ram_gen:attribute_mem_gen:attribute_mem|                            ; 21 (0)            ; 58 (58)      ; 0           ; 0            ; 0       ; 0         ; 0    ; 0            ; |top|sld_signaltap:auto_signaltap_0|sld_signaltap_impl:sld_signaltap_body|sld_signaltap_implb:sld_signaltap_body|altdpram:\stp_non_zero_ram_gen:attribute_mem_gen:attribute_mem                                                                                                                                                            ; work         ;
;                |lpm_decode:wdecoder|                                                                    ; 2 (0)             ; 0 (0)        ; 0           ; 0            ; 0       ; 0         ; 0    ; 0            ; |top|sld_signaltap:auto_signaltap_0|sld_signaltap_impl:sld_signaltap_body|sld_signaltap_implb:sld_signaltap_body|altdpram:\stp_non_zero_ram_gen:attribute_mem_gen:attribute_mem|lpm_decode:wdecoder                                                                                                                                        ; work         ;
;                   |decode_4uf:auto_generated|                                                           ; 2 (2)             ; 0 (0)        ; 0           ; 0            ; 0       ; 0         ; 0    ; 0            ; |top|sld_signaltap:auto_signaltap_0|sld_signaltap_impl:sld_signaltap_body|sld_signaltap_implb:sld_signaltap_body|altdpram:\stp_non_zero_ram_gen:attribute_mem_gen:attribute_mem|lpm_decode:wdecoder|decode_4uf:auto_generated                                                                                                              ; work         ;
;                |lpm_mux:mux|                                                                            ; 19 (0)            ; 0 (0)        ; 0           ; 0            ; 0       ; 0         ; 0    ; 0            ; |top|sld_signaltap:auto_signaltap_0|sld_signaltap_impl:sld_signaltap_body|sld_signaltap_implb:sld_signaltap_body|altdpram:\stp_non_zero_ram_gen:attribute_mem_gen:attribute_mem|lpm_mux:mux                                                                                                                                                ; work         ;
;                   |mux_nrc:auto_generated|                                                              ; 19 (19)           ; 0 (0)        ; 0           ; 0            ; 0       ; 0         ; 0    ; 0            ; |top|sld_signaltap:auto_signaltap_0|sld_signaltap_impl:sld_signaltap_body|sld_signaltap_implb:sld_signaltap_body|altdpram:\stp_non_zero_ram_gen:attribute_mem_gen:attribute_mem|lpm_mux:mux|mux_nrc:auto_generated                                                                                                                         ; work         ;
;             |altsyncram:\stp_non_zero_ram_gen:stp_buffer_ram|                                           ; 0 (0)             ; 0 (0)        ; 144384      ; 0            ; 0       ; 0         ; 0    ; 0            ; |top|sld_signaltap:auto_signaltap_0|sld_signaltap_impl:sld_signaltap_body|sld_signaltap_implb:sld_signaltap_body|altsyncram:\stp_non_zero_ram_gen:stp_buffer_ram                                                                                                                                                                           ; work         ;
;                |altsyncram_j024:auto_generated|                                                         ; 0 (0)             ; 0 (0)        ; 144384      ; 0            ; 0       ; 0         ; 0    ; 0            ; |top|sld_signaltap:auto_signaltap_0|sld_signaltap_impl:sld_signaltap_body|sld_signaltap_implb:sld_signaltap_body|altsyncram:\stp_non_zero_ram_gen:stp_buffer_ram|altsyncram_j024:auto_generated                                                                                                                                            ; work         ;
;             |lpm_shiftreg:segment_offset_config_deserialize|                                            ; 0 (0)             ; 9 (9)        ; 0           ; 0            ; 0       ; 0         ; 0    ; 0            ; |top|sld_signaltap:auto_signaltap_0|sld_signaltap_impl:sld_signaltap_body|sld_signaltap_implb:sld_signaltap_body|lpm_shiftreg:segment_offset_config_deserialize                                                                                                                                                                            ; work         ;
;             |lpm_shiftreg:status_register|                                                              ; 17 (17)           ; 17 (17)      ; 0           ; 0            ; 0       ; 0         ; 0    ; 0            ; |top|sld_signaltap:auto_signaltap_0|sld_signaltap_impl:sld_signaltap_body|sld_signaltap_implb:sld_signaltap_body|lpm_shiftreg:status_register                                                                                                                                                                                              ; work         ;
;             |serial_crc_16:\tdo_crc_gen:tdo_crc_calc|                                                   ; 14 (14)           ; 13 (13)      ; 0           ; 0            ; 0       ; 0         ; 0    ; 0            ; |top|sld_signaltap:auto_signaltap_0|sld_signaltap_impl:sld_signaltap_body|sld_signaltap_implb:sld_signaltap_body|serial_crc_16:\tdo_crc_gen:tdo_crc_calc                                                                                                                                                                                   ; work         ;
;             |sld_buffer_manager:sld_buffer_manager_inst|                                                ; 75 (75)           ; 54 (54)      ; 0           ; 0            ; 0       ; 0         ; 0    ; 0            ; |top|sld_signaltap:auto_signaltap_0|sld_signaltap_impl:sld_signaltap_body|sld_signaltap_implb:sld_signaltap_body|sld_buffer_manager:sld_buffer_manager_inst                                                                                                                                                                                ; work         ;
;             |sld_ela_control:ela_control|                                                               ; 662 (1)           ; 1426 (1)     ; 0           ; 0            ; 0       ; 0         ; 0    ; 0            ; |top|sld_signaltap:auto_signaltap_0|sld_signaltap_impl:sld_signaltap_body|sld_signaltap_implb:sld_signaltap_body|sld_ela_control:ela_control                                                                                                                                                                                               ; work         ;
;                |lpm_shiftreg:trigger_config_deserialize|                                                ; 0 (0)             ; 4 (4)        ; 0           ; 0            ; 0       ; 0         ; 0    ; 0            ; |top|sld_signaltap:auto_signaltap_0|sld_signaltap_impl:sld_signaltap_body|sld_signaltap_implb:sld_signaltap_body|sld_ela_control:ela_control|lpm_shiftreg:trigger_config_deserialize                                                                                                                                                       ; work         ;
;                |sld_ela_basic_multi_level_trigger:\basic_multi_level_mbpm_trigger_gen:multi_level_mbpm| ; 564 (0)           ; 1410 (0)     ; 0           ; 0            ; 0       ; 0         ; 0    ; 0            ; |top|sld_signaltap:auto_signaltap_0|sld_signaltap_impl:sld_signaltap_body|sld_signaltap_implb:sld_signaltap_body|sld_ela_control:ela_control|sld_ela_basic_multi_level_trigger:\basic_multi_level_mbpm_trigger_gen:multi_level_mbpm                                                                                                        ; work         ;
;                   |lpm_shiftreg:trigger_condition_deserialize|                                          ; 0 (0)             ; 846 (846)    ; 0           ; 0            ; 0       ; 0         ; 0    ; 0            ; |top|sld_signaltap:auto_signaltap_0|sld_signaltap_impl:sld_signaltap_body|sld_signaltap_implb:sld_signaltap_body|sld_ela_control:ela_control|sld_ela_basic_multi_level_trigger:\basic_multi_level_mbpm_trigger_gen:multi_level_mbpm|lpm_shiftreg:trigger_condition_deserialize                                                             ; work         ;
;                   |sld_mbpmg:\trigger_modules_gen:0:trigger_match|                                      ; 564 (0)           ; 564 (0)      ; 0           ; 0            ; 0       ; 0         ; 0    ; 0            ; |top|sld_signaltap:auto_signaltap_0|sld_signaltap_impl:sld_signaltap_body|sld_signaltap_implb:sld_signaltap_body|sld_ela_control:ela_control|sld_ela_basic_multi_level_trigger:\basic_multi_level_mbpm_trigger_gen:multi_level_mbpm|sld_mbpmg:\trigger_modules_gen:0:trigger_match                                                         ; work         ;
;                      |sld_sbpmg:\gen_sbpmg_pipeline_less_than_two:sm0:0:sm1|                            ; 2 (2)             ; 2 (2)        ; 0           ; 0            ; 0       ; 0         ; 0    ; 0            ; |top|sld_signaltap:auto_signaltap_0|sld_signaltap_impl:sld_signaltap_body|sld_signaltap_implb:sld_signaltap_body|sld_ela_control:ela_control|sld_ela_basic_multi_level_trigger:\basic_multi_level_mbpm_trigger_gen:multi_level_mbpm|sld_mbpmg:\trigger_modules_gen:0:trigger_match|sld_sbpmg:\gen_sbpmg_pipeline_less_than_two:sm0:0:sm1   ; work         ;
;                      |sld_sbpmg:\gen_sbpmg_pipeline_less_than_two:sm0:100:sm1|                          ; 2 (2)             ; 2 (2)        ; 0           ; 0            ; 0       ; 0         ; 0    ; 0            ; |top|sld_signaltap:auto_signaltap_0|sld_signaltap_impl:sld_signaltap_body|sld_signaltap_implb:sld_signaltap_body|sld_ela_control:ela_control|sld_ela_basic_multi_level_trigger:\basic_multi_level_mbpm_trigger_gen:multi_level_mbpm|sld_mbpmg:\trigger_modules_gen:0:trigger_match|sld_sbpmg:\gen_sbpmg_pipeline_less_than_two:sm0:100:sm1 ; work         ;
;                      |sld_sbpmg:\gen_sbpmg_pipeline_less_than_two:sm0:101:sm1|                          ; 2 (2)             ; 2 (2)        ; 0           ; 0            ; 0       ; 0         ; 0    ; 0            ; |top|sld_signaltap:auto_signaltap_0|sld_signaltap_impl:sld_signaltap_body|sld_signaltap_implb:sld_signaltap_body|sld_ela_control:ela_control|sld_ela_basic_multi_level_trigger:\basic_multi_level_mbpm_trigger_gen:multi_level_mbpm|sld_mbpmg:\trigger_modules_gen:0:trigger_match|sld_sbpmg:\gen_sbpmg_pipeline_less_than_two:sm0:101:sm1 ; work         ;
;                      |sld_sbpmg:\gen_sbpmg_pipeline_less_than_two:sm0:102:sm1|                          ; 2 (2)             ; 2 (2)        ; 0           ; 0            ; 0       ; 0         ; 0    ; 0            ; |top|sld_signaltap:auto_signaltap_0|sld_signaltap_impl:sld_signaltap_body|sld_signaltap_implb:sld_signaltap_body|sld_ela_control:ela_control|sld_ela_basic_multi_level_trigger:\basic_multi_level_mbpm_trigger_gen:multi_level_mbpm|sld_mbpmg:\trigger_modules_gen:0:trigger_match|sld_sbpmg:\gen_sbpmg_pipeline_less_than_two:sm0:102:sm1 ; work         ;
;                      |sld_sbpmg:\gen_sbpmg_pipeline_less_than_two:sm0:103:sm1|                          ; 2 (2)             ; 2 (2)        ; 0           ; 0            ; 0       ; 0         ; 0    ; 0            ; |top|sld_signaltap:auto_signaltap_0|sld_signaltap_impl:sld_signaltap_body|sld_signaltap_implb:sld_signaltap_body|sld_ela_control:ela_control|sld_ela_basic_multi_level_trigger:\basic_multi_level_mbpm_trigger_gen:multi_level_mbpm|sld_mbpmg:\trigger_modules_gen:0:trigger_match|sld_sbpmg:\gen_sbpmg_pipeline_less_than_two:sm0:103:sm1 ; work         ;
;                      |sld_sbpmg:\gen_sbpmg_pipeline_less_than_two:sm0:104:sm1|                          ; 2 (2)             ; 2 (2)        ; 0           ; 0            ; 0       ; 0         ; 0    ; 0            ; |top|sld_signaltap:auto_signaltap_0|sld_signaltap_impl:sld_signaltap_body|sld_signaltap_implb:sld_signaltap_body|sld_ela_control:ela_control|sld_ela_basic_multi_level_trigger:\basic_multi_level_mbpm_trigger_gen:multi_level_mbpm|sld_mbpmg:\trigger_modules_gen:0:trigger_match|sld_sbpmg:\gen_sbpmg_pipeline_less_than_two:sm0:104:sm1 ; work         ;
;                      |sld_sbpmg:\gen_sbpmg_pipeline_less_than_two:sm0:105:sm1|                          ; 2 (2)             ; 2 (2)        ; 0           ; 0            ; 0       ; 0         ; 0    ; 0            ; |top|sld_signaltap:auto_signaltap_0|sld_signaltap_impl:sld_signaltap_body|sld_signaltap_implb:sld_signaltap_body|sld_ela_control:ela_control|sld_ela_basic_multi_level_trigger:\basic_multi_level_mbpm_trigger_gen:multi_level_mbpm|sld_mbpmg:\trigger_modules_gen:0:trigger_match|sld_sbpmg:\gen_sbpmg_pipeline_less_than_two:sm0:105:sm1 ; work         ;
;                      |sld_sbpmg:\gen_sbpmg_pipeline_less_than_two:sm0:106:sm1|                          ; 2 (2)             ; 2 (2)        ; 0           ; 0            ; 0       ; 0         ; 0    ; 0            ; |top|sld_signaltap:auto_signaltap_0|sld_signaltap_impl:sld_signaltap_body|sld_signaltap_implb:sld_signaltap_body|sld_ela_control:ela_control|sld_ela_basic_multi_level_trigger:\basic_multi_level_mbpm_trigger_gen:multi_level_mbpm|sld_mbpmg:\trigger_modules_gen:0:trigger_match|sld_sbpmg:\gen_sbpmg_pipeline_less_than_two:sm0:106:sm1 ; work         ;
;                      |sld_sbpmg:\gen_sbpmg_pipeline_less_than_two:sm0:107:sm1|                          ; 2 (2)             ; 2 (2)        ; 0           ; 0            ; 0       ; 0         ; 0    ; 0            ; |top|sld_signaltap:auto_signaltap_0|sld_signaltap_impl:sld_signaltap_body|sld_signaltap_implb:sld_signaltap_body|sld_ela_control:ela_control|sld_ela_basic_multi_level_trigger:\basic_multi_level_mbpm_trigger_gen:multi_level_mbpm|sld_mbpmg:\trigger_modules_gen:0:trigger_match|sld_sbpmg:\gen_sbpmg_pipeline_less_than_two:sm0:107:sm1 ; work         ;
;                      |sld_sbpmg:\gen_sbpmg_pipeline_less_than_two:sm0:108:sm1|                          ; 2 (2)             ; 2 (2)        ; 0           ; 0            ; 0       ; 0         ; 0    ; 0            ; |top|sld_signaltap:auto_signaltap_0|sld_signaltap_impl:sld_signaltap_body|sld_signaltap_implb:sld_signaltap_body|sld_ela_control:ela_control|sld_ela_basic_multi_level_trigger:\basic_multi_level_mbpm_trigger_gen:multi_level_mbpm|sld_mbpmg:\trigger_modules_gen:0:trigger_match|sld_sbpmg:\gen_sbpmg_pipeline_less_than_two:sm0:108:sm1 ; work         ;
;                      |sld_sbpmg:\gen_sbpmg_pipeline_less_than_two:sm0:109:sm1|                          ; 2 (2)             ; 2 (2)        ; 0           ; 0            ; 0       ; 0         ; 0    ; 0            ; |top|sld_signaltap:auto_signaltap_0|sld_signaltap_impl:sld_signaltap_body|sld_signaltap_implb:sld_signaltap_body|sld_ela_control:ela_control|sld_ela_basic_multi_level_trigger:\basic_multi_level_mbpm_trigger_gen:multi_level_mbpm|sld_mbpmg:\trigger_modules_gen:0:trigger_match|sld_sbpmg:\gen_sbpmg_pipeline_less_than_two:sm0:109:sm1 ; work         ;
;                      |sld_sbpmg:\gen_sbpmg_pipeline_less_than_two:sm0:10:sm1|                           ; 2 (2)             ; 2 (2)        ; 0           ; 0            ; 0       ; 0         ; 0    ; 0            ; |top|sld_signaltap:auto_signaltap_0|sld_signaltap_impl:sld_signaltap_body|sld_signaltap_implb:sld_signaltap_body|sld_ela_control:ela_control|sld_ela_basic_multi_level_trigger:\basic_multi_level_mbpm_trigger_gen:multi_level_mbpm|sld_mbpmg:\trigger_modules_gen:0:trigger_match|sld_sbpmg:\gen_sbpmg_pipeline_less_than_two:sm0:10:sm1  ; work         ;
;                      |sld_sbpmg:\gen_sbpmg_pipeline_less_than_two:sm0:110:sm1|                          ; 2 (2)             ; 2 (2)        ; 0           ; 0            ; 0       ; 0         ; 0    ; 0            ; |top|sld_signaltap:auto_signaltap_0|sld_signaltap_impl:sld_signaltap_body|sld_signaltap_implb:sld_signaltap_body|sld_ela_control:ela_control|sld_ela_basic_multi_level_trigger:\basic_multi_level_mbpm_trigger_gen:multi_level_mbpm|sld_mbpmg:\trigger_modules_gen:0:trigger_match|sld_sbpmg:\gen_sbpmg_pipeline_less_than_two:sm0:110:sm1 ; work         ;
;                      |sld_sbpmg:\gen_sbpmg_pipeline_less_than_two:sm0:111:sm1|                          ; 2 (2)             ; 2 (2)        ; 0           ; 0            ; 0       ; 0         ; 0    ; 0            ; |top|sld_signaltap:auto_signaltap_0|sld_signaltap_impl:sld_signaltap_body|sld_signaltap_implb:sld_signaltap_body|sld_ela_control:ela_control|sld_ela_basic_multi_level_trigger:\basic_multi_level_mbpm_trigger_gen:multi_level_mbpm|sld_mbpmg:\trigger_modules_gen:0:trigger_match|sld_sbpmg:\gen_sbpmg_pipeline_less_than_two:sm0:111:sm1 ; work         ;
;                      |sld_sbpmg:\gen_sbpmg_pipeline_less_than_two:sm0:112:sm1|                          ; 2 (2)             ; 2 (2)        ; 0           ; 0            ; 0       ; 0         ; 0    ; 0            ; |top|sld_signaltap:auto_signaltap_0|sld_signaltap_impl:sld_signaltap_body|sld_signaltap_implb:sld_signaltap_body|sld_ela_control:ela_control|sld_ela_basic_multi_level_trigger:\basic_multi_level_mbpm_trigger_gen:multi_level_mbpm|sld_mbpmg:\trigger_modules_gen:0:trigger_match|sld_sbpmg:\gen_sbpmg_pipeline_less_than_two:sm0:112:sm1 ; work         ;
;                      |sld_sbpmg:\gen_sbpmg_pipeline_less_than_two:sm0:113:sm1|                          ; 2 (2)             ; 2 (2)        ; 0           ; 0            ; 0       ; 0         ; 0    ; 0            ; |top|sld_signaltap:auto_signaltap_0|sld_signaltap_impl:sld_signaltap_body|sld_signaltap_implb:sld_signaltap_body|sld_ela_control:ela_control|sld_ela_basic_multi_level_trigger:\basic_multi_level_mbpm_trigger_gen:multi_level_mbpm|sld_mbpmg:\trigger_modules_gen:0:trigger_match|sld_sbpmg:\gen_sbpmg_pipeline_less_than_two:sm0:113:sm1 ; work         ;
;                      |sld_sbpmg:\gen_sbpmg_pipeline_less_than_two:sm0:114:sm1|                          ; 2 (2)             ; 2 (2)        ; 0           ; 0            ; 0       ; 0         ; 0    ; 0            ; |top|sld_signaltap:auto_signaltap_0|sld_signaltap_impl:sld_signaltap_body|sld_signaltap_implb:sld_signaltap_body|sld_ela_control:ela_control|sld_ela_basic_multi_level_trigger:\basic_multi_level_mbpm_trigger_gen:multi_level_mbpm|sld_mbpmg:\trigger_modules_gen:0:trigger_match|sld_sbpmg:\gen_sbpmg_pipeline_less_than_two:sm0:114:sm1 ; work         ;
;                      |sld_sbpmg:\gen_sbpmg_pipeline_less_than_two:sm0:115:sm1|                          ; 2 (2)             ; 2 (2)        ; 0           ; 0            ; 0       ; 0         ; 0    ; 0            ; |top|sld_signaltap:auto_signaltap_0|sld_signaltap_impl:sld_signaltap_body|sld_signaltap_implb:sld_signaltap_body|sld_ela_control:ela_control|sld_ela_basic_multi_level_trigger:\basic_multi_level_mbpm_trigger_gen:multi_level_mbpm|sld_mbpmg:\trigger_modules_gen:0:trigger_match|sld_sbpmg:\gen_sbpmg_pipeline_less_than_two:sm0:115:sm1 ; work         ;
;                      |sld_sbpmg:\gen_sbpmg_pipeline_less_than_two:sm0:116:sm1|                          ; 2 (2)             ; 2 (2)        ; 0           ; 0            ; 0       ; 0         ; 0    ; 0            ; |top|sld_signaltap:auto_signaltap_0|sld_signaltap_impl:sld_signaltap_body|sld_signaltap_implb:sld_signaltap_body|sld_ela_control:ela_control|sld_ela_basic_multi_level_trigger:\basic_multi_level_mbpm_trigger_gen:multi_level_mbpm|sld_mbpmg:\trigger_modules_gen:0:trigger_match|sld_sbpmg:\gen_sbpmg_pipeline_less_than_two:sm0:116:sm1 ; work         ;
;                      |sld_sbpmg:\gen_sbpmg_pipeline_less_than_two:sm0:117:sm1|                          ; 2 (2)             ; 2 (2)        ; 0           ; 0            ; 0       ; 0         ; 0    ; 0            ; |top|sld_signaltap:auto_signaltap_0|sld_signaltap_impl:sld_signaltap_body|sld_signaltap_implb:sld_signaltap_body|sld_ela_control:ela_control|sld_ela_basic_multi_level_trigger:\basic_multi_level_mbpm_trigger_gen:multi_level_mbpm|sld_mbpmg:\trigger_modules_gen:0:trigger_match|sld_sbpmg:\gen_sbpmg_pipeline_less_than_two:sm0:117:sm1 ; work         ;
;                      |sld_sbpmg:\gen_sbpmg_pipeline_less_than_two:sm0:118:sm1|                          ; 2 (2)             ; 2 (2)        ; 0           ; 0            ; 0       ; 0         ; 0    ; 0            ; |top|sld_signaltap:auto_signaltap_0|sld_signaltap_impl:sld_signaltap_body|sld_signaltap_implb:sld_signaltap_body|sld_ela_control:ela_control|sld_ela_basic_multi_level_trigger:\basic_multi_level_mbpm_trigger_gen:multi_level_mbpm|sld_mbpmg:\trigger_modules_gen:0:trigger_match|sld_sbpmg:\gen_sbpmg_pipeline_less_than_two:sm0:118:sm1 ; work         ;
;                      |sld_sbpmg:\gen_sbpmg_pipeline_less_than_two:sm0:119:sm1|                          ; 2 (2)             ; 2 (2)        ; 0           ; 0            ; 0       ; 0         ; 0    ; 0            ; |top|sld_signaltap:auto_signaltap_0|sld_signaltap_impl:sld_signaltap_body|sld_signaltap_implb:sld_signaltap_body|sld_ela_control:ela_control|sld_ela_basic_multi_level_trigger:\basic_multi_level_mbpm_trigger_gen:multi_level_mbpm|sld_mbpmg:\trigger_modules_gen:0:trigger_match|sld_sbpmg:\gen_sbpmg_pipeline_less_than_two:sm0:119:sm1 ; work         ;
;                      |sld_sbpmg:\gen_sbpmg_pipeline_less_than_two:sm0:11:sm1|                           ; 2 (2)             ; 2 (2)        ; 0           ; 0            ; 0       ; 0         ; 0    ; 0            ; |top|sld_signaltap:auto_signaltap_0|sld_signaltap_impl:sld_signaltap_body|sld_signaltap_implb:sld_signaltap_body|sld_ela_control:ela_control|sld_ela_basic_multi_level_trigger:\basic_multi_level_mbpm_trigger_gen:multi_level_mbpm|sld_mbpmg:\trigger_modules_gen:0:trigger_match|sld_sbpmg:\gen_sbpmg_pipeline_less_than_two:sm0:11:sm1  ; work         ;
;                      |sld_sbpmg:\gen_sbpmg_pipeline_less_than_two:sm0:120:sm1|                          ; 2 (2)             ; 2 (2)        ; 0           ; 0            ; 0       ; 0         ; 0    ; 0            ; |top|sld_signaltap:auto_signaltap_0|sld_signaltap_impl:sld_signaltap_body|sld_signaltap_implb:sld_signaltap_body|sld_ela_control:ela_control|sld_ela_basic_multi_level_trigger:\basic_multi_level_mbpm_trigger_gen:multi_level_mbpm|sld_mbpmg:\trigger_modules_gen:0:trigger_match|sld_sbpmg:\gen_sbpmg_pipeline_less_than_two:sm0:120:sm1 ; work         ;
;                      |sld_sbpmg:\gen_sbpmg_pipeline_less_than_two:sm0:121:sm1|                          ; 2 (2)             ; 2 (2)        ; 0           ; 0            ; 0       ; 0         ; 0    ; 0            ; |top|sld_signaltap:auto_signaltap_0|sld_signaltap_impl:sld_signaltap_body|sld_signaltap_implb:sld_signaltap_body|sld_ela_control:ela_control|sld_ela_basic_multi_level_trigger:\basic_multi_level_mbpm_trigger_gen:multi_level_mbpm|sld_mbpmg:\trigger_modules_gen:0:trigger_match|sld_sbpmg:\gen_sbpmg_pipeline_less_than_two:sm0:121:sm1 ; work         ;
;                      |sld_sbpmg:\gen_sbpmg_pipeline_less_than_two:sm0:122:sm1|                          ; 2 (2)             ; 2 (2)        ; 0           ; 0            ; 0       ; 0         ; 0    ; 0            ; |top|sld_signaltap:auto_signaltap_0|sld_signaltap_impl:sld_signaltap_body|sld_signaltap_implb:sld_signaltap_body|sld_ela_control:ela_control|sld_ela_basic_multi_level_trigger:\basic_multi_level_mbpm_trigger_gen:multi_level_mbpm|sld_mbpmg:\trigger_modules_gen:0:trigger_match|sld_sbpmg:\gen_sbpmg_pipeline_less_than_two:sm0:122:sm1 ; work         ;
;                      |sld_sbpmg:\gen_sbpmg_pipeline_less_than_two:sm0:123:sm1|                          ; 2 (2)             ; 2 (2)        ; 0           ; 0            ; 0       ; 0         ; 0    ; 0            ; |top|sld_signaltap:auto_signaltap_0|sld_signaltap_impl:sld_signaltap_body|sld_signaltap_implb:sld_signaltap_body|sld_ela_control:ela_control|sld_ela_basic_multi_level_trigger:\basic_multi_level_mbpm_trigger_gen:multi_level_mbpm|sld_mbpmg:\trigger_modules_gen:0:trigger_match|sld_sbpmg:\gen_sbpmg_pipeline_less_than_two:sm0:123:sm1 ; work         ;
;                      |sld_sbpmg:\gen_sbpmg_pipeline_less_than_two:sm0:124:sm1|                          ; 2 (2)             ; 2 (2)        ; 0           ; 0            ; 0       ; 0         ; 0    ; 0            ; |top|sld_signaltap:auto_signaltap_0|sld_signaltap_impl:sld_signaltap_body|sld_signaltap_implb:sld_signaltap_body|sld_ela_control:ela_control|sld_ela_basic_multi_level_trigger:\basic_multi_level_mbpm_trigger_gen:multi_level_mbpm|sld_mbpmg:\trigger_modules_gen:0:trigger_match|sld_sbpmg:\gen_sbpmg_pipeline_less_than_two:sm0:124:sm1 ; work         ;
;                      |sld_sbpmg:\gen_sbpmg_pipeline_less_than_two:sm0:125:sm1|                          ; 2 (2)             ; 2 (2)        ; 0           ; 0            ; 0       ; 0         ; 0    ; 0            ; |top|sld_signaltap:auto_signaltap_0|sld_signaltap_impl:sld_signaltap_body|sld_signaltap_implb:sld_signaltap_body|sld_ela_control:ela_control|sld_ela_basic_multi_level_trigger:\basic_multi_level_mbpm_trigger_gen:multi_level_mbpm|sld_mbpmg:\trigger_modules_gen:0:trigger_match|sld_sbpmg:\gen_sbpmg_pipeline_less_than_two:sm0:125:sm1 ; work         ;
;                      |sld_sbpmg:\gen_sbpmg_pipeline_less_than_two:sm0:126:sm1|                          ; 2 (2)             ; 2 (2)        ; 0           ; 0            ; 0       ; 0         ; 0    ; 0            ; |top|sld_signaltap:auto_signaltap_0|sld_signaltap_impl:sld_signaltap_body|sld_signaltap_implb:sld_signaltap_body|sld_ela_control:ela_control|sld_ela_basic_multi_level_trigger:\basic_multi_level_mbpm_trigger_gen:multi_level_mbpm|sld_mbpmg:\trigger_modules_gen:0:trigger_match|sld_sbpmg:\gen_sbpmg_pipeline_less_than_two:sm0:126:sm1 ; work         ;
;                      |sld_sbpmg:\gen_sbpmg_pipeline_less_than_two:sm0:127:sm1|                          ; 2 (2)             ; 2 (2)        ; 0           ; 0            ; 0       ; 0         ; 0    ; 0            ; |top|sld_signaltap:auto_signaltap_0|sld_signaltap_impl:sld_signaltap_body|sld_signaltap_implb:sld_signaltap_body|sld_ela_control:ela_control|sld_ela_basic_multi_level_trigger:\basic_multi_level_mbpm_trigger_gen:multi_level_mbpm|sld_mbpmg:\trigger_modules_gen:0:trigger_match|sld_sbpmg:\gen_sbpmg_pipeline_less_than_two:sm0:127:sm1 ; work         ;
;                      |sld_sbpmg:\gen_sbpmg_pipeline_less_than_two:sm0:128:sm1|                          ; 2 (2)             ; 2 (2)        ; 0           ; 0            ; 0       ; 0         ; 0    ; 0            ; |top|sld_signaltap:auto_signaltap_0|sld_signaltap_impl:sld_signaltap_body|sld_signaltap_implb:sld_signaltap_body|sld_ela_control:ela_control|sld_ela_basic_multi_level_trigger:\basic_multi_level_mbpm_trigger_gen:multi_level_mbpm|sld_mbpmg:\trigger_modules_gen:0:trigger_match|sld_sbpmg:\gen_sbpmg_pipeline_less_than_two:sm0:128:sm1 ; work         ;
;                      |sld_sbpmg:\gen_sbpmg_pipeline_less_than_two:sm0:129:sm1|                          ; 2 (2)             ; 2 (2)        ; 0           ; 0            ; 0       ; 0         ; 0    ; 0            ; |top|sld_signaltap:auto_signaltap_0|sld_signaltap_impl:sld_signaltap_body|sld_signaltap_implb:sld_signaltap_body|sld_ela_control:ela_control|sld_ela_basic_multi_level_trigger:\basic_multi_level_mbpm_trigger_gen:multi_level_mbpm|sld_mbpmg:\trigger_modules_gen:0:trigger_match|sld_sbpmg:\gen_sbpmg_pipeline_less_than_two:sm0:129:sm1 ; work         ;
;                      |sld_sbpmg:\gen_sbpmg_pipeline_less_than_two:sm0:12:sm1|                           ; 2 (2)             ; 2 (2)        ; 0           ; 0            ; 0       ; 0         ; 0    ; 0            ; |top|sld_signaltap:auto_signaltap_0|sld_signaltap_impl:sld_signaltap_body|sld_signaltap_implb:sld_signaltap_body|sld_ela_control:ela_control|sld_ela_basic_multi_level_trigger:\basic_multi_level_mbpm_trigger_gen:multi_level_mbpm|sld_mbpmg:\trigger_modules_gen:0:trigger_match|sld_sbpmg:\gen_sbpmg_pipeline_less_than_two:sm0:12:sm1  ; work         ;
;                      |sld_sbpmg:\gen_sbpmg_pipeline_less_than_two:sm0:130:sm1|                          ; 2 (2)             ; 2 (2)        ; 0           ; 0            ; 0       ; 0         ; 0    ; 0            ; |top|sld_signaltap:auto_signaltap_0|sld_signaltap_impl:sld_signaltap_body|sld_signaltap_implb:sld_signaltap_body|sld_ela_control:ela_control|sld_ela_basic_multi_level_trigger:\basic_multi_level_mbpm_trigger_gen:multi_level_mbpm|sld_mbpmg:\trigger_modules_gen:0:trigger_match|sld_sbpmg:\gen_sbpmg_pipeline_less_than_two:sm0:130:sm1 ; work         ;
;                      |sld_sbpmg:\gen_sbpmg_pipeline_less_than_two:sm0:131:sm1|                          ; 2 (2)             ; 2 (2)        ; 0           ; 0            ; 0       ; 0         ; 0    ; 0            ; |top|sld_signaltap:auto_signaltap_0|sld_signaltap_impl:sld_signaltap_body|sld_signaltap_implb:sld_signaltap_body|sld_ela_control:ela_control|sld_ela_basic_multi_level_trigger:\basic_multi_level_mbpm_trigger_gen:multi_level_mbpm|sld_mbpmg:\trigger_modules_gen:0:trigger_match|sld_sbpmg:\gen_sbpmg_pipeline_less_than_two:sm0:131:sm1 ; work         ;
;                      |sld_sbpmg:\gen_sbpmg_pipeline_less_than_two:sm0:132:sm1|                          ; 2 (2)             ; 2 (2)        ; 0           ; 0            ; 0       ; 0         ; 0    ; 0            ; |top|sld_signaltap:auto_signaltap_0|sld_signaltap_impl:sld_signaltap_body|sld_signaltap_implb:sld_signaltap_body|sld_ela_control:ela_control|sld_ela_basic_multi_level_trigger:\basic_multi_level_mbpm_trigger_gen:multi_level_mbpm|sld_mbpmg:\trigger_modules_gen:0:trigger_match|sld_sbpmg:\gen_sbpmg_pipeline_less_than_two:sm0:132:sm1 ; work         ;
;                      |sld_sbpmg:\gen_sbpmg_pipeline_less_than_two:sm0:133:sm1|                          ; 2 (2)             ; 2 (2)        ; 0           ; 0            ; 0       ; 0         ; 0    ; 0            ; |top|sld_signaltap:auto_signaltap_0|sld_signaltap_impl:sld_signaltap_body|sld_signaltap_implb:sld_signaltap_body|sld_ela_control:ela_control|sld_ela_basic_multi_level_trigger:\basic_multi_level_mbpm_trigger_gen:multi_level_mbpm|sld_mbpmg:\trigger_modules_gen:0:trigger_match|sld_sbpmg:\gen_sbpmg_pipeline_less_than_two:sm0:133:sm1 ; work         ;
;                      |sld_sbpmg:\gen_sbpmg_pipeline_less_than_two:sm0:134:sm1|                          ; 2 (2)             ; 2 (2)        ; 0           ; 0            ; 0       ; 0         ; 0    ; 0            ; |top|sld_signaltap:auto_signaltap_0|sld_signaltap_impl:sld_signaltap_body|sld_signaltap_implb:sld_signaltap_body|sld_ela_control:ela_control|sld_ela_basic_multi_level_trigger:\basic_multi_level_mbpm_trigger_gen:multi_level_mbpm|sld_mbpmg:\trigger_modules_gen:0:trigger_match|sld_sbpmg:\gen_sbpmg_pipeline_less_than_two:sm0:134:sm1 ; work         ;
;                      |sld_sbpmg:\gen_sbpmg_pipeline_less_than_two:sm0:135:sm1|                          ; 2 (2)             ; 2 (2)        ; 0           ; 0            ; 0       ; 0         ; 0    ; 0            ; |top|sld_signaltap:auto_signaltap_0|sld_signaltap_impl:sld_signaltap_body|sld_signaltap_implb:sld_signaltap_body|sld_ela_control:ela_control|sld_ela_basic_multi_level_trigger:\basic_multi_level_mbpm_trigger_gen:multi_level_mbpm|sld_mbpmg:\trigger_modules_gen:0:trigger_match|sld_sbpmg:\gen_sbpmg_pipeline_less_than_two:sm0:135:sm1 ; work         ;
;                      |sld_sbpmg:\gen_sbpmg_pipeline_less_than_two:sm0:136:sm1|                          ; 2 (2)             ; 2 (2)        ; 0           ; 0            ; 0       ; 0         ; 0    ; 0            ; |top|sld_signaltap:auto_signaltap_0|sld_signaltap_impl:sld_signaltap_body|sld_signaltap_implb:sld_signaltap_body|sld_ela_control:ela_control|sld_ela_basic_multi_level_trigger:\basic_multi_level_mbpm_trigger_gen:multi_level_mbpm|sld_mbpmg:\trigger_modules_gen:0:trigger_match|sld_sbpmg:\gen_sbpmg_pipeline_less_than_two:sm0:136:sm1 ; work         ;
;                      |sld_sbpmg:\gen_sbpmg_pipeline_less_than_two:sm0:137:sm1|                          ; 2 (2)             ; 2 (2)        ; 0           ; 0            ; 0       ; 0         ; 0    ; 0            ; |top|sld_signaltap:auto_signaltap_0|sld_signaltap_impl:sld_signaltap_body|sld_signaltap_implb:sld_signaltap_body|sld_ela_control:ela_control|sld_ela_basic_multi_level_trigger:\basic_multi_level_mbpm_trigger_gen:multi_level_mbpm|sld_mbpmg:\trigger_modules_gen:0:trigger_match|sld_sbpmg:\gen_sbpmg_pipeline_less_than_two:sm0:137:sm1 ; work         ;
;                      |sld_sbpmg:\gen_sbpmg_pipeline_less_than_two:sm0:138:sm1|                          ; 2 (2)             ; 2 (2)        ; 0           ; 0            ; 0       ; 0         ; 0    ; 0            ; |top|sld_signaltap:auto_signaltap_0|sld_signaltap_impl:sld_signaltap_body|sld_signaltap_implb:sld_signaltap_body|sld_ela_control:ela_control|sld_ela_basic_multi_level_trigger:\basic_multi_level_mbpm_trigger_gen:multi_level_mbpm|sld_mbpmg:\trigger_modules_gen:0:trigger_match|sld_sbpmg:\gen_sbpmg_pipeline_less_than_two:sm0:138:sm1 ; work         ;
;                      |sld_sbpmg:\gen_sbpmg_pipeline_less_than_two:sm0:139:sm1|                          ; 2 (2)             ; 2 (2)        ; 0           ; 0            ; 0       ; 0         ; 0    ; 0            ; |top|sld_signaltap:auto_signaltap_0|sld_signaltap_impl:sld_signaltap_body|sld_signaltap_implb:sld_signaltap_body|sld_ela_control:ela_control|sld_ela_basic_multi_level_trigger:\basic_multi_level_mbpm_trigger_gen:multi_level_mbpm|sld_mbpmg:\trigger_modules_gen:0:trigger_match|sld_sbpmg:\gen_sbpmg_pipeline_less_than_two:sm0:139:sm1 ; work         ;
;                      |sld_sbpmg:\gen_sbpmg_pipeline_less_than_two:sm0:13:sm1|                           ; 2 (2)             ; 2 (2)        ; 0           ; 0            ; 0       ; 0         ; 0    ; 0            ; |top|sld_signaltap:auto_signaltap_0|sld_signaltap_impl:sld_signaltap_body|sld_signaltap_implb:sld_signaltap_body|sld_ela_control:ela_control|sld_ela_basic_multi_level_trigger:\basic_multi_level_mbpm_trigger_gen:multi_level_mbpm|sld_mbpmg:\trigger_modules_gen:0:trigger_match|sld_sbpmg:\gen_sbpmg_pipeline_less_than_two:sm0:13:sm1  ; work         ;
;                      |sld_sbpmg:\gen_sbpmg_pipeline_less_than_two:sm0:140:sm1|                          ; 2 (2)             ; 2 (2)        ; 0           ; 0            ; 0       ; 0         ; 0    ; 0            ; |top|sld_signaltap:auto_signaltap_0|sld_signaltap_impl:sld_signaltap_body|sld_signaltap_implb:sld_signaltap_body|sld_ela_control:ela_control|sld_ela_basic_multi_level_trigger:\basic_multi_level_mbpm_trigger_gen:multi_level_mbpm|sld_mbpmg:\trigger_modules_gen:0:trigger_match|sld_sbpmg:\gen_sbpmg_pipeline_less_than_two:sm0:140:sm1 ; work         ;
;                      |sld_sbpmg:\gen_sbpmg_pipeline_less_than_two:sm0:141:sm1|                          ; 2 (2)             ; 2 (2)        ; 0           ; 0            ; 0       ; 0         ; 0    ; 0            ; |top|sld_signaltap:auto_signaltap_0|sld_signaltap_impl:sld_signaltap_body|sld_signaltap_implb:sld_signaltap_body|sld_ela_control:ela_control|sld_ela_basic_multi_level_trigger:\basic_multi_level_mbpm_trigger_gen:multi_level_mbpm|sld_mbpmg:\trigger_modules_gen:0:trigger_match|sld_sbpmg:\gen_sbpmg_pipeline_less_than_two:sm0:141:sm1 ; work         ;
;                      |sld_sbpmg:\gen_sbpmg_pipeline_less_than_two:sm0:142:sm1|                          ; 2 (2)             ; 2 (2)        ; 0           ; 0            ; 0       ; 0         ; 0    ; 0            ; |top|sld_signaltap:auto_signaltap_0|sld_signaltap_impl:sld_signaltap_body|sld_signaltap_implb:sld_signaltap_body|sld_ela_control:ela_control|sld_ela_basic_multi_level_trigger:\basic_multi_level_mbpm_trigger_gen:multi_level_mbpm|sld_mbpmg:\trigger_modules_gen:0:trigger_match|sld_sbpmg:\gen_sbpmg_pipeline_less_than_two:sm0:142:sm1 ; work         ;
;                      |sld_sbpmg:\gen_sbpmg_pipeline_less_than_two:sm0:143:sm1|                          ; 2 (2)             ; 2 (2)        ; 0           ; 0            ; 0       ; 0         ; 0    ; 0            ; |top|sld_signaltap:auto_signaltap_0|sld_signaltap_impl:sld_signaltap_body|sld_signaltap_implb:sld_signaltap_body|sld_ela_control:ela_control|sld_ela_basic_multi_level_trigger:\basic_multi_level_mbpm_trigger_gen:multi_level_mbpm|sld_mbpmg:\trigger_modules_gen:0:trigger_match|sld_sbpmg:\gen_sbpmg_pipeline_less_than_two:sm0:143:sm1 ; work         ;
;                      |sld_sbpmg:\gen_sbpmg_pipeline_less_than_two:sm0:144:sm1|                          ; 2 (2)             ; 2 (2)        ; 0           ; 0            ; 0       ; 0         ; 0    ; 0            ; |top|sld_signaltap:auto_signaltap_0|sld_signaltap_impl:sld_signaltap_body|sld_signaltap_implb:sld_signaltap_body|sld_ela_control:ela_control|sld_ela_basic_multi_level_trigger:\basic_multi_level_mbpm_trigger_gen:multi_level_mbpm|sld_mbpmg:\trigger_modules_gen:0:trigger_match|sld_sbpmg:\gen_sbpmg_pipeline_less_than_two:sm0:144:sm1 ; work         ;
;                      |sld_sbpmg:\gen_sbpmg_pipeline_less_than_two:sm0:145:sm1|                          ; 2 (2)             ; 2 (2)        ; 0           ; 0            ; 0       ; 0         ; 0    ; 0            ; |top|sld_signaltap:auto_signaltap_0|sld_signaltap_impl:sld_signaltap_body|sld_signaltap_implb:sld_signaltap_body|sld_ela_control:ela_control|sld_ela_basic_multi_level_trigger:\basic_multi_level_mbpm_trigger_gen:multi_level_mbpm|sld_mbpmg:\trigger_modules_gen:0:trigger_match|sld_sbpmg:\gen_sbpmg_pipeline_less_than_two:sm0:145:sm1 ; work         ;
;                      |sld_sbpmg:\gen_sbpmg_pipeline_less_than_two:sm0:146:sm1|                          ; 2 (2)             ; 2 (2)        ; 0           ; 0            ; 0       ; 0         ; 0    ; 0            ; |top|sld_signaltap:auto_signaltap_0|sld_signaltap_impl:sld_signaltap_body|sld_signaltap_implb:sld_signaltap_body|sld_ela_control:ela_control|sld_ela_basic_multi_level_trigger:\basic_multi_level_mbpm_trigger_gen:multi_level_mbpm|sld_mbpmg:\trigger_modules_gen:0:trigger_match|sld_sbpmg:\gen_sbpmg_pipeline_less_than_two:sm0:146:sm1 ; work         ;
;                      |sld_sbpmg:\gen_sbpmg_pipeline_less_than_two:sm0:147:sm1|                          ; 2 (2)             ; 2 (2)        ; 0           ; 0            ; 0       ; 0         ; 0    ; 0            ; |top|sld_signaltap:auto_signaltap_0|sld_signaltap_impl:sld_signaltap_body|sld_signaltap_implb:sld_signaltap_body|sld_ela_control:ela_control|sld_ela_basic_multi_level_trigger:\basic_multi_level_mbpm_trigger_gen:multi_level_mbpm|sld_mbpmg:\trigger_modules_gen:0:trigger_match|sld_sbpmg:\gen_sbpmg_pipeline_less_than_two:sm0:147:sm1 ; work         ;
;                      |sld_sbpmg:\gen_sbpmg_pipeline_less_than_two:sm0:148:sm1|                          ; 2 (2)             ; 2 (2)        ; 0           ; 0            ; 0       ; 0         ; 0    ; 0            ; |top|sld_signaltap:auto_signaltap_0|sld_signaltap_impl:sld_signaltap_body|sld_signaltap_implb:sld_signaltap_body|sld_ela_control:ela_control|sld_ela_basic_multi_level_trigger:\basic_multi_level_mbpm_trigger_gen:multi_level_mbpm|sld_mbpmg:\trigger_modules_gen:0:trigger_match|sld_sbpmg:\gen_sbpmg_pipeline_less_than_two:sm0:148:sm1 ; work         ;
;                      |sld_sbpmg:\gen_sbpmg_pipeline_less_than_two:sm0:149:sm1|                          ; 2 (2)             ; 2 (2)        ; 0           ; 0            ; 0       ; 0         ; 0    ; 0            ; |top|sld_signaltap:auto_signaltap_0|sld_signaltap_impl:sld_signaltap_body|sld_signaltap_implb:sld_signaltap_body|sld_ela_control:ela_control|sld_ela_basic_multi_level_trigger:\basic_multi_level_mbpm_trigger_gen:multi_level_mbpm|sld_mbpmg:\trigger_modules_gen:0:trigger_match|sld_sbpmg:\gen_sbpmg_pipeline_less_than_two:sm0:149:sm1 ; work         ;
;                      |sld_sbpmg:\gen_sbpmg_pipeline_less_than_two:sm0:14:sm1|                           ; 2 (2)             ; 2 (2)        ; 0           ; 0            ; 0       ; 0         ; 0    ; 0            ; |top|sld_signaltap:auto_signaltap_0|sld_signaltap_impl:sld_signaltap_body|sld_signaltap_implb:sld_signaltap_body|sld_ela_control:ela_control|sld_ela_basic_multi_level_trigger:\basic_multi_level_mbpm_trigger_gen:multi_level_mbpm|sld_mbpmg:\trigger_modules_gen:0:trigger_match|sld_sbpmg:\gen_sbpmg_pipeline_less_than_two:sm0:14:sm1  ; work         ;
;                      |sld_sbpmg:\gen_sbpmg_pipeline_less_than_two:sm0:150:sm1|                          ; 2 (2)             ; 2 (2)        ; 0           ; 0            ; 0       ; 0         ; 0    ; 0            ; |top|sld_signaltap:auto_signaltap_0|sld_signaltap_impl:sld_signaltap_body|sld_signaltap_implb:sld_signaltap_body|sld_ela_control:ela_control|sld_ela_basic_multi_level_trigger:\basic_multi_level_mbpm_trigger_gen:multi_level_mbpm|sld_mbpmg:\trigger_modules_gen:0:trigger_match|sld_sbpmg:\gen_sbpmg_pipeline_less_than_two:sm0:150:sm1 ; work         ;
;                      |sld_sbpmg:\gen_sbpmg_pipeline_less_than_two:sm0:151:sm1|                          ; 2 (2)             ; 2 (2)        ; 0           ; 0            ; 0       ; 0         ; 0    ; 0            ; |top|sld_signaltap:auto_signaltap_0|sld_signaltap_impl:sld_signaltap_body|sld_signaltap_implb:sld_signaltap_body|sld_ela_control:ela_control|sld_ela_basic_multi_level_trigger:\basic_multi_level_mbpm_trigger_gen:multi_level_mbpm|sld_mbpmg:\trigger_modules_gen:0:trigger_match|sld_sbpmg:\gen_sbpmg_pipeline_less_than_two:sm0:151:sm1 ; work         ;
;                      |sld_sbpmg:\gen_sbpmg_pipeline_less_than_two:sm0:152:sm1|                          ; 2 (2)             ; 2 (2)        ; 0           ; 0            ; 0       ; 0         ; 0    ; 0            ; |top|sld_signaltap:auto_signaltap_0|sld_signaltap_impl:sld_signaltap_body|sld_signaltap_implb:sld_signaltap_body|sld_ela_control:ela_control|sld_ela_basic_multi_level_trigger:\basic_multi_level_mbpm_trigger_gen:multi_level_mbpm|sld_mbpmg:\trigger_modules_gen:0:trigger_match|sld_sbpmg:\gen_sbpmg_pipeline_less_than_two:sm0:152:sm1 ; work         ;
;                      |sld_sbpmg:\gen_sbpmg_pipeline_less_than_two:sm0:153:sm1|                          ; 2 (2)             ; 2 (2)        ; 0           ; 0            ; 0       ; 0         ; 0    ; 0            ; |top|sld_signaltap:auto_signaltap_0|sld_signaltap_impl:sld_signaltap_body|sld_signaltap_implb:sld_signaltap_body|sld_ela_control:ela_control|sld_ela_basic_multi_level_trigger:\basic_multi_level_mbpm_trigger_gen:multi_level_mbpm|sld_mbpmg:\trigger_modules_gen:0:trigger_match|sld_sbpmg:\gen_sbpmg_pipeline_less_than_two:sm0:153:sm1 ; work         ;
;                      |sld_sbpmg:\gen_sbpmg_pipeline_less_than_two:sm0:154:sm1|                          ; 2 (2)             ; 2 (2)        ; 0           ; 0            ; 0       ; 0         ; 0    ; 0            ; |top|sld_signaltap:auto_signaltap_0|sld_signaltap_impl:sld_signaltap_body|sld_signaltap_implb:sld_signaltap_body|sld_ela_control:ela_control|sld_ela_basic_multi_level_trigger:\basic_multi_level_mbpm_trigger_gen:multi_level_mbpm|sld_mbpmg:\trigger_modules_gen:0:trigger_match|sld_sbpmg:\gen_sbpmg_pipeline_less_than_two:sm0:154:sm1 ; work         ;
;                      |sld_sbpmg:\gen_sbpmg_pipeline_less_than_two:sm0:155:sm1|                          ; 2 (2)             ; 2 (2)        ; 0           ; 0            ; 0       ; 0         ; 0    ; 0            ; |top|sld_signaltap:auto_signaltap_0|sld_signaltap_impl:sld_signaltap_body|sld_signaltap_implb:sld_signaltap_body|sld_ela_control:ela_control|sld_ela_basic_multi_level_trigger:\basic_multi_level_mbpm_trigger_gen:multi_level_mbpm|sld_mbpmg:\trigger_modules_gen:0:trigger_match|sld_sbpmg:\gen_sbpmg_pipeline_less_than_two:sm0:155:sm1 ; work         ;
;                      |sld_sbpmg:\gen_sbpmg_pipeline_less_than_two:sm0:156:sm1|                          ; 2 (2)             ; 2 (2)        ; 0           ; 0            ; 0       ; 0         ; 0    ; 0            ; |top|sld_signaltap:auto_signaltap_0|sld_signaltap_impl:sld_signaltap_body|sld_signaltap_implb:sld_signaltap_body|sld_ela_control:ela_control|sld_ela_basic_multi_level_trigger:\basic_multi_level_mbpm_trigger_gen:multi_level_mbpm|sld_mbpmg:\trigger_modules_gen:0:trigger_match|sld_sbpmg:\gen_sbpmg_pipeline_less_than_two:sm0:156:sm1 ; work         ;
;                      |sld_sbpmg:\gen_sbpmg_pipeline_less_than_two:sm0:157:sm1|                          ; 2 (2)             ; 2 (2)        ; 0           ; 0            ; 0       ; 0         ; 0    ; 0            ; |top|sld_signaltap:auto_signaltap_0|sld_signaltap_impl:sld_signaltap_body|sld_signaltap_implb:sld_signaltap_body|sld_ela_control:ela_control|sld_ela_basic_multi_level_trigger:\basic_multi_level_mbpm_trigger_gen:multi_level_mbpm|sld_mbpmg:\trigger_modules_gen:0:trigger_match|sld_sbpmg:\gen_sbpmg_pipeline_less_than_two:sm0:157:sm1 ; work         ;
;                      |sld_sbpmg:\gen_sbpmg_pipeline_less_than_two:sm0:158:sm1|                          ; 2 (2)             ; 2 (2)        ; 0           ; 0            ; 0       ; 0         ; 0    ; 0            ; |top|sld_signaltap:auto_signaltap_0|sld_signaltap_impl:sld_signaltap_body|sld_signaltap_implb:sld_signaltap_body|sld_ela_control:ela_control|sld_ela_basic_multi_level_trigger:\basic_multi_level_mbpm_trigger_gen:multi_level_mbpm|sld_mbpmg:\trigger_modules_gen:0:trigger_match|sld_sbpmg:\gen_sbpmg_pipeline_less_than_two:sm0:158:sm1 ; work         ;
;                      |sld_sbpmg:\gen_sbpmg_pipeline_less_than_two:sm0:159:sm1|                          ; 2 (2)             ; 2 (2)        ; 0           ; 0            ; 0       ; 0         ; 0    ; 0            ; |top|sld_signaltap:auto_signaltap_0|sld_signaltap_impl:sld_signaltap_body|sld_signaltap_implb:sld_signaltap_body|sld_ela_control:ela_control|sld_ela_basic_multi_level_trigger:\basic_multi_level_mbpm_trigger_gen:multi_level_mbpm|sld_mbpmg:\trigger_modules_gen:0:trigger_match|sld_sbpmg:\gen_sbpmg_pipeline_less_than_two:sm0:159:sm1 ; work         ;
;                      |sld_sbpmg:\gen_sbpmg_pipeline_less_than_two:sm0:15:sm1|                           ; 2 (2)             ; 2 (2)        ; 0           ; 0            ; 0       ; 0         ; 0    ; 0            ; |top|sld_signaltap:auto_signaltap_0|sld_signaltap_impl:sld_signaltap_body|sld_signaltap_implb:sld_signaltap_body|sld_ela_control:ela_control|sld_ela_basic_multi_level_trigger:\basic_multi_level_mbpm_trigger_gen:multi_level_mbpm|sld_mbpmg:\trigger_modules_gen:0:trigger_match|sld_sbpmg:\gen_sbpmg_pipeline_less_than_two:sm0:15:sm1  ; work         ;
;                      |sld_sbpmg:\gen_sbpmg_pipeline_less_than_two:sm0:160:sm1|                          ; 2 (2)             ; 2 (2)        ; 0           ; 0            ; 0       ; 0         ; 0    ; 0            ; |top|sld_signaltap:auto_signaltap_0|sld_signaltap_impl:sld_signaltap_body|sld_signaltap_implb:sld_signaltap_body|sld_ela_control:ela_control|sld_ela_basic_multi_level_trigger:\basic_multi_level_mbpm_trigger_gen:multi_level_mbpm|sld_mbpmg:\trigger_modules_gen:0:trigger_match|sld_sbpmg:\gen_sbpmg_pipeline_less_than_two:sm0:160:sm1 ; work         ;
;                      |sld_sbpmg:\gen_sbpmg_pipeline_less_than_two:sm0:161:sm1|                          ; 2 (2)             ; 2 (2)        ; 0           ; 0            ; 0       ; 0         ; 0    ; 0            ; |top|sld_signaltap:auto_signaltap_0|sld_signaltap_impl:sld_signaltap_body|sld_signaltap_implb:sld_signaltap_body|sld_ela_control:ela_control|sld_ela_basic_multi_level_trigger:\basic_multi_level_mbpm_trigger_gen:multi_level_mbpm|sld_mbpmg:\trigger_modules_gen:0:trigger_match|sld_sbpmg:\gen_sbpmg_pipeline_less_than_two:sm0:161:sm1 ; work         ;
;                      |sld_sbpmg:\gen_sbpmg_pipeline_less_than_two:sm0:162:sm1|                          ; 2 (2)             ; 2 (2)        ; 0           ; 0            ; 0       ; 0         ; 0    ; 0            ; |top|sld_signaltap:auto_signaltap_0|sld_signaltap_impl:sld_signaltap_body|sld_signaltap_implb:sld_signaltap_body|sld_ela_control:ela_control|sld_ela_basic_multi_level_trigger:\basic_multi_level_mbpm_trigger_gen:multi_level_mbpm|sld_mbpmg:\trigger_modules_gen:0:trigger_match|sld_sbpmg:\gen_sbpmg_pipeline_less_than_two:sm0:162:sm1 ; work         ;
;                      |sld_sbpmg:\gen_sbpmg_pipeline_less_than_two:sm0:163:sm1|                          ; 2 (2)             ; 2 (2)        ; 0           ; 0            ; 0       ; 0         ; 0    ; 0            ; |top|sld_signaltap:auto_signaltap_0|sld_signaltap_impl:sld_signaltap_body|sld_signaltap_implb:sld_signaltap_body|sld_ela_control:ela_control|sld_ela_basic_multi_level_trigger:\basic_multi_level_mbpm_trigger_gen:multi_level_mbpm|sld_mbpmg:\trigger_modules_gen:0:trigger_match|sld_sbpmg:\gen_sbpmg_pipeline_less_than_two:sm0:163:sm1 ; work         ;
;                      |sld_sbpmg:\gen_sbpmg_pipeline_less_than_two:sm0:164:sm1|                          ; 2 (2)             ; 2 (2)        ; 0           ; 0            ; 0       ; 0         ; 0    ; 0            ; |top|sld_signaltap:auto_signaltap_0|sld_signaltap_impl:sld_signaltap_body|sld_signaltap_implb:sld_signaltap_body|sld_ela_control:ela_control|sld_ela_basic_multi_level_trigger:\basic_multi_level_mbpm_trigger_gen:multi_level_mbpm|sld_mbpmg:\trigger_modules_gen:0:trigger_match|sld_sbpmg:\gen_sbpmg_pipeline_less_than_two:sm0:164:sm1 ; work         ;
;                      |sld_sbpmg:\gen_sbpmg_pipeline_less_than_two:sm0:165:sm1|                          ; 2 (2)             ; 2 (2)        ; 0           ; 0            ; 0       ; 0         ; 0    ; 0            ; |top|sld_signaltap:auto_signaltap_0|sld_signaltap_impl:sld_signaltap_body|sld_signaltap_implb:sld_signaltap_body|sld_ela_control:ela_control|sld_ela_basic_multi_level_trigger:\basic_multi_level_mbpm_trigger_gen:multi_level_mbpm|sld_mbpmg:\trigger_modules_gen:0:trigger_match|sld_sbpmg:\gen_sbpmg_pipeline_less_than_two:sm0:165:sm1 ; work         ;
;                      |sld_sbpmg:\gen_sbpmg_pipeline_less_than_two:sm0:166:sm1|                          ; 2 (2)             ; 2 (2)        ; 0           ; 0            ; 0       ; 0         ; 0    ; 0            ; |top|sld_signaltap:auto_signaltap_0|sld_signaltap_impl:sld_signaltap_body|sld_signaltap_implb:sld_signaltap_body|sld_ela_control:ela_control|sld_ela_basic_multi_level_trigger:\basic_multi_level_mbpm_trigger_gen:multi_level_mbpm|sld_mbpmg:\trigger_modules_gen:0:trigger_match|sld_sbpmg:\gen_sbpmg_pipeline_less_than_two:sm0:166:sm1 ; work         ;
;                      |sld_sbpmg:\gen_sbpmg_pipeline_less_than_two:sm0:167:sm1|                          ; 2 (2)             ; 2 (2)        ; 0           ; 0            ; 0       ; 0         ; 0    ; 0            ; |top|sld_signaltap:auto_signaltap_0|sld_signaltap_impl:sld_signaltap_body|sld_signaltap_implb:sld_signaltap_body|sld_ela_control:ela_control|sld_ela_basic_multi_level_trigger:\basic_multi_level_mbpm_trigger_gen:multi_level_mbpm|sld_mbpmg:\trigger_modules_gen:0:trigger_match|sld_sbpmg:\gen_sbpmg_pipeline_less_than_two:sm0:167:sm1 ; work         ;
;                      |sld_sbpmg:\gen_sbpmg_pipeline_less_than_two:sm0:168:sm1|                          ; 2 (2)             ; 2 (2)        ; 0           ; 0            ; 0       ; 0         ; 0    ; 0            ; |top|sld_signaltap:auto_signaltap_0|sld_signaltap_impl:sld_signaltap_body|sld_signaltap_implb:sld_signaltap_body|sld_ela_control:ela_control|sld_ela_basic_multi_level_trigger:\basic_multi_level_mbpm_trigger_gen:multi_level_mbpm|sld_mbpmg:\trigger_modules_gen:0:trigger_match|sld_sbpmg:\gen_sbpmg_pipeline_less_than_two:sm0:168:sm1 ; work         ;
;                      |sld_sbpmg:\gen_sbpmg_pipeline_less_than_two:sm0:169:sm1|                          ; 2 (2)             ; 2 (2)        ; 0           ; 0            ; 0       ; 0         ; 0    ; 0            ; |top|sld_signaltap:auto_signaltap_0|sld_signaltap_impl:sld_signaltap_body|sld_signaltap_implb:sld_signaltap_body|sld_ela_control:ela_control|sld_ela_basic_multi_level_trigger:\basic_multi_level_mbpm_trigger_gen:multi_level_mbpm|sld_mbpmg:\trigger_modules_gen:0:trigger_match|sld_sbpmg:\gen_sbpmg_pipeline_less_than_two:sm0:169:sm1 ; work         ;
;                      |sld_sbpmg:\gen_sbpmg_pipeline_less_than_two:sm0:16:sm1|                           ; 2 (2)             ; 2 (2)        ; 0           ; 0            ; 0       ; 0         ; 0    ; 0            ; |top|sld_signaltap:auto_signaltap_0|sld_signaltap_impl:sld_signaltap_body|sld_signaltap_implb:sld_signaltap_body|sld_ela_control:ela_control|sld_ela_basic_multi_level_trigger:\basic_multi_level_mbpm_trigger_gen:multi_level_mbpm|sld_mbpmg:\trigger_modules_gen:0:trigger_match|sld_sbpmg:\gen_sbpmg_pipeline_less_than_two:sm0:16:sm1  ; work         ;
;                      |sld_sbpmg:\gen_sbpmg_pipeline_less_than_two:sm0:170:sm1|                          ; 2 (2)             ; 2 (2)        ; 0           ; 0            ; 0       ; 0         ; 0    ; 0            ; |top|sld_signaltap:auto_signaltap_0|sld_signaltap_impl:sld_signaltap_body|sld_signaltap_implb:sld_signaltap_body|sld_ela_control:ela_control|sld_ela_basic_multi_level_trigger:\basic_multi_level_mbpm_trigger_gen:multi_level_mbpm|sld_mbpmg:\trigger_modules_gen:0:trigger_match|sld_sbpmg:\gen_sbpmg_pipeline_less_than_two:sm0:170:sm1 ; work         ;
;                      |sld_sbpmg:\gen_sbpmg_pipeline_less_than_two:sm0:171:sm1|                          ; 2 (2)             ; 2 (2)        ; 0           ; 0            ; 0       ; 0         ; 0    ; 0            ; |top|sld_signaltap:auto_signaltap_0|sld_signaltap_impl:sld_signaltap_body|sld_signaltap_implb:sld_signaltap_body|sld_ela_control:ela_control|sld_ela_basic_multi_level_trigger:\basic_multi_level_mbpm_trigger_gen:multi_level_mbpm|sld_mbpmg:\trigger_modules_gen:0:trigger_match|sld_sbpmg:\gen_sbpmg_pipeline_less_than_two:sm0:171:sm1 ; work         ;
;                      |sld_sbpmg:\gen_sbpmg_pipeline_less_than_two:sm0:172:sm1|                          ; 2 (2)             ; 2 (2)        ; 0           ; 0            ; 0       ; 0         ; 0    ; 0            ; |top|sld_signaltap:auto_signaltap_0|sld_signaltap_impl:sld_signaltap_body|sld_signaltap_implb:sld_signaltap_body|sld_ela_control:ela_control|sld_ela_basic_multi_level_trigger:\basic_multi_level_mbpm_trigger_gen:multi_level_mbpm|sld_mbpmg:\trigger_modules_gen:0:trigger_match|sld_sbpmg:\gen_sbpmg_pipeline_less_than_two:sm0:172:sm1 ; work         ;
;                      |sld_sbpmg:\gen_sbpmg_pipeline_less_than_two:sm0:173:sm1|                          ; 2 (2)             ; 2 (2)        ; 0           ; 0            ; 0       ; 0         ; 0    ; 0            ; |top|sld_signaltap:auto_signaltap_0|sld_signaltap_impl:sld_signaltap_body|sld_signaltap_implb:sld_signaltap_body|sld_ela_control:ela_control|sld_ela_basic_multi_level_trigger:\basic_multi_level_mbpm_trigger_gen:multi_level_mbpm|sld_mbpmg:\trigger_modules_gen:0:trigger_match|sld_sbpmg:\gen_sbpmg_pipeline_less_than_two:sm0:173:sm1 ; work         ;
;                      |sld_sbpmg:\gen_sbpmg_pipeline_less_than_two:sm0:174:sm1|                          ; 2 (2)             ; 2 (2)        ; 0           ; 0            ; 0       ; 0         ; 0    ; 0            ; |top|sld_signaltap:auto_signaltap_0|sld_signaltap_impl:sld_signaltap_body|sld_signaltap_implb:sld_signaltap_body|sld_ela_control:ela_control|sld_ela_basic_multi_level_trigger:\basic_multi_level_mbpm_trigger_gen:multi_level_mbpm|sld_mbpmg:\trigger_modules_gen:0:trigger_match|sld_sbpmg:\gen_sbpmg_pipeline_less_than_two:sm0:174:sm1 ; work         ;
;                      |sld_sbpmg:\gen_sbpmg_pipeline_less_than_two:sm0:175:sm1|                          ; 2 (2)             ; 2 (2)        ; 0           ; 0            ; 0       ; 0         ; 0    ; 0            ; |top|sld_signaltap:auto_signaltap_0|sld_signaltap_impl:sld_signaltap_body|sld_signaltap_implb:sld_signaltap_body|sld_ela_control:ela_control|sld_ela_basic_multi_level_trigger:\basic_multi_level_mbpm_trigger_gen:multi_level_mbpm|sld_mbpmg:\trigger_modules_gen:0:trigger_match|sld_sbpmg:\gen_sbpmg_pipeline_less_than_two:sm0:175:sm1 ; work         ;
;                      |sld_sbpmg:\gen_sbpmg_pipeline_less_than_two:sm0:176:sm1|                          ; 2 (2)             ; 2 (2)        ; 0           ; 0            ; 0       ; 0         ; 0    ; 0            ; |top|sld_signaltap:auto_signaltap_0|sld_signaltap_impl:sld_signaltap_body|sld_signaltap_implb:sld_signaltap_body|sld_ela_control:ela_control|sld_ela_basic_multi_level_trigger:\basic_multi_level_mbpm_trigger_gen:multi_level_mbpm|sld_mbpmg:\trigger_modules_gen:0:trigger_match|sld_sbpmg:\gen_sbpmg_pipeline_less_than_two:sm0:176:sm1 ; work         ;
;                      |sld_sbpmg:\gen_sbpmg_pipeline_less_than_two:sm0:177:sm1|                          ; 2 (2)             ; 2 (2)        ; 0           ; 0            ; 0       ; 0         ; 0    ; 0            ; |top|sld_signaltap:auto_signaltap_0|sld_signaltap_impl:sld_signaltap_body|sld_signaltap_implb:sld_signaltap_body|sld_ela_control:ela_control|sld_ela_basic_multi_level_trigger:\basic_multi_level_mbpm_trigger_gen:multi_level_mbpm|sld_mbpmg:\trigger_modules_gen:0:trigger_match|sld_sbpmg:\gen_sbpmg_pipeline_less_than_two:sm0:177:sm1 ; work         ;
;                      |sld_sbpmg:\gen_sbpmg_pipeline_less_than_two:sm0:178:sm1|                          ; 2 (2)             ; 2 (2)        ; 0           ; 0            ; 0       ; 0         ; 0    ; 0            ; |top|sld_signaltap:auto_signaltap_0|sld_signaltap_impl:sld_signaltap_body|sld_signaltap_implb:sld_signaltap_body|sld_ela_control:ela_control|sld_ela_basic_multi_level_trigger:\basic_multi_level_mbpm_trigger_gen:multi_level_mbpm|sld_mbpmg:\trigger_modules_gen:0:trigger_match|sld_sbpmg:\gen_sbpmg_pipeline_less_than_two:sm0:178:sm1 ; work         ;
;                      |sld_sbpmg:\gen_sbpmg_pipeline_less_than_two:sm0:179:sm1|                          ; 2 (2)             ; 2 (2)        ; 0           ; 0            ; 0       ; 0         ; 0    ; 0            ; |top|sld_signaltap:auto_signaltap_0|sld_signaltap_impl:sld_signaltap_body|sld_signaltap_implb:sld_signaltap_body|sld_ela_control:ela_control|sld_ela_basic_multi_level_trigger:\basic_multi_level_mbpm_trigger_gen:multi_level_mbpm|sld_mbpmg:\trigger_modules_gen:0:trigger_match|sld_sbpmg:\gen_sbpmg_pipeline_less_than_two:sm0:179:sm1 ; work         ;
;                      |sld_sbpmg:\gen_sbpmg_pipeline_less_than_two:sm0:17:sm1|                           ; 2 (2)             ; 2 (2)        ; 0           ; 0            ; 0       ; 0         ; 0    ; 0            ; |top|sld_signaltap:auto_signaltap_0|sld_signaltap_impl:sld_signaltap_body|sld_signaltap_implb:sld_signaltap_body|sld_ela_control:ela_control|sld_ela_basic_multi_level_trigger:\basic_multi_level_mbpm_trigger_gen:multi_level_mbpm|sld_mbpmg:\trigger_modules_gen:0:trigger_match|sld_sbpmg:\gen_sbpmg_pipeline_less_than_two:sm0:17:sm1  ; work         ;
;                      |sld_sbpmg:\gen_sbpmg_pipeline_less_than_two:sm0:180:sm1|                          ; 2 (2)             ; 2 (2)        ; 0           ; 0            ; 0       ; 0         ; 0    ; 0            ; |top|sld_signaltap:auto_signaltap_0|sld_signaltap_impl:sld_signaltap_body|sld_signaltap_implb:sld_signaltap_body|sld_ela_control:ela_control|sld_ela_basic_multi_level_trigger:\basic_multi_level_mbpm_trigger_gen:multi_level_mbpm|sld_mbpmg:\trigger_modules_gen:0:trigger_match|sld_sbpmg:\gen_sbpmg_pipeline_less_than_two:sm0:180:sm1 ; work         ;
;                      |sld_sbpmg:\gen_sbpmg_pipeline_less_than_two:sm0:181:sm1|                          ; 2 (2)             ; 2 (2)        ; 0           ; 0            ; 0       ; 0         ; 0    ; 0            ; |top|sld_signaltap:auto_signaltap_0|sld_signaltap_impl:sld_signaltap_body|sld_signaltap_implb:sld_signaltap_body|sld_ela_control:ela_control|sld_ela_basic_multi_level_trigger:\basic_multi_level_mbpm_trigger_gen:multi_level_mbpm|sld_mbpmg:\trigger_modules_gen:0:trigger_match|sld_sbpmg:\gen_sbpmg_pipeline_less_than_two:sm0:181:sm1 ; work         ;
;                      |sld_sbpmg:\gen_sbpmg_pipeline_less_than_two:sm0:182:sm1|                          ; 2 (2)             ; 2 (2)        ; 0           ; 0            ; 0       ; 0         ; 0    ; 0            ; |top|sld_signaltap:auto_signaltap_0|sld_signaltap_impl:sld_signaltap_body|sld_signaltap_implb:sld_signaltap_body|sld_ela_control:ela_control|sld_ela_basic_multi_level_trigger:\basic_multi_level_mbpm_trigger_gen:multi_level_mbpm|sld_mbpmg:\trigger_modules_gen:0:trigger_match|sld_sbpmg:\gen_sbpmg_pipeline_less_than_two:sm0:182:sm1 ; work         ;
;                      |sld_sbpmg:\gen_sbpmg_pipeline_less_than_two:sm0:183:sm1|                          ; 2 (2)             ; 2 (2)        ; 0           ; 0            ; 0       ; 0         ; 0    ; 0            ; |top|sld_signaltap:auto_signaltap_0|sld_signaltap_impl:sld_signaltap_body|sld_signaltap_implb:sld_signaltap_body|sld_ela_control:ela_control|sld_ela_basic_multi_level_trigger:\basic_multi_level_mbpm_trigger_gen:multi_level_mbpm|sld_mbpmg:\trigger_modules_gen:0:trigger_match|sld_sbpmg:\gen_sbpmg_pipeline_less_than_two:sm0:183:sm1 ; work         ;
;                      |sld_sbpmg:\gen_sbpmg_pipeline_less_than_two:sm0:184:sm1|                          ; 2 (2)             ; 2 (2)        ; 0           ; 0            ; 0       ; 0         ; 0    ; 0            ; |top|sld_signaltap:auto_signaltap_0|sld_signaltap_impl:sld_signaltap_body|sld_signaltap_implb:sld_signaltap_body|sld_ela_control:ela_control|sld_ela_basic_multi_level_trigger:\basic_multi_level_mbpm_trigger_gen:multi_level_mbpm|sld_mbpmg:\trigger_modules_gen:0:trigger_match|sld_sbpmg:\gen_sbpmg_pipeline_less_than_two:sm0:184:sm1 ; work         ;
;                      |sld_sbpmg:\gen_sbpmg_pipeline_less_than_two:sm0:185:sm1|                          ; 2 (2)             ; 2 (2)        ; 0           ; 0            ; 0       ; 0         ; 0    ; 0            ; |top|sld_signaltap:auto_signaltap_0|sld_signaltap_impl:sld_signaltap_body|sld_signaltap_implb:sld_signaltap_body|sld_ela_control:ela_control|sld_ela_basic_multi_level_trigger:\basic_multi_level_mbpm_trigger_gen:multi_level_mbpm|sld_mbpmg:\trigger_modules_gen:0:trigger_match|sld_sbpmg:\gen_sbpmg_pipeline_less_than_two:sm0:185:sm1 ; work         ;
;                      |sld_sbpmg:\gen_sbpmg_pipeline_less_than_two:sm0:186:sm1|                          ; 2 (2)             ; 2 (2)        ; 0           ; 0            ; 0       ; 0         ; 0    ; 0            ; |top|sld_signaltap:auto_signaltap_0|sld_signaltap_impl:sld_signaltap_body|sld_signaltap_implb:sld_signaltap_body|sld_ela_control:ela_control|sld_ela_basic_multi_level_trigger:\basic_multi_level_mbpm_trigger_gen:multi_level_mbpm|sld_mbpmg:\trigger_modules_gen:0:trigger_match|sld_sbpmg:\gen_sbpmg_pipeline_less_than_two:sm0:186:sm1 ; work         ;
;                      |sld_sbpmg:\gen_sbpmg_pipeline_less_than_two:sm0:187:sm1|                          ; 2 (2)             ; 2 (2)        ; 0           ; 0            ; 0       ; 0         ; 0    ; 0            ; |top|sld_signaltap:auto_signaltap_0|sld_signaltap_impl:sld_signaltap_body|sld_signaltap_implb:sld_signaltap_body|sld_ela_control:ela_control|sld_ela_basic_multi_level_trigger:\basic_multi_level_mbpm_trigger_gen:multi_level_mbpm|sld_mbpmg:\trigger_modules_gen:0:trigger_match|sld_sbpmg:\gen_sbpmg_pipeline_less_than_two:sm0:187:sm1 ; work         ;
;                      |sld_sbpmg:\gen_sbpmg_pipeline_less_than_two:sm0:188:sm1|                          ; 2 (2)             ; 2 (2)        ; 0           ; 0            ; 0       ; 0         ; 0    ; 0            ; |top|sld_signaltap:auto_signaltap_0|sld_signaltap_impl:sld_signaltap_body|sld_signaltap_implb:sld_signaltap_body|sld_ela_control:ela_control|sld_ela_basic_multi_level_trigger:\basic_multi_level_mbpm_trigger_gen:multi_level_mbpm|sld_mbpmg:\trigger_modules_gen:0:trigger_match|sld_sbpmg:\gen_sbpmg_pipeline_less_than_two:sm0:188:sm1 ; work         ;
;                      |sld_sbpmg:\gen_sbpmg_pipeline_less_than_two:sm0:189:sm1|                          ; 2 (2)             ; 2 (2)        ; 0           ; 0            ; 0       ; 0         ; 0    ; 0            ; |top|sld_signaltap:auto_signaltap_0|sld_signaltap_impl:sld_signaltap_body|sld_signaltap_implb:sld_signaltap_body|sld_ela_control:ela_control|sld_ela_basic_multi_level_trigger:\basic_multi_level_mbpm_trigger_gen:multi_level_mbpm|sld_mbpmg:\trigger_modules_gen:0:trigger_match|sld_sbpmg:\gen_sbpmg_pipeline_less_than_two:sm0:189:sm1 ; work         ;
;                      |sld_sbpmg:\gen_sbpmg_pipeline_less_than_two:sm0:18:sm1|                           ; 2 (2)             ; 2 (2)        ; 0           ; 0            ; 0       ; 0         ; 0    ; 0            ; |top|sld_signaltap:auto_signaltap_0|sld_signaltap_impl:sld_signaltap_body|sld_signaltap_implb:sld_signaltap_body|sld_ela_control:ela_control|sld_ela_basic_multi_level_trigger:\basic_multi_level_mbpm_trigger_gen:multi_level_mbpm|sld_mbpmg:\trigger_modules_gen:0:trigger_match|sld_sbpmg:\gen_sbpmg_pipeline_less_than_two:sm0:18:sm1  ; work         ;
;                      |sld_sbpmg:\gen_sbpmg_pipeline_less_than_two:sm0:190:sm1|                          ; 2 (2)             ; 2 (2)        ; 0           ; 0            ; 0       ; 0         ; 0    ; 0            ; |top|sld_signaltap:auto_signaltap_0|sld_signaltap_impl:sld_signaltap_body|sld_signaltap_implb:sld_signaltap_body|sld_ela_control:ela_control|sld_ela_basic_multi_level_trigger:\basic_multi_level_mbpm_trigger_gen:multi_level_mbpm|sld_mbpmg:\trigger_modules_gen:0:trigger_match|sld_sbpmg:\gen_sbpmg_pipeline_less_than_two:sm0:190:sm1 ; work         ;
;                      |sld_sbpmg:\gen_sbpmg_pipeline_less_than_two:sm0:191:sm1|                          ; 2 (2)             ; 2 (2)        ; 0           ; 0            ; 0       ; 0         ; 0    ; 0            ; |top|sld_signaltap:auto_signaltap_0|sld_signaltap_impl:sld_signaltap_body|sld_signaltap_implb:sld_signaltap_body|sld_ela_control:ela_control|sld_ela_basic_multi_level_trigger:\basic_multi_level_mbpm_trigger_gen:multi_level_mbpm|sld_mbpmg:\trigger_modules_gen:0:trigger_match|sld_sbpmg:\gen_sbpmg_pipeline_less_than_two:sm0:191:sm1 ; work         ;
;                      |sld_sbpmg:\gen_sbpmg_pipeline_less_than_two:sm0:192:sm1|                          ; 2 (2)             ; 2 (2)        ; 0           ; 0            ; 0       ; 0         ; 0    ; 0            ; |top|sld_signaltap:auto_signaltap_0|sld_signaltap_impl:sld_signaltap_body|sld_signaltap_implb:sld_signaltap_body|sld_ela_control:ela_control|sld_ela_basic_multi_level_trigger:\basic_multi_level_mbpm_trigger_gen:multi_level_mbpm|sld_mbpmg:\trigger_modules_gen:0:trigger_match|sld_sbpmg:\gen_sbpmg_pipeline_less_than_two:sm0:192:sm1 ; work         ;
;                      |sld_sbpmg:\gen_sbpmg_pipeline_less_than_two:sm0:193:sm1|                          ; 2 (2)             ; 2 (2)        ; 0           ; 0            ; 0       ; 0         ; 0    ; 0            ; |top|sld_signaltap:auto_signaltap_0|sld_signaltap_impl:sld_signaltap_body|sld_signaltap_implb:sld_signaltap_body|sld_ela_control:ela_control|sld_ela_basic_multi_level_trigger:\basic_multi_level_mbpm_trigger_gen:multi_level_mbpm|sld_mbpmg:\trigger_modules_gen:0:trigger_match|sld_sbpmg:\gen_sbpmg_pipeline_less_than_two:sm0:193:sm1 ; work         ;
;                      |sld_sbpmg:\gen_sbpmg_pipeline_less_than_two:sm0:194:sm1|                          ; 2 (2)             ; 2 (2)        ; 0           ; 0            ; 0       ; 0         ; 0    ; 0            ; |top|sld_signaltap:auto_signaltap_0|sld_signaltap_impl:sld_signaltap_body|sld_signaltap_implb:sld_signaltap_body|sld_ela_control:ela_control|sld_ela_basic_multi_level_trigger:\basic_multi_level_mbpm_trigger_gen:multi_level_mbpm|sld_mbpmg:\trigger_modules_gen:0:trigger_match|sld_sbpmg:\gen_sbpmg_pipeline_less_than_two:sm0:194:sm1 ; work         ;
;                      |sld_sbpmg:\gen_sbpmg_pipeline_less_than_two:sm0:195:sm1|                          ; 2 (2)             ; 2 (2)        ; 0           ; 0            ; 0       ; 0         ; 0    ; 0            ; |top|sld_signaltap:auto_signaltap_0|sld_signaltap_impl:sld_signaltap_body|sld_signaltap_implb:sld_signaltap_body|sld_ela_control:ela_control|sld_ela_basic_multi_level_trigger:\basic_multi_level_mbpm_trigger_gen:multi_level_mbpm|sld_mbpmg:\trigger_modules_gen:0:trigger_match|sld_sbpmg:\gen_sbpmg_pipeline_less_than_two:sm0:195:sm1 ; work         ;
;                      |sld_sbpmg:\gen_sbpmg_pipeline_less_than_two:sm0:196:sm1|                          ; 2 (2)             ; 2 (2)        ; 0           ; 0            ; 0       ; 0         ; 0    ; 0            ; |top|sld_signaltap:auto_signaltap_0|sld_signaltap_impl:sld_signaltap_body|sld_signaltap_implb:sld_signaltap_body|sld_ela_control:ela_control|sld_ela_basic_multi_level_trigger:\basic_multi_level_mbpm_trigger_gen:multi_level_mbpm|sld_mbpmg:\trigger_modules_gen:0:trigger_match|sld_sbpmg:\gen_sbpmg_pipeline_less_than_two:sm0:196:sm1 ; work         ;
;                      |sld_sbpmg:\gen_sbpmg_pipeline_less_than_two:sm0:197:sm1|                          ; 2 (2)             ; 2 (2)        ; 0           ; 0            ; 0       ; 0         ; 0    ; 0            ; |top|sld_signaltap:auto_signaltap_0|sld_signaltap_impl:sld_signaltap_body|sld_signaltap_implb:sld_signaltap_body|sld_ela_control:ela_control|sld_ela_basic_multi_level_trigger:\basic_multi_level_mbpm_trigger_gen:multi_level_mbpm|sld_mbpmg:\trigger_modules_gen:0:trigger_match|sld_sbpmg:\gen_sbpmg_pipeline_less_than_two:sm0:197:sm1 ; work         ;
;                      |sld_sbpmg:\gen_sbpmg_pipeline_less_than_two:sm0:198:sm1|                          ; 2 (2)             ; 2 (2)        ; 0           ; 0            ; 0       ; 0         ; 0    ; 0            ; |top|sld_signaltap:auto_signaltap_0|sld_signaltap_impl:sld_signaltap_body|sld_signaltap_implb:sld_signaltap_body|sld_ela_control:ela_control|sld_ela_basic_multi_level_trigger:\basic_multi_level_mbpm_trigger_gen:multi_level_mbpm|sld_mbpmg:\trigger_modules_gen:0:trigger_match|sld_sbpmg:\gen_sbpmg_pipeline_less_than_two:sm0:198:sm1 ; work         ;
;                      |sld_sbpmg:\gen_sbpmg_pipeline_less_than_two:sm0:199:sm1|                          ; 2 (2)             ; 2 (2)        ; 0           ; 0            ; 0       ; 0         ; 0    ; 0            ; |top|sld_signaltap:auto_signaltap_0|sld_signaltap_impl:sld_signaltap_body|sld_signaltap_implb:sld_signaltap_body|sld_ela_control:ela_control|sld_ela_basic_multi_level_trigger:\basic_multi_level_mbpm_trigger_gen:multi_level_mbpm|sld_mbpmg:\trigger_modules_gen:0:trigger_match|sld_sbpmg:\gen_sbpmg_pipeline_less_than_two:sm0:199:sm1 ; work         ;
;                      |sld_sbpmg:\gen_sbpmg_pipeline_less_than_two:sm0:19:sm1|                           ; 2 (2)             ; 2 (2)        ; 0           ; 0            ; 0       ; 0         ; 0    ; 0            ; |top|sld_signaltap:auto_signaltap_0|sld_signaltap_impl:sld_signaltap_body|sld_signaltap_implb:sld_signaltap_body|sld_ela_control:ela_control|sld_ela_basic_multi_level_trigger:\basic_multi_level_mbpm_trigger_gen:multi_level_mbpm|sld_mbpmg:\trigger_modules_gen:0:trigger_match|sld_sbpmg:\gen_sbpmg_pipeline_less_than_two:sm0:19:sm1  ; work         ;
;                      |sld_sbpmg:\gen_sbpmg_pipeline_less_than_two:sm0:1:sm1|                            ; 2 (2)             ; 2 (2)        ; 0           ; 0            ; 0       ; 0         ; 0    ; 0            ; |top|sld_signaltap:auto_signaltap_0|sld_signaltap_impl:sld_signaltap_body|sld_signaltap_implb:sld_signaltap_body|sld_ela_control:ela_control|sld_ela_basic_multi_level_trigger:\basic_multi_level_mbpm_trigger_gen:multi_level_mbpm|sld_mbpmg:\trigger_modules_gen:0:trigger_match|sld_sbpmg:\gen_sbpmg_pipeline_less_than_two:sm0:1:sm1   ; work         ;
;                      |sld_sbpmg:\gen_sbpmg_pipeline_less_than_two:sm0:200:sm1|                          ; 2 (2)             ; 2 (2)        ; 0           ; 0            ; 0       ; 0         ; 0    ; 0            ; |top|sld_signaltap:auto_signaltap_0|sld_signaltap_impl:sld_signaltap_body|sld_signaltap_implb:sld_signaltap_body|sld_ela_control:ela_control|sld_ela_basic_multi_level_trigger:\basic_multi_level_mbpm_trigger_gen:multi_level_mbpm|sld_mbpmg:\trigger_modules_gen:0:trigger_match|sld_sbpmg:\gen_sbpmg_pipeline_less_than_two:sm0:200:sm1 ; work         ;
;                      |sld_sbpmg:\gen_sbpmg_pipeline_less_than_two:sm0:201:sm1|                          ; 2 (2)             ; 2 (2)        ; 0           ; 0            ; 0       ; 0         ; 0    ; 0            ; |top|sld_signaltap:auto_signaltap_0|sld_signaltap_impl:sld_signaltap_body|sld_signaltap_implb:sld_signaltap_body|sld_ela_control:ela_control|sld_ela_basic_multi_level_trigger:\basic_multi_level_mbpm_trigger_gen:multi_level_mbpm|sld_mbpmg:\trigger_modules_gen:0:trigger_match|sld_sbpmg:\gen_sbpmg_pipeline_less_than_two:sm0:201:sm1 ; work         ;
;                      |sld_sbpmg:\gen_sbpmg_pipeline_less_than_two:sm0:202:sm1|                          ; 2 (2)             ; 2 (2)        ; 0           ; 0            ; 0       ; 0         ; 0    ; 0            ; |top|sld_signaltap:auto_signaltap_0|sld_signaltap_impl:sld_signaltap_body|sld_signaltap_implb:sld_signaltap_body|sld_ela_control:ela_control|sld_ela_basic_multi_level_trigger:\basic_multi_level_mbpm_trigger_gen:multi_level_mbpm|sld_mbpmg:\trigger_modules_gen:0:trigger_match|sld_sbpmg:\gen_sbpmg_pipeline_less_than_two:sm0:202:sm1 ; work         ;
;                      |sld_sbpmg:\gen_sbpmg_pipeline_less_than_two:sm0:203:sm1|                          ; 2 (2)             ; 2 (2)        ; 0           ; 0            ; 0       ; 0         ; 0    ; 0            ; |top|sld_signaltap:auto_signaltap_0|sld_signaltap_impl:sld_signaltap_body|sld_signaltap_implb:sld_signaltap_body|sld_ela_control:ela_control|sld_ela_basic_multi_level_trigger:\basic_multi_level_mbpm_trigger_gen:multi_level_mbpm|sld_mbpmg:\trigger_modules_gen:0:trigger_match|sld_sbpmg:\gen_sbpmg_pipeline_less_than_two:sm0:203:sm1 ; work         ;
;                      |sld_sbpmg:\gen_sbpmg_pipeline_less_than_two:sm0:204:sm1|                          ; 2 (2)             ; 2 (2)        ; 0           ; 0            ; 0       ; 0         ; 0    ; 0            ; |top|sld_signaltap:auto_signaltap_0|sld_signaltap_impl:sld_signaltap_body|sld_signaltap_implb:sld_signaltap_body|sld_ela_control:ela_control|sld_ela_basic_multi_level_trigger:\basic_multi_level_mbpm_trigger_gen:multi_level_mbpm|sld_mbpmg:\trigger_modules_gen:0:trigger_match|sld_sbpmg:\gen_sbpmg_pipeline_less_than_two:sm0:204:sm1 ; work         ;
;                      |sld_sbpmg:\gen_sbpmg_pipeline_less_than_two:sm0:205:sm1|                          ; 2 (2)             ; 2 (2)        ; 0           ; 0            ; 0       ; 0         ; 0    ; 0            ; |top|sld_signaltap:auto_signaltap_0|sld_signaltap_impl:sld_signaltap_body|sld_signaltap_implb:sld_signaltap_body|sld_ela_control:ela_control|sld_ela_basic_multi_level_trigger:\basic_multi_level_mbpm_trigger_gen:multi_level_mbpm|sld_mbpmg:\trigger_modules_gen:0:trigger_match|sld_sbpmg:\gen_sbpmg_pipeline_less_than_two:sm0:205:sm1 ; work         ;
;                      |sld_sbpmg:\gen_sbpmg_pipeline_less_than_two:sm0:206:sm1|                          ; 2 (2)             ; 2 (2)        ; 0           ; 0            ; 0       ; 0         ; 0    ; 0            ; |top|sld_signaltap:auto_signaltap_0|sld_signaltap_impl:sld_signaltap_body|sld_signaltap_implb:sld_signaltap_body|sld_ela_control:ela_control|sld_ela_basic_multi_level_trigger:\basic_multi_level_mbpm_trigger_gen:multi_level_mbpm|sld_mbpmg:\trigger_modules_gen:0:trigger_match|sld_sbpmg:\gen_sbpmg_pipeline_less_than_two:sm0:206:sm1 ; work         ;
;                      |sld_sbpmg:\gen_sbpmg_pipeline_less_than_two:sm0:207:sm1|                          ; 2 (2)             ; 2 (2)        ; 0           ; 0            ; 0       ; 0         ; 0    ; 0            ; |top|sld_signaltap:auto_signaltap_0|sld_signaltap_impl:sld_signaltap_body|sld_signaltap_implb:sld_signaltap_body|sld_ela_control:ela_control|sld_ela_basic_multi_level_trigger:\basic_multi_level_mbpm_trigger_gen:multi_level_mbpm|sld_mbpmg:\trigger_modules_gen:0:trigger_match|sld_sbpmg:\gen_sbpmg_pipeline_less_than_two:sm0:207:sm1 ; work         ;
;                      |sld_sbpmg:\gen_sbpmg_pipeline_less_than_two:sm0:208:sm1|                          ; 2 (2)             ; 2 (2)        ; 0           ; 0            ; 0       ; 0         ; 0    ; 0            ; |top|sld_signaltap:auto_signaltap_0|sld_signaltap_impl:sld_signaltap_body|sld_signaltap_implb:sld_signaltap_body|sld_ela_control:ela_control|sld_ela_basic_multi_level_trigger:\basic_multi_level_mbpm_trigger_gen:multi_level_mbpm|sld_mbpmg:\trigger_modules_gen:0:trigger_match|sld_sbpmg:\gen_sbpmg_pipeline_less_than_two:sm0:208:sm1 ; work         ;
;                      |sld_sbpmg:\gen_sbpmg_pipeline_less_than_two:sm0:209:sm1|                          ; 2 (2)             ; 2 (2)        ; 0           ; 0            ; 0       ; 0         ; 0    ; 0            ; |top|sld_signaltap:auto_signaltap_0|sld_signaltap_impl:sld_signaltap_body|sld_signaltap_implb:sld_signaltap_body|sld_ela_control:ela_control|sld_ela_basic_multi_level_trigger:\basic_multi_level_mbpm_trigger_gen:multi_level_mbpm|sld_mbpmg:\trigger_modules_gen:0:trigger_match|sld_sbpmg:\gen_sbpmg_pipeline_less_than_two:sm0:209:sm1 ; work         ;
;                      |sld_sbpmg:\gen_sbpmg_pipeline_less_than_two:sm0:20:sm1|                           ; 2 (2)             ; 2 (2)        ; 0           ; 0            ; 0       ; 0         ; 0    ; 0            ; |top|sld_signaltap:auto_signaltap_0|sld_signaltap_impl:sld_signaltap_body|sld_signaltap_implb:sld_signaltap_body|sld_ela_control:ela_control|sld_ela_basic_multi_level_trigger:\basic_multi_level_mbpm_trigger_gen:multi_level_mbpm|sld_mbpmg:\trigger_modules_gen:0:trigger_match|sld_sbpmg:\gen_sbpmg_pipeline_less_than_two:sm0:20:sm1  ; work         ;
;                      |sld_sbpmg:\gen_sbpmg_pipeline_less_than_two:sm0:210:sm1|                          ; 2 (2)             ; 2 (2)        ; 0           ; 0            ; 0       ; 0         ; 0    ; 0            ; |top|sld_signaltap:auto_signaltap_0|sld_signaltap_impl:sld_signaltap_body|sld_signaltap_implb:sld_signaltap_body|sld_ela_control:ela_control|sld_ela_basic_multi_level_trigger:\basic_multi_level_mbpm_trigger_gen:multi_level_mbpm|sld_mbpmg:\trigger_modules_gen:0:trigger_match|sld_sbpmg:\gen_sbpmg_pipeline_less_than_two:sm0:210:sm1 ; work         ;
;                      |sld_sbpmg:\gen_sbpmg_pipeline_less_than_two:sm0:211:sm1|                          ; 2 (2)             ; 2 (2)        ; 0           ; 0            ; 0       ; 0         ; 0    ; 0            ; |top|sld_signaltap:auto_signaltap_0|sld_signaltap_impl:sld_signaltap_body|sld_signaltap_implb:sld_signaltap_body|sld_ela_control:ela_control|sld_ela_basic_multi_level_trigger:\basic_multi_level_mbpm_trigger_gen:multi_level_mbpm|sld_mbpmg:\trigger_modules_gen:0:trigger_match|sld_sbpmg:\gen_sbpmg_pipeline_less_than_two:sm0:211:sm1 ; work         ;
;                      |sld_sbpmg:\gen_sbpmg_pipeline_less_than_two:sm0:212:sm1|                          ; 2 (2)             ; 2 (2)        ; 0           ; 0            ; 0       ; 0         ; 0    ; 0            ; |top|sld_signaltap:auto_signaltap_0|sld_signaltap_impl:sld_signaltap_body|sld_signaltap_implb:sld_signaltap_body|sld_ela_control:ela_control|sld_ela_basic_multi_level_trigger:\basic_multi_level_mbpm_trigger_gen:multi_level_mbpm|sld_mbpmg:\trigger_modules_gen:0:trigger_match|sld_sbpmg:\gen_sbpmg_pipeline_less_than_two:sm0:212:sm1 ; work         ;
;                      |sld_sbpmg:\gen_sbpmg_pipeline_less_than_two:sm0:213:sm1|                          ; 2 (2)             ; 2 (2)        ; 0           ; 0            ; 0       ; 0         ; 0    ; 0            ; |top|sld_signaltap:auto_signaltap_0|sld_signaltap_impl:sld_signaltap_body|sld_signaltap_implb:sld_signaltap_body|sld_ela_control:ela_control|sld_ela_basic_multi_level_trigger:\basic_multi_level_mbpm_trigger_gen:multi_level_mbpm|sld_mbpmg:\trigger_modules_gen:0:trigger_match|sld_sbpmg:\gen_sbpmg_pipeline_less_than_two:sm0:213:sm1 ; work         ;
;                      |sld_sbpmg:\gen_sbpmg_pipeline_less_than_two:sm0:214:sm1|                          ; 2 (2)             ; 2 (2)        ; 0           ; 0            ; 0       ; 0         ; 0    ; 0            ; |top|sld_signaltap:auto_signaltap_0|sld_signaltap_impl:sld_signaltap_body|sld_signaltap_implb:sld_signaltap_body|sld_ela_control:ela_control|sld_ela_basic_multi_level_trigger:\basic_multi_level_mbpm_trigger_gen:multi_level_mbpm|sld_mbpmg:\trigger_modules_gen:0:trigger_match|sld_sbpmg:\gen_sbpmg_pipeline_less_than_two:sm0:214:sm1 ; work         ;
;                      |sld_sbpmg:\gen_sbpmg_pipeline_less_than_two:sm0:215:sm1|                          ; 2 (2)             ; 2 (2)        ; 0           ; 0            ; 0       ; 0         ; 0    ; 0            ; |top|sld_signaltap:auto_signaltap_0|sld_signaltap_impl:sld_signaltap_body|sld_signaltap_implb:sld_signaltap_body|sld_ela_control:ela_control|sld_ela_basic_multi_level_trigger:\basic_multi_level_mbpm_trigger_gen:multi_level_mbpm|sld_mbpmg:\trigger_modules_gen:0:trigger_match|sld_sbpmg:\gen_sbpmg_pipeline_less_than_two:sm0:215:sm1 ; work         ;
;                      |sld_sbpmg:\gen_sbpmg_pipeline_less_than_two:sm0:216:sm1|                          ; 2 (2)             ; 2 (2)        ; 0           ; 0            ; 0       ; 0         ; 0    ; 0            ; |top|sld_signaltap:auto_signaltap_0|sld_signaltap_impl:sld_signaltap_body|sld_signaltap_implb:sld_signaltap_body|sld_ela_control:ela_control|sld_ela_basic_multi_level_trigger:\basic_multi_level_mbpm_trigger_gen:multi_level_mbpm|sld_mbpmg:\trigger_modules_gen:0:trigger_match|sld_sbpmg:\gen_sbpmg_pipeline_less_than_two:sm0:216:sm1 ; work         ;
;                      |sld_sbpmg:\gen_sbpmg_pipeline_less_than_two:sm0:217:sm1|                          ; 2 (2)             ; 2 (2)        ; 0           ; 0            ; 0       ; 0         ; 0    ; 0            ; |top|sld_signaltap:auto_signaltap_0|sld_signaltap_impl:sld_signaltap_body|sld_signaltap_implb:sld_signaltap_body|sld_ela_control:ela_control|sld_ela_basic_multi_level_trigger:\basic_multi_level_mbpm_trigger_gen:multi_level_mbpm|sld_mbpmg:\trigger_modules_gen:0:trigger_match|sld_sbpmg:\gen_sbpmg_pipeline_less_than_two:sm0:217:sm1 ; work         ;
;                      |sld_sbpmg:\gen_sbpmg_pipeline_less_than_two:sm0:218:sm1|                          ; 2 (2)             ; 2 (2)        ; 0           ; 0            ; 0       ; 0         ; 0    ; 0            ; |top|sld_signaltap:auto_signaltap_0|sld_signaltap_impl:sld_signaltap_body|sld_signaltap_implb:sld_signaltap_body|sld_ela_control:ela_control|sld_ela_basic_multi_level_trigger:\basic_multi_level_mbpm_trigger_gen:multi_level_mbpm|sld_mbpmg:\trigger_modules_gen:0:trigger_match|sld_sbpmg:\gen_sbpmg_pipeline_less_than_two:sm0:218:sm1 ; work         ;
;                      |sld_sbpmg:\gen_sbpmg_pipeline_less_than_two:sm0:219:sm1|                          ; 2 (2)             ; 2 (2)        ; 0           ; 0            ; 0       ; 0         ; 0    ; 0            ; |top|sld_signaltap:auto_signaltap_0|sld_signaltap_impl:sld_signaltap_body|sld_signaltap_implb:sld_signaltap_body|sld_ela_control:ela_control|sld_ela_basic_multi_level_trigger:\basic_multi_level_mbpm_trigger_gen:multi_level_mbpm|sld_mbpmg:\trigger_modules_gen:0:trigger_match|sld_sbpmg:\gen_sbpmg_pipeline_less_than_two:sm0:219:sm1 ; work         ;
;                      |sld_sbpmg:\gen_sbpmg_pipeline_less_than_two:sm0:21:sm1|                           ; 2 (2)             ; 2 (2)        ; 0           ; 0            ; 0       ; 0         ; 0    ; 0            ; |top|sld_signaltap:auto_signaltap_0|sld_signaltap_impl:sld_signaltap_body|sld_signaltap_implb:sld_signaltap_body|sld_ela_control:ela_control|sld_ela_basic_multi_level_trigger:\basic_multi_level_mbpm_trigger_gen:multi_level_mbpm|sld_mbpmg:\trigger_modules_gen:0:trigger_match|sld_sbpmg:\gen_sbpmg_pipeline_less_than_two:sm0:21:sm1  ; work         ;
;                      |sld_sbpmg:\gen_sbpmg_pipeline_less_than_two:sm0:220:sm1|                          ; 2 (2)             ; 2 (2)        ; 0           ; 0            ; 0       ; 0         ; 0    ; 0            ; |top|sld_signaltap:auto_signaltap_0|sld_signaltap_impl:sld_signaltap_body|sld_signaltap_implb:sld_signaltap_body|sld_ela_control:ela_control|sld_ela_basic_multi_level_trigger:\basic_multi_level_mbpm_trigger_gen:multi_level_mbpm|sld_mbpmg:\trigger_modules_gen:0:trigger_match|sld_sbpmg:\gen_sbpmg_pipeline_less_than_two:sm0:220:sm1 ; work         ;
;                      |sld_sbpmg:\gen_sbpmg_pipeline_less_than_two:sm0:221:sm1|                          ; 2 (2)             ; 2 (2)        ; 0           ; 0            ; 0       ; 0         ; 0    ; 0            ; |top|sld_signaltap:auto_signaltap_0|sld_signaltap_impl:sld_signaltap_body|sld_signaltap_implb:sld_signaltap_body|sld_ela_control:ela_control|sld_ela_basic_multi_level_trigger:\basic_multi_level_mbpm_trigger_gen:multi_level_mbpm|sld_mbpmg:\trigger_modules_gen:0:trigger_match|sld_sbpmg:\gen_sbpmg_pipeline_less_than_two:sm0:221:sm1 ; work         ;
;                      |sld_sbpmg:\gen_sbpmg_pipeline_less_than_two:sm0:222:sm1|                          ; 2 (2)             ; 2 (2)        ; 0           ; 0            ; 0       ; 0         ; 0    ; 0            ; |top|sld_signaltap:auto_signaltap_0|sld_signaltap_impl:sld_signaltap_body|sld_signaltap_implb:sld_signaltap_body|sld_ela_control:ela_control|sld_ela_basic_multi_level_trigger:\basic_multi_level_mbpm_trigger_gen:multi_level_mbpm|sld_mbpmg:\trigger_modules_gen:0:trigger_match|sld_sbpmg:\gen_sbpmg_pipeline_less_than_two:sm0:222:sm1 ; work         ;
;                      |sld_sbpmg:\gen_sbpmg_pipeline_less_than_two:sm0:223:sm1|                          ; 2 (2)             ; 2 (2)        ; 0           ; 0            ; 0       ; 0         ; 0    ; 0            ; |top|sld_signaltap:auto_signaltap_0|sld_signaltap_impl:sld_signaltap_body|sld_signaltap_implb:sld_signaltap_body|sld_ela_control:ela_control|sld_ela_basic_multi_level_trigger:\basic_multi_level_mbpm_trigger_gen:multi_level_mbpm|sld_mbpmg:\trigger_modules_gen:0:trigger_match|sld_sbpmg:\gen_sbpmg_pipeline_less_than_two:sm0:223:sm1 ; work         ;
;                      |sld_sbpmg:\gen_sbpmg_pipeline_less_than_two:sm0:224:sm1|                          ; 2 (2)             ; 2 (2)        ; 0           ; 0            ; 0       ; 0         ; 0    ; 0            ; |top|sld_signaltap:auto_signaltap_0|sld_signaltap_impl:sld_signaltap_body|sld_signaltap_implb:sld_signaltap_body|sld_ela_control:ela_control|sld_ela_basic_multi_level_trigger:\basic_multi_level_mbpm_trigger_gen:multi_level_mbpm|sld_mbpmg:\trigger_modules_gen:0:trigger_match|sld_sbpmg:\gen_sbpmg_pipeline_less_than_two:sm0:224:sm1 ; work         ;
;                      |sld_sbpmg:\gen_sbpmg_pipeline_less_than_two:sm0:225:sm1|                          ; 2 (2)             ; 2 (2)        ; 0           ; 0            ; 0       ; 0         ; 0    ; 0            ; |top|sld_signaltap:auto_signaltap_0|sld_signaltap_impl:sld_signaltap_body|sld_signaltap_implb:sld_signaltap_body|sld_ela_control:ela_control|sld_ela_basic_multi_level_trigger:\basic_multi_level_mbpm_trigger_gen:multi_level_mbpm|sld_mbpmg:\trigger_modules_gen:0:trigger_match|sld_sbpmg:\gen_sbpmg_pipeline_less_than_two:sm0:225:sm1 ; work         ;
;                      |sld_sbpmg:\gen_sbpmg_pipeline_less_than_two:sm0:226:sm1|                          ; 2 (2)             ; 2 (2)        ; 0           ; 0            ; 0       ; 0         ; 0    ; 0            ; |top|sld_signaltap:auto_signaltap_0|sld_signaltap_impl:sld_signaltap_body|sld_signaltap_implb:sld_signaltap_body|sld_ela_control:ela_control|sld_ela_basic_multi_level_trigger:\basic_multi_level_mbpm_trigger_gen:multi_level_mbpm|sld_mbpmg:\trigger_modules_gen:0:trigger_match|sld_sbpmg:\gen_sbpmg_pipeline_less_than_two:sm0:226:sm1 ; work         ;
;                      |sld_sbpmg:\gen_sbpmg_pipeline_less_than_two:sm0:227:sm1|                          ; 2 (2)             ; 2 (2)        ; 0           ; 0            ; 0       ; 0         ; 0    ; 0            ; |top|sld_signaltap:auto_signaltap_0|sld_signaltap_impl:sld_signaltap_body|sld_signaltap_implb:sld_signaltap_body|sld_ela_control:ela_control|sld_ela_basic_multi_level_trigger:\basic_multi_level_mbpm_trigger_gen:multi_level_mbpm|sld_mbpmg:\trigger_modules_gen:0:trigger_match|sld_sbpmg:\gen_sbpmg_pipeline_less_than_two:sm0:227:sm1 ; work         ;
;                      |sld_sbpmg:\gen_sbpmg_pipeline_less_than_two:sm0:228:sm1|                          ; 2 (2)             ; 2 (2)        ; 0           ; 0            ; 0       ; 0         ; 0    ; 0            ; |top|sld_signaltap:auto_signaltap_0|sld_signaltap_impl:sld_signaltap_body|sld_signaltap_implb:sld_signaltap_body|sld_ela_control:ela_control|sld_ela_basic_multi_level_trigger:\basic_multi_level_mbpm_trigger_gen:multi_level_mbpm|sld_mbpmg:\trigger_modules_gen:0:trigger_match|sld_sbpmg:\gen_sbpmg_pipeline_less_than_two:sm0:228:sm1 ; work         ;
;                      |sld_sbpmg:\gen_sbpmg_pipeline_less_than_two:sm0:229:sm1|                          ; 2 (2)             ; 2 (2)        ; 0           ; 0            ; 0       ; 0         ; 0    ; 0            ; |top|sld_signaltap:auto_signaltap_0|sld_signaltap_impl:sld_signaltap_body|sld_signaltap_implb:sld_signaltap_body|sld_ela_control:ela_control|sld_ela_basic_multi_level_trigger:\basic_multi_level_mbpm_trigger_gen:multi_level_mbpm|sld_mbpmg:\trigger_modules_gen:0:trigger_match|sld_sbpmg:\gen_sbpmg_pipeline_less_than_two:sm0:229:sm1 ; work         ;
;                      |sld_sbpmg:\gen_sbpmg_pipeline_less_than_two:sm0:22:sm1|                           ; 2 (2)             ; 2 (2)        ; 0           ; 0            ; 0       ; 0         ; 0    ; 0            ; |top|sld_signaltap:auto_signaltap_0|sld_signaltap_impl:sld_signaltap_body|sld_signaltap_implb:sld_signaltap_body|sld_ela_control:ela_control|sld_ela_basic_multi_level_trigger:\basic_multi_level_mbpm_trigger_gen:multi_level_mbpm|sld_mbpmg:\trigger_modules_gen:0:trigger_match|sld_sbpmg:\gen_sbpmg_pipeline_less_than_two:sm0:22:sm1  ; work         ;
;                      |sld_sbpmg:\gen_sbpmg_pipeline_less_than_two:sm0:230:sm1|                          ; 2 (2)             ; 2 (2)        ; 0           ; 0            ; 0       ; 0         ; 0    ; 0            ; |top|sld_signaltap:auto_signaltap_0|sld_signaltap_impl:sld_signaltap_body|sld_signaltap_implb:sld_signaltap_body|sld_ela_control:ela_control|sld_ela_basic_multi_level_trigger:\basic_multi_level_mbpm_trigger_gen:multi_level_mbpm|sld_mbpmg:\trigger_modules_gen:0:trigger_match|sld_sbpmg:\gen_sbpmg_pipeline_less_than_two:sm0:230:sm1 ; work         ;
;                      |sld_sbpmg:\gen_sbpmg_pipeline_less_than_two:sm0:231:sm1|                          ; 2 (2)             ; 2 (2)        ; 0           ; 0            ; 0       ; 0         ; 0    ; 0            ; |top|sld_signaltap:auto_signaltap_0|sld_signaltap_impl:sld_signaltap_body|sld_signaltap_implb:sld_signaltap_body|sld_ela_control:ela_control|sld_ela_basic_multi_level_trigger:\basic_multi_level_mbpm_trigger_gen:multi_level_mbpm|sld_mbpmg:\trigger_modules_gen:0:trigger_match|sld_sbpmg:\gen_sbpmg_pipeline_less_than_two:sm0:231:sm1 ; work         ;
;                      |sld_sbpmg:\gen_sbpmg_pipeline_less_than_two:sm0:232:sm1|                          ; 2 (2)             ; 2 (2)        ; 0           ; 0            ; 0       ; 0         ; 0    ; 0            ; |top|sld_signaltap:auto_signaltap_0|sld_signaltap_impl:sld_signaltap_body|sld_signaltap_implb:sld_signaltap_body|sld_ela_control:ela_control|sld_ela_basic_multi_level_trigger:\basic_multi_level_mbpm_trigger_gen:multi_level_mbpm|sld_mbpmg:\trigger_modules_gen:0:trigger_match|sld_sbpmg:\gen_sbpmg_pipeline_less_than_two:sm0:232:sm1 ; work         ;
;                      |sld_sbpmg:\gen_sbpmg_pipeline_less_than_two:sm0:233:sm1|                          ; 2 (2)             ; 2 (2)        ; 0           ; 0            ; 0       ; 0         ; 0    ; 0            ; |top|sld_signaltap:auto_signaltap_0|sld_signaltap_impl:sld_signaltap_body|sld_signaltap_implb:sld_signaltap_body|sld_ela_control:ela_control|sld_ela_basic_multi_level_trigger:\basic_multi_level_mbpm_trigger_gen:multi_level_mbpm|sld_mbpmg:\trigger_modules_gen:0:trigger_match|sld_sbpmg:\gen_sbpmg_pipeline_less_than_two:sm0:233:sm1 ; work         ;
;                      |sld_sbpmg:\gen_sbpmg_pipeline_less_than_two:sm0:234:sm1|                          ; 2 (2)             ; 2 (2)        ; 0           ; 0            ; 0       ; 0         ; 0    ; 0            ; |top|sld_signaltap:auto_signaltap_0|sld_signaltap_impl:sld_signaltap_body|sld_signaltap_implb:sld_signaltap_body|sld_ela_control:ela_control|sld_ela_basic_multi_level_trigger:\basic_multi_level_mbpm_trigger_gen:multi_level_mbpm|sld_mbpmg:\trigger_modules_gen:0:trigger_match|sld_sbpmg:\gen_sbpmg_pipeline_less_than_two:sm0:234:sm1 ; work         ;
;                      |sld_sbpmg:\gen_sbpmg_pipeline_less_than_two:sm0:235:sm1|                          ; 2 (2)             ; 2 (2)        ; 0           ; 0            ; 0       ; 0         ; 0    ; 0            ; |top|sld_signaltap:auto_signaltap_0|sld_signaltap_impl:sld_signaltap_body|sld_signaltap_implb:sld_signaltap_body|sld_ela_control:ela_control|sld_ela_basic_multi_level_trigger:\basic_multi_level_mbpm_trigger_gen:multi_level_mbpm|sld_mbpmg:\trigger_modules_gen:0:trigger_match|sld_sbpmg:\gen_sbpmg_pipeline_less_than_two:sm0:235:sm1 ; work         ;
;                      |sld_sbpmg:\gen_sbpmg_pipeline_less_than_two:sm0:236:sm1|                          ; 2 (2)             ; 2 (2)        ; 0           ; 0            ; 0       ; 0         ; 0    ; 0            ; |top|sld_signaltap:auto_signaltap_0|sld_signaltap_impl:sld_signaltap_body|sld_signaltap_implb:sld_signaltap_body|sld_ela_control:ela_control|sld_ela_basic_multi_level_trigger:\basic_multi_level_mbpm_trigger_gen:multi_level_mbpm|sld_mbpmg:\trigger_modules_gen:0:trigger_match|sld_sbpmg:\gen_sbpmg_pipeline_less_than_two:sm0:236:sm1 ; work         ;
;                      |sld_sbpmg:\gen_sbpmg_pipeline_less_than_two:sm0:237:sm1|                          ; 2 (2)             ; 2 (2)        ; 0           ; 0            ; 0       ; 0         ; 0    ; 0            ; |top|sld_signaltap:auto_signaltap_0|sld_signaltap_impl:sld_signaltap_body|sld_signaltap_implb:sld_signaltap_body|sld_ela_control:ela_control|sld_ela_basic_multi_level_trigger:\basic_multi_level_mbpm_trigger_gen:multi_level_mbpm|sld_mbpmg:\trigger_modules_gen:0:trigger_match|sld_sbpmg:\gen_sbpmg_pipeline_less_than_two:sm0:237:sm1 ; work         ;
;                      |sld_sbpmg:\gen_sbpmg_pipeline_less_than_two:sm0:238:sm1|                          ; 2 (2)             ; 2 (2)        ; 0           ; 0            ; 0       ; 0         ; 0    ; 0            ; |top|sld_signaltap:auto_signaltap_0|sld_signaltap_impl:sld_signaltap_body|sld_signaltap_implb:sld_signaltap_body|sld_ela_control:ela_control|sld_ela_basic_multi_level_trigger:\basic_multi_level_mbpm_trigger_gen:multi_level_mbpm|sld_mbpmg:\trigger_modules_gen:0:trigger_match|sld_sbpmg:\gen_sbpmg_pipeline_less_than_two:sm0:238:sm1 ; work         ;
;                      |sld_sbpmg:\gen_sbpmg_pipeline_less_than_two:sm0:239:sm1|                          ; 2 (2)             ; 2 (2)        ; 0           ; 0            ; 0       ; 0         ; 0    ; 0            ; |top|sld_signaltap:auto_signaltap_0|sld_signaltap_impl:sld_signaltap_body|sld_signaltap_implb:sld_signaltap_body|sld_ela_control:ela_control|sld_ela_basic_multi_level_trigger:\basic_multi_level_mbpm_trigger_gen:multi_level_mbpm|sld_mbpmg:\trigger_modules_gen:0:trigger_match|sld_sbpmg:\gen_sbpmg_pipeline_less_than_two:sm0:239:sm1 ; work         ;
;                      |sld_sbpmg:\gen_sbpmg_pipeline_less_than_two:sm0:23:sm1|                           ; 2 (2)             ; 2 (2)        ; 0           ; 0            ; 0       ; 0         ; 0    ; 0            ; |top|sld_signaltap:auto_signaltap_0|sld_signaltap_impl:sld_signaltap_body|sld_signaltap_implb:sld_signaltap_body|sld_ela_control:ela_control|sld_ela_basic_multi_level_trigger:\basic_multi_level_mbpm_trigger_gen:multi_level_mbpm|sld_mbpmg:\trigger_modules_gen:0:trigger_match|sld_sbpmg:\gen_sbpmg_pipeline_less_than_two:sm0:23:sm1  ; work         ;
;                      |sld_sbpmg:\gen_sbpmg_pipeline_less_than_two:sm0:240:sm1|                          ; 2 (2)             ; 2 (2)        ; 0           ; 0            ; 0       ; 0         ; 0    ; 0            ; |top|sld_signaltap:auto_signaltap_0|sld_signaltap_impl:sld_signaltap_body|sld_signaltap_implb:sld_signaltap_body|sld_ela_control:ela_control|sld_ela_basic_multi_level_trigger:\basic_multi_level_mbpm_trigger_gen:multi_level_mbpm|sld_mbpmg:\trigger_modules_gen:0:trigger_match|sld_sbpmg:\gen_sbpmg_pipeline_less_than_two:sm0:240:sm1 ; work         ;
;                      |sld_sbpmg:\gen_sbpmg_pipeline_less_than_two:sm0:241:sm1|                          ; 2 (2)             ; 2 (2)        ; 0           ; 0            ; 0       ; 0         ; 0    ; 0            ; |top|sld_signaltap:auto_signaltap_0|sld_signaltap_impl:sld_signaltap_body|sld_signaltap_implb:sld_signaltap_body|sld_ela_control:ela_control|sld_ela_basic_multi_level_trigger:\basic_multi_level_mbpm_trigger_gen:multi_level_mbpm|sld_mbpmg:\trigger_modules_gen:0:trigger_match|sld_sbpmg:\gen_sbpmg_pipeline_less_than_two:sm0:241:sm1 ; work         ;
;                      |sld_sbpmg:\gen_sbpmg_pipeline_less_than_two:sm0:242:sm1|                          ; 2 (2)             ; 2 (2)        ; 0           ; 0            ; 0       ; 0         ; 0    ; 0            ; |top|sld_signaltap:auto_signaltap_0|sld_signaltap_impl:sld_signaltap_body|sld_signaltap_implb:sld_signaltap_body|sld_ela_control:ela_control|sld_ela_basic_multi_level_trigger:\basic_multi_level_mbpm_trigger_gen:multi_level_mbpm|sld_mbpmg:\trigger_modules_gen:0:trigger_match|sld_sbpmg:\gen_sbpmg_pipeline_less_than_two:sm0:242:sm1 ; work         ;
;                      |sld_sbpmg:\gen_sbpmg_pipeline_less_than_two:sm0:243:sm1|                          ; 2 (2)             ; 2 (2)        ; 0           ; 0            ; 0       ; 0         ; 0    ; 0            ; |top|sld_signaltap:auto_signaltap_0|sld_signaltap_impl:sld_signaltap_body|sld_signaltap_implb:sld_signaltap_body|sld_ela_control:ela_control|sld_ela_basic_multi_level_trigger:\basic_multi_level_mbpm_trigger_gen:multi_level_mbpm|sld_mbpmg:\trigger_modules_gen:0:trigger_match|sld_sbpmg:\gen_sbpmg_pipeline_less_than_two:sm0:243:sm1 ; work         ;
;                      |sld_sbpmg:\gen_sbpmg_pipeline_less_than_two:sm0:244:sm1|                          ; 2 (2)             ; 2 (2)        ; 0           ; 0            ; 0       ; 0         ; 0    ; 0            ; |top|sld_signaltap:auto_signaltap_0|sld_signaltap_impl:sld_signaltap_body|sld_signaltap_implb:sld_signaltap_body|sld_ela_control:ela_control|sld_ela_basic_multi_level_trigger:\basic_multi_level_mbpm_trigger_gen:multi_level_mbpm|sld_mbpmg:\trigger_modules_gen:0:trigger_match|sld_sbpmg:\gen_sbpmg_pipeline_less_than_two:sm0:244:sm1 ; work         ;
;                      |sld_sbpmg:\gen_sbpmg_pipeline_less_than_two:sm0:245:sm1|                          ; 2 (2)             ; 2 (2)        ; 0           ; 0            ; 0       ; 0         ; 0    ; 0            ; |top|sld_signaltap:auto_signaltap_0|sld_signaltap_impl:sld_signaltap_body|sld_signaltap_implb:sld_signaltap_body|sld_ela_control:ela_control|sld_ela_basic_multi_level_trigger:\basic_multi_level_mbpm_trigger_gen:multi_level_mbpm|sld_mbpmg:\trigger_modules_gen:0:trigger_match|sld_sbpmg:\gen_sbpmg_pipeline_less_than_two:sm0:245:sm1 ; work         ;
;                      |sld_sbpmg:\gen_sbpmg_pipeline_less_than_two:sm0:246:sm1|                          ; 2 (2)             ; 2 (2)        ; 0           ; 0            ; 0       ; 0         ; 0    ; 0            ; |top|sld_signaltap:auto_signaltap_0|sld_signaltap_impl:sld_signaltap_body|sld_signaltap_implb:sld_signaltap_body|sld_ela_control:ela_control|sld_ela_basic_multi_level_trigger:\basic_multi_level_mbpm_trigger_gen:multi_level_mbpm|sld_mbpmg:\trigger_modules_gen:0:trigger_match|sld_sbpmg:\gen_sbpmg_pipeline_less_than_two:sm0:246:sm1 ; work         ;
;                      |sld_sbpmg:\gen_sbpmg_pipeline_less_than_two:sm0:247:sm1|                          ; 2 (2)             ; 2 (2)        ; 0           ; 0            ; 0       ; 0         ; 0    ; 0            ; |top|sld_signaltap:auto_signaltap_0|sld_signaltap_impl:sld_signaltap_body|sld_signaltap_implb:sld_signaltap_body|sld_ela_control:ela_control|sld_ela_basic_multi_level_trigger:\basic_multi_level_mbpm_trigger_gen:multi_level_mbpm|sld_mbpmg:\trigger_modules_gen:0:trigger_match|sld_sbpmg:\gen_sbpmg_pipeline_less_than_two:sm0:247:sm1 ; work         ;
;                      |sld_sbpmg:\gen_sbpmg_pipeline_less_than_two:sm0:248:sm1|                          ; 2 (2)             ; 2 (2)        ; 0           ; 0            ; 0       ; 0         ; 0    ; 0            ; |top|sld_signaltap:auto_signaltap_0|sld_signaltap_impl:sld_signaltap_body|sld_signaltap_implb:sld_signaltap_body|sld_ela_control:ela_control|sld_ela_basic_multi_level_trigger:\basic_multi_level_mbpm_trigger_gen:multi_level_mbpm|sld_mbpmg:\trigger_modules_gen:0:trigger_match|sld_sbpmg:\gen_sbpmg_pipeline_less_than_two:sm0:248:sm1 ; work         ;
;                      |sld_sbpmg:\gen_sbpmg_pipeline_less_than_two:sm0:249:sm1|                          ; 2 (2)             ; 2 (2)        ; 0           ; 0            ; 0       ; 0         ; 0    ; 0            ; |top|sld_signaltap:auto_signaltap_0|sld_signaltap_impl:sld_signaltap_body|sld_signaltap_implb:sld_signaltap_body|sld_ela_control:ela_control|sld_ela_basic_multi_level_trigger:\basic_multi_level_mbpm_trigger_gen:multi_level_mbpm|sld_mbpmg:\trigger_modules_gen:0:trigger_match|sld_sbpmg:\gen_sbpmg_pipeline_less_than_two:sm0:249:sm1 ; work         ;
;                      |sld_sbpmg:\gen_sbpmg_pipeline_less_than_two:sm0:24:sm1|                           ; 2 (2)             ; 2 (2)        ; 0           ; 0            ; 0       ; 0         ; 0    ; 0            ; |top|sld_signaltap:auto_signaltap_0|sld_signaltap_impl:sld_signaltap_body|sld_signaltap_implb:sld_signaltap_body|sld_ela_control:ela_control|sld_ela_basic_multi_level_trigger:\basic_multi_level_mbpm_trigger_gen:multi_level_mbpm|sld_mbpmg:\trigger_modules_gen:0:trigger_match|sld_sbpmg:\gen_sbpmg_pipeline_less_than_two:sm0:24:sm1  ; work         ;
;                      |sld_sbpmg:\gen_sbpmg_pipeline_less_than_two:sm0:250:sm1|                          ; 2 (2)             ; 2 (2)        ; 0           ; 0            ; 0       ; 0         ; 0    ; 0            ; |top|sld_signaltap:auto_signaltap_0|sld_signaltap_impl:sld_signaltap_body|sld_signaltap_implb:sld_signaltap_body|sld_ela_control:ela_control|sld_ela_basic_multi_level_trigger:\basic_multi_level_mbpm_trigger_gen:multi_level_mbpm|sld_mbpmg:\trigger_modules_gen:0:trigger_match|sld_sbpmg:\gen_sbpmg_pipeline_less_than_two:sm0:250:sm1 ; work         ;
;                      |sld_sbpmg:\gen_sbpmg_pipeline_less_than_two:sm0:251:sm1|                          ; 2 (2)             ; 2 (2)        ; 0           ; 0            ; 0       ; 0         ; 0    ; 0            ; |top|sld_signaltap:auto_signaltap_0|sld_signaltap_impl:sld_signaltap_body|sld_signaltap_implb:sld_signaltap_body|sld_ela_control:ela_control|sld_ela_basic_multi_level_trigger:\basic_multi_level_mbpm_trigger_gen:multi_level_mbpm|sld_mbpmg:\trigger_modules_gen:0:trigger_match|sld_sbpmg:\gen_sbpmg_pipeline_less_than_two:sm0:251:sm1 ; work         ;
;                      |sld_sbpmg:\gen_sbpmg_pipeline_less_than_two:sm0:252:sm1|                          ; 2 (2)             ; 2 (2)        ; 0           ; 0            ; 0       ; 0         ; 0    ; 0            ; |top|sld_signaltap:auto_signaltap_0|sld_signaltap_impl:sld_signaltap_body|sld_signaltap_implb:sld_signaltap_body|sld_ela_control:ela_control|sld_ela_basic_multi_level_trigger:\basic_multi_level_mbpm_trigger_gen:multi_level_mbpm|sld_mbpmg:\trigger_modules_gen:0:trigger_match|sld_sbpmg:\gen_sbpmg_pipeline_less_than_two:sm0:252:sm1 ; work         ;
;                      |sld_sbpmg:\gen_sbpmg_pipeline_less_than_two:sm0:253:sm1|                          ; 2 (2)             ; 2 (2)        ; 0           ; 0            ; 0       ; 0         ; 0    ; 0            ; |top|sld_signaltap:auto_signaltap_0|sld_signaltap_impl:sld_signaltap_body|sld_signaltap_implb:sld_signaltap_body|sld_ela_control:ela_control|sld_ela_basic_multi_level_trigger:\basic_multi_level_mbpm_trigger_gen:multi_level_mbpm|sld_mbpmg:\trigger_modules_gen:0:trigger_match|sld_sbpmg:\gen_sbpmg_pipeline_less_than_two:sm0:253:sm1 ; work         ;
;                      |sld_sbpmg:\gen_sbpmg_pipeline_less_than_two:sm0:254:sm1|                          ; 2 (2)             ; 2 (2)        ; 0           ; 0            ; 0       ; 0         ; 0    ; 0            ; |top|sld_signaltap:auto_signaltap_0|sld_signaltap_impl:sld_signaltap_body|sld_signaltap_implb:sld_signaltap_body|sld_ela_control:ela_control|sld_ela_basic_multi_level_trigger:\basic_multi_level_mbpm_trigger_gen:multi_level_mbpm|sld_mbpmg:\trigger_modules_gen:0:trigger_match|sld_sbpmg:\gen_sbpmg_pipeline_less_than_two:sm0:254:sm1 ; work         ;
;                      |sld_sbpmg:\gen_sbpmg_pipeline_less_than_two:sm0:255:sm1|                          ; 2 (2)             ; 2 (2)        ; 0           ; 0            ; 0       ; 0         ; 0    ; 0            ; |top|sld_signaltap:auto_signaltap_0|sld_signaltap_impl:sld_signaltap_body|sld_signaltap_implb:sld_signaltap_body|sld_ela_control:ela_control|sld_ela_basic_multi_level_trigger:\basic_multi_level_mbpm_trigger_gen:multi_level_mbpm|sld_mbpmg:\trigger_modules_gen:0:trigger_match|sld_sbpmg:\gen_sbpmg_pipeline_less_than_two:sm0:255:sm1 ; work         ;
;                      |sld_sbpmg:\gen_sbpmg_pipeline_less_than_two:sm0:256:sm1|                          ; 2 (2)             ; 2 (2)        ; 0           ; 0            ; 0       ; 0         ; 0    ; 0            ; |top|sld_signaltap:auto_signaltap_0|sld_signaltap_impl:sld_signaltap_body|sld_signaltap_implb:sld_signaltap_body|sld_ela_control:ela_control|sld_ela_basic_multi_level_trigger:\basic_multi_level_mbpm_trigger_gen:multi_level_mbpm|sld_mbpmg:\trigger_modules_gen:0:trigger_match|sld_sbpmg:\gen_sbpmg_pipeline_less_than_two:sm0:256:sm1 ; work         ;
;                      |sld_sbpmg:\gen_sbpmg_pipeline_less_than_two:sm0:257:sm1|                          ; 2 (2)             ; 2 (2)        ; 0           ; 0            ; 0       ; 0         ; 0    ; 0            ; |top|sld_signaltap:auto_signaltap_0|sld_signaltap_impl:sld_signaltap_body|sld_signaltap_implb:sld_signaltap_body|sld_ela_control:ela_control|sld_ela_basic_multi_level_trigger:\basic_multi_level_mbpm_trigger_gen:multi_level_mbpm|sld_mbpmg:\trigger_modules_gen:0:trigger_match|sld_sbpmg:\gen_sbpmg_pipeline_less_than_two:sm0:257:sm1 ; work         ;
;                      |sld_sbpmg:\gen_sbpmg_pipeline_less_than_two:sm0:258:sm1|                          ; 2 (2)             ; 2 (2)        ; 0           ; 0            ; 0       ; 0         ; 0    ; 0            ; |top|sld_signaltap:auto_signaltap_0|sld_signaltap_impl:sld_signaltap_body|sld_signaltap_implb:sld_signaltap_body|sld_ela_control:ela_control|sld_ela_basic_multi_level_trigger:\basic_multi_level_mbpm_trigger_gen:multi_level_mbpm|sld_mbpmg:\trigger_modules_gen:0:trigger_match|sld_sbpmg:\gen_sbpmg_pipeline_less_than_two:sm0:258:sm1 ; work         ;
;                      |sld_sbpmg:\gen_sbpmg_pipeline_less_than_two:sm0:259:sm1|                          ; 2 (2)             ; 2 (2)        ; 0           ; 0            ; 0       ; 0         ; 0    ; 0            ; |top|sld_signaltap:auto_signaltap_0|sld_signaltap_impl:sld_signaltap_body|sld_signaltap_implb:sld_signaltap_body|sld_ela_control:ela_control|sld_ela_basic_multi_level_trigger:\basic_multi_level_mbpm_trigger_gen:multi_level_mbpm|sld_mbpmg:\trigger_modules_gen:0:trigger_match|sld_sbpmg:\gen_sbpmg_pipeline_less_than_two:sm0:259:sm1 ; work         ;
;                      |sld_sbpmg:\gen_sbpmg_pipeline_less_than_two:sm0:25:sm1|                           ; 2 (2)             ; 2 (2)        ; 0           ; 0            ; 0       ; 0         ; 0    ; 0            ; |top|sld_signaltap:auto_signaltap_0|sld_signaltap_impl:sld_signaltap_body|sld_signaltap_implb:sld_signaltap_body|sld_ela_control:ela_control|sld_ela_basic_multi_level_trigger:\basic_multi_level_mbpm_trigger_gen:multi_level_mbpm|sld_mbpmg:\trigger_modules_gen:0:trigger_match|sld_sbpmg:\gen_sbpmg_pipeline_less_than_two:sm0:25:sm1  ; work         ;
;                      |sld_sbpmg:\gen_sbpmg_pipeline_less_than_two:sm0:260:sm1|                          ; 2 (2)             ; 2 (2)        ; 0           ; 0            ; 0       ; 0         ; 0    ; 0            ; |top|sld_signaltap:auto_signaltap_0|sld_signaltap_impl:sld_signaltap_body|sld_signaltap_implb:sld_signaltap_body|sld_ela_control:ela_control|sld_ela_basic_multi_level_trigger:\basic_multi_level_mbpm_trigger_gen:multi_level_mbpm|sld_mbpmg:\trigger_modules_gen:0:trigger_match|sld_sbpmg:\gen_sbpmg_pipeline_less_than_two:sm0:260:sm1 ; work         ;
;                      |sld_sbpmg:\gen_sbpmg_pipeline_less_than_two:sm0:261:sm1|                          ; 2 (2)             ; 2 (2)        ; 0           ; 0            ; 0       ; 0         ; 0    ; 0            ; |top|sld_signaltap:auto_signaltap_0|sld_signaltap_impl:sld_signaltap_body|sld_signaltap_implb:sld_signaltap_body|sld_ela_control:ela_control|sld_ela_basic_multi_level_trigger:\basic_multi_level_mbpm_trigger_gen:multi_level_mbpm|sld_mbpmg:\trigger_modules_gen:0:trigger_match|sld_sbpmg:\gen_sbpmg_pipeline_less_than_two:sm0:261:sm1 ; work         ;
;                      |sld_sbpmg:\gen_sbpmg_pipeline_less_than_two:sm0:262:sm1|                          ; 2 (2)             ; 2 (2)        ; 0           ; 0            ; 0       ; 0         ; 0    ; 0            ; |top|sld_signaltap:auto_signaltap_0|sld_signaltap_impl:sld_signaltap_body|sld_signaltap_implb:sld_signaltap_body|sld_ela_control:ela_control|sld_ela_basic_multi_level_trigger:\basic_multi_level_mbpm_trigger_gen:multi_level_mbpm|sld_mbpmg:\trigger_modules_gen:0:trigger_match|sld_sbpmg:\gen_sbpmg_pipeline_less_than_two:sm0:262:sm1 ; work         ;
;                      |sld_sbpmg:\gen_sbpmg_pipeline_less_than_two:sm0:263:sm1|                          ; 2 (2)             ; 2 (2)        ; 0           ; 0            ; 0       ; 0         ; 0    ; 0            ; |top|sld_signaltap:auto_signaltap_0|sld_signaltap_impl:sld_signaltap_body|sld_signaltap_implb:sld_signaltap_body|sld_ela_control:ela_control|sld_ela_basic_multi_level_trigger:\basic_multi_level_mbpm_trigger_gen:multi_level_mbpm|sld_mbpmg:\trigger_modules_gen:0:trigger_match|sld_sbpmg:\gen_sbpmg_pipeline_less_than_two:sm0:263:sm1 ; work         ;
;                      |sld_sbpmg:\gen_sbpmg_pipeline_less_than_two:sm0:264:sm1|                          ; 2 (2)             ; 2 (2)        ; 0           ; 0            ; 0       ; 0         ; 0    ; 0            ; |top|sld_signaltap:auto_signaltap_0|sld_signaltap_impl:sld_signaltap_body|sld_signaltap_implb:sld_signaltap_body|sld_ela_control:ela_control|sld_ela_basic_multi_level_trigger:\basic_multi_level_mbpm_trigger_gen:multi_level_mbpm|sld_mbpmg:\trigger_modules_gen:0:trigger_match|sld_sbpmg:\gen_sbpmg_pipeline_less_than_two:sm0:264:sm1 ; work         ;
;                      |sld_sbpmg:\gen_sbpmg_pipeline_less_than_two:sm0:265:sm1|                          ; 2 (2)             ; 2 (2)        ; 0           ; 0            ; 0       ; 0         ; 0    ; 0            ; |top|sld_signaltap:auto_signaltap_0|sld_signaltap_impl:sld_signaltap_body|sld_signaltap_implb:sld_signaltap_body|sld_ela_control:ela_control|sld_ela_basic_multi_level_trigger:\basic_multi_level_mbpm_trigger_gen:multi_level_mbpm|sld_mbpmg:\trigger_modules_gen:0:trigger_match|sld_sbpmg:\gen_sbpmg_pipeline_less_than_two:sm0:265:sm1 ; work         ;
;                      |sld_sbpmg:\gen_sbpmg_pipeline_less_than_two:sm0:266:sm1|                          ; 2 (2)             ; 2 (2)        ; 0           ; 0            ; 0       ; 0         ; 0    ; 0            ; |top|sld_signaltap:auto_signaltap_0|sld_signaltap_impl:sld_signaltap_body|sld_signaltap_implb:sld_signaltap_body|sld_ela_control:ela_control|sld_ela_basic_multi_level_trigger:\basic_multi_level_mbpm_trigger_gen:multi_level_mbpm|sld_mbpmg:\trigger_modules_gen:0:trigger_match|sld_sbpmg:\gen_sbpmg_pipeline_less_than_two:sm0:266:sm1 ; work         ;
;                      |sld_sbpmg:\gen_sbpmg_pipeline_less_than_two:sm0:267:sm1|                          ; 2 (2)             ; 2 (2)        ; 0           ; 0            ; 0       ; 0         ; 0    ; 0            ; |top|sld_signaltap:auto_signaltap_0|sld_signaltap_impl:sld_signaltap_body|sld_signaltap_implb:sld_signaltap_body|sld_ela_control:ela_control|sld_ela_basic_multi_level_trigger:\basic_multi_level_mbpm_trigger_gen:multi_level_mbpm|sld_mbpmg:\trigger_modules_gen:0:trigger_match|sld_sbpmg:\gen_sbpmg_pipeline_less_than_two:sm0:267:sm1 ; work         ;
;                      |sld_sbpmg:\gen_sbpmg_pipeline_less_than_two:sm0:268:sm1|                          ; 2 (2)             ; 2 (2)        ; 0           ; 0            ; 0       ; 0         ; 0    ; 0            ; |top|sld_signaltap:auto_signaltap_0|sld_signaltap_impl:sld_signaltap_body|sld_signaltap_implb:sld_signaltap_body|sld_ela_control:ela_control|sld_ela_basic_multi_level_trigger:\basic_multi_level_mbpm_trigger_gen:multi_level_mbpm|sld_mbpmg:\trigger_modules_gen:0:trigger_match|sld_sbpmg:\gen_sbpmg_pipeline_less_than_two:sm0:268:sm1 ; work         ;
;                      |sld_sbpmg:\gen_sbpmg_pipeline_less_than_two:sm0:269:sm1|                          ; 2 (2)             ; 2 (2)        ; 0           ; 0            ; 0       ; 0         ; 0    ; 0            ; |top|sld_signaltap:auto_signaltap_0|sld_signaltap_impl:sld_signaltap_body|sld_signaltap_implb:sld_signaltap_body|sld_ela_control:ela_control|sld_ela_basic_multi_level_trigger:\basic_multi_level_mbpm_trigger_gen:multi_level_mbpm|sld_mbpmg:\trigger_modules_gen:0:trigger_match|sld_sbpmg:\gen_sbpmg_pipeline_less_than_two:sm0:269:sm1 ; work         ;
;                      |sld_sbpmg:\gen_sbpmg_pipeline_less_than_two:sm0:26:sm1|                           ; 2 (2)             ; 2 (2)        ; 0           ; 0            ; 0       ; 0         ; 0    ; 0            ; |top|sld_signaltap:auto_signaltap_0|sld_signaltap_impl:sld_signaltap_body|sld_signaltap_implb:sld_signaltap_body|sld_ela_control:ela_control|sld_ela_basic_multi_level_trigger:\basic_multi_level_mbpm_trigger_gen:multi_level_mbpm|sld_mbpmg:\trigger_modules_gen:0:trigger_match|sld_sbpmg:\gen_sbpmg_pipeline_less_than_two:sm0:26:sm1  ; work         ;
;                      |sld_sbpmg:\gen_sbpmg_pipeline_less_than_two:sm0:270:sm1|                          ; 2 (2)             ; 2 (2)        ; 0           ; 0            ; 0       ; 0         ; 0    ; 0            ; |top|sld_signaltap:auto_signaltap_0|sld_signaltap_impl:sld_signaltap_body|sld_signaltap_implb:sld_signaltap_body|sld_ela_control:ela_control|sld_ela_basic_multi_level_trigger:\basic_multi_level_mbpm_trigger_gen:multi_level_mbpm|sld_mbpmg:\trigger_modules_gen:0:trigger_match|sld_sbpmg:\gen_sbpmg_pipeline_less_than_two:sm0:270:sm1 ; work         ;
;                      |sld_sbpmg:\gen_sbpmg_pipeline_less_than_two:sm0:271:sm1|                          ; 2 (2)             ; 2 (2)        ; 0           ; 0            ; 0       ; 0         ; 0    ; 0            ; |top|sld_signaltap:auto_signaltap_0|sld_signaltap_impl:sld_signaltap_body|sld_signaltap_implb:sld_signaltap_body|sld_ela_control:ela_control|sld_ela_basic_multi_level_trigger:\basic_multi_level_mbpm_trigger_gen:multi_level_mbpm|sld_mbpmg:\trigger_modules_gen:0:trigger_match|sld_sbpmg:\gen_sbpmg_pipeline_less_than_two:sm0:271:sm1 ; work         ;
;                      |sld_sbpmg:\gen_sbpmg_pipeline_less_than_two:sm0:272:sm1|                          ; 2 (2)             ; 2 (2)        ; 0           ; 0            ; 0       ; 0         ; 0    ; 0            ; |top|sld_signaltap:auto_signaltap_0|sld_signaltap_impl:sld_signaltap_body|sld_signaltap_implb:sld_signaltap_body|sld_ela_control:ela_control|sld_ela_basic_multi_level_trigger:\basic_multi_level_mbpm_trigger_gen:multi_level_mbpm|sld_mbpmg:\trigger_modules_gen:0:trigger_match|sld_sbpmg:\gen_sbpmg_pipeline_less_than_two:sm0:272:sm1 ; work         ;
;                      |sld_sbpmg:\gen_sbpmg_pipeline_less_than_two:sm0:273:sm1|                          ; 2 (2)             ; 2 (2)        ; 0           ; 0            ; 0       ; 0         ; 0    ; 0            ; |top|sld_signaltap:auto_signaltap_0|sld_signaltap_impl:sld_signaltap_body|sld_signaltap_implb:sld_signaltap_body|sld_ela_control:ela_control|sld_ela_basic_multi_level_trigger:\basic_multi_level_mbpm_trigger_gen:multi_level_mbpm|sld_mbpmg:\trigger_modules_gen:0:trigger_match|sld_sbpmg:\gen_sbpmg_pipeline_less_than_two:sm0:273:sm1 ; work         ;
;                      |sld_sbpmg:\gen_sbpmg_pipeline_less_than_two:sm0:274:sm1|                          ; 2 (2)             ; 2 (2)        ; 0           ; 0            ; 0       ; 0         ; 0    ; 0            ; |top|sld_signaltap:auto_signaltap_0|sld_signaltap_impl:sld_signaltap_body|sld_signaltap_implb:sld_signaltap_body|sld_ela_control:ela_control|sld_ela_basic_multi_level_trigger:\basic_multi_level_mbpm_trigger_gen:multi_level_mbpm|sld_mbpmg:\trigger_modules_gen:0:trigger_match|sld_sbpmg:\gen_sbpmg_pipeline_less_than_two:sm0:274:sm1 ; work         ;
;                      |sld_sbpmg:\gen_sbpmg_pipeline_less_than_two:sm0:275:sm1|                          ; 2 (2)             ; 2 (2)        ; 0           ; 0            ; 0       ; 0         ; 0    ; 0            ; |top|sld_signaltap:auto_signaltap_0|sld_signaltap_impl:sld_signaltap_body|sld_signaltap_implb:sld_signaltap_body|sld_ela_control:ela_control|sld_ela_basic_multi_level_trigger:\basic_multi_level_mbpm_trigger_gen:multi_level_mbpm|sld_mbpmg:\trigger_modules_gen:0:trigger_match|sld_sbpmg:\gen_sbpmg_pipeline_less_than_two:sm0:275:sm1 ; work         ;
;                      |sld_sbpmg:\gen_sbpmg_pipeline_less_than_two:sm0:276:sm1|                          ; 2 (2)             ; 2 (2)        ; 0           ; 0            ; 0       ; 0         ; 0    ; 0            ; |top|sld_signaltap:auto_signaltap_0|sld_signaltap_impl:sld_signaltap_body|sld_signaltap_implb:sld_signaltap_body|sld_ela_control:ela_control|sld_ela_basic_multi_level_trigger:\basic_multi_level_mbpm_trigger_gen:multi_level_mbpm|sld_mbpmg:\trigger_modules_gen:0:trigger_match|sld_sbpmg:\gen_sbpmg_pipeline_less_than_two:sm0:276:sm1 ; work         ;
;                      |sld_sbpmg:\gen_sbpmg_pipeline_less_than_two:sm0:277:sm1|                          ; 2 (2)             ; 2 (2)        ; 0           ; 0            ; 0       ; 0         ; 0    ; 0            ; |top|sld_signaltap:auto_signaltap_0|sld_signaltap_impl:sld_signaltap_body|sld_signaltap_implb:sld_signaltap_body|sld_ela_control:ela_control|sld_ela_basic_multi_level_trigger:\basic_multi_level_mbpm_trigger_gen:multi_level_mbpm|sld_mbpmg:\trigger_modules_gen:0:trigger_match|sld_sbpmg:\gen_sbpmg_pipeline_less_than_two:sm0:277:sm1 ; work         ;
;                      |sld_sbpmg:\gen_sbpmg_pipeline_less_than_two:sm0:278:sm1|                          ; 2 (2)             ; 2 (2)        ; 0           ; 0            ; 0       ; 0         ; 0    ; 0            ; |top|sld_signaltap:auto_signaltap_0|sld_signaltap_impl:sld_signaltap_body|sld_signaltap_implb:sld_signaltap_body|sld_ela_control:ela_control|sld_ela_basic_multi_level_trigger:\basic_multi_level_mbpm_trigger_gen:multi_level_mbpm|sld_mbpmg:\trigger_modules_gen:0:trigger_match|sld_sbpmg:\gen_sbpmg_pipeline_less_than_two:sm0:278:sm1 ; work         ;
;                      |sld_sbpmg:\gen_sbpmg_pipeline_less_than_two:sm0:279:sm1|                          ; 2 (2)             ; 2 (2)        ; 0           ; 0            ; 0       ; 0         ; 0    ; 0            ; |top|sld_signaltap:auto_signaltap_0|sld_signaltap_impl:sld_signaltap_body|sld_signaltap_implb:sld_signaltap_body|sld_ela_control:ela_control|sld_ela_basic_multi_level_trigger:\basic_multi_level_mbpm_trigger_gen:multi_level_mbpm|sld_mbpmg:\trigger_modules_gen:0:trigger_match|sld_sbpmg:\gen_sbpmg_pipeline_less_than_two:sm0:279:sm1 ; work         ;
;                      |sld_sbpmg:\gen_sbpmg_pipeline_less_than_two:sm0:27:sm1|                           ; 2 (2)             ; 2 (2)        ; 0           ; 0            ; 0       ; 0         ; 0    ; 0            ; |top|sld_signaltap:auto_signaltap_0|sld_signaltap_impl:sld_signaltap_body|sld_signaltap_implb:sld_signaltap_body|sld_ela_control:ela_control|sld_ela_basic_multi_level_trigger:\basic_multi_level_mbpm_trigger_gen:multi_level_mbpm|sld_mbpmg:\trigger_modules_gen:0:trigger_match|sld_sbpmg:\gen_sbpmg_pipeline_less_than_two:sm0:27:sm1  ; work         ;
;                      |sld_sbpmg:\gen_sbpmg_pipeline_less_than_two:sm0:280:sm1|                          ; 2 (2)             ; 2 (2)        ; 0           ; 0            ; 0       ; 0         ; 0    ; 0            ; |top|sld_signaltap:auto_signaltap_0|sld_signaltap_impl:sld_signaltap_body|sld_signaltap_implb:sld_signaltap_body|sld_ela_control:ela_control|sld_ela_basic_multi_level_trigger:\basic_multi_level_mbpm_trigger_gen:multi_level_mbpm|sld_mbpmg:\trigger_modules_gen:0:trigger_match|sld_sbpmg:\gen_sbpmg_pipeline_less_than_two:sm0:280:sm1 ; work         ;
;                      |sld_sbpmg:\gen_sbpmg_pipeline_less_than_two:sm0:281:sm1|                          ; 2 (2)             ; 2 (2)        ; 0           ; 0            ; 0       ; 0         ; 0    ; 0            ; |top|sld_signaltap:auto_signaltap_0|sld_signaltap_impl:sld_signaltap_body|sld_signaltap_implb:sld_signaltap_body|sld_ela_control:ela_control|sld_ela_basic_multi_level_trigger:\basic_multi_level_mbpm_trigger_gen:multi_level_mbpm|sld_mbpmg:\trigger_modules_gen:0:trigger_match|sld_sbpmg:\gen_sbpmg_pipeline_less_than_two:sm0:281:sm1 ; work         ;
;                      |sld_sbpmg:\gen_sbpmg_pipeline_less_than_two:sm0:28:sm1|                           ; 2 (2)             ; 2 (2)        ; 0           ; 0            ; 0       ; 0         ; 0    ; 0            ; |top|sld_signaltap:auto_signaltap_0|sld_signaltap_impl:sld_signaltap_body|sld_signaltap_implb:sld_signaltap_body|sld_ela_control:ela_control|sld_ela_basic_multi_level_trigger:\basic_multi_level_mbpm_trigger_gen:multi_level_mbpm|sld_mbpmg:\trigger_modules_gen:0:trigger_match|sld_sbpmg:\gen_sbpmg_pipeline_less_than_two:sm0:28:sm1  ; work         ;
;                      |sld_sbpmg:\gen_sbpmg_pipeline_less_than_two:sm0:29:sm1|                           ; 2 (2)             ; 2 (2)        ; 0           ; 0            ; 0       ; 0         ; 0    ; 0            ; |top|sld_signaltap:auto_signaltap_0|sld_signaltap_impl:sld_signaltap_body|sld_signaltap_implb:sld_signaltap_body|sld_ela_control:ela_control|sld_ela_basic_multi_level_trigger:\basic_multi_level_mbpm_trigger_gen:multi_level_mbpm|sld_mbpmg:\trigger_modules_gen:0:trigger_match|sld_sbpmg:\gen_sbpmg_pipeline_less_than_two:sm0:29:sm1  ; work         ;
;                      |sld_sbpmg:\gen_sbpmg_pipeline_less_than_two:sm0:2:sm1|                            ; 2 (2)             ; 2 (2)        ; 0           ; 0            ; 0       ; 0         ; 0    ; 0            ; |top|sld_signaltap:auto_signaltap_0|sld_signaltap_impl:sld_signaltap_body|sld_signaltap_implb:sld_signaltap_body|sld_ela_control:ela_control|sld_ela_basic_multi_level_trigger:\basic_multi_level_mbpm_trigger_gen:multi_level_mbpm|sld_mbpmg:\trigger_modules_gen:0:trigger_match|sld_sbpmg:\gen_sbpmg_pipeline_less_than_two:sm0:2:sm1   ; work         ;
;                      |sld_sbpmg:\gen_sbpmg_pipeline_less_than_two:sm0:30:sm1|                           ; 2 (2)             ; 2 (2)        ; 0           ; 0            ; 0       ; 0         ; 0    ; 0            ; |top|sld_signaltap:auto_signaltap_0|sld_signaltap_impl:sld_signaltap_body|sld_signaltap_implb:sld_signaltap_body|sld_ela_control:ela_control|sld_ela_basic_multi_level_trigger:\basic_multi_level_mbpm_trigger_gen:multi_level_mbpm|sld_mbpmg:\trigger_modules_gen:0:trigger_match|sld_sbpmg:\gen_sbpmg_pipeline_less_than_two:sm0:30:sm1  ; work         ;
;                      |sld_sbpmg:\gen_sbpmg_pipeline_less_than_two:sm0:31:sm1|                           ; 2 (2)             ; 2 (2)        ; 0           ; 0            ; 0       ; 0         ; 0    ; 0            ; |top|sld_signaltap:auto_signaltap_0|sld_signaltap_impl:sld_signaltap_body|sld_signaltap_implb:sld_signaltap_body|sld_ela_control:ela_control|sld_ela_basic_multi_level_trigger:\basic_multi_level_mbpm_trigger_gen:multi_level_mbpm|sld_mbpmg:\trigger_modules_gen:0:trigger_match|sld_sbpmg:\gen_sbpmg_pipeline_less_than_two:sm0:31:sm1  ; work         ;
;                      |sld_sbpmg:\gen_sbpmg_pipeline_less_than_two:sm0:32:sm1|                           ; 2 (2)             ; 2 (2)        ; 0           ; 0            ; 0       ; 0         ; 0    ; 0            ; |top|sld_signaltap:auto_signaltap_0|sld_signaltap_impl:sld_signaltap_body|sld_signaltap_implb:sld_signaltap_body|sld_ela_control:ela_control|sld_ela_basic_multi_level_trigger:\basic_multi_level_mbpm_trigger_gen:multi_level_mbpm|sld_mbpmg:\trigger_modules_gen:0:trigger_match|sld_sbpmg:\gen_sbpmg_pipeline_less_than_two:sm0:32:sm1  ; work         ;
;                      |sld_sbpmg:\gen_sbpmg_pipeline_less_than_two:sm0:33:sm1|                           ; 2 (2)             ; 2 (2)        ; 0           ; 0            ; 0       ; 0         ; 0    ; 0            ; |top|sld_signaltap:auto_signaltap_0|sld_signaltap_impl:sld_signaltap_body|sld_signaltap_implb:sld_signaltap_body|sld_ela_control:ela_control|sld_ela_basic_multi_level_trigger:\basic_multi_level_mbpm_trigger_gen:multi_level_mbpm|sld_mbpmg:\trigger_modules_gen:0:trigger_match|sld_sbpmg:\gen_sbpmg_pipeline_less_than_two:sm0:33:sm1  ; work         ;
;                      |sld_sbpmg:\gen_sbpmg_pipeline_less_than_two:sm0:34:sm1|                           ; 2 (2)             ; 2 (2)        ; 0           ; 0            ; 0       ; 0         ; 0    ; 0            ; |top|sld_signaltap:auto_signaltap_0|sld_signaltap_impl:sld_signaltap_body|sld_signaltap_implb:sld_signaltap_body|sld_ela_control:ela_control|sld_ela_basic_multi_level_trigger:\basic_multi_level_mbpm_trigger_gen:multi_level_mbpm|sld_mbpmg:\trigger_modules_gen:0:trigger_match|sld_sbpmg:\gen_sbpmg_pipeline_less_than_two:sm0:34:sm1  ; work         ;
;                      |sld_sbpmg:\gen_sbpmg_pipeline_less_than_two:sm0:35:sm1|                           ; 2 (2)             ; 2 (2)        ; 0           ; 0            ; 0       ; 0         ; 0    ; 0            ; |top|sld_signaltap:auto_signaltap_0|sld_signaltap_impl:sld_signaltap_body|sld_signaltap_implb:sld_signaltap_body|sld_ela_control:ela_control|sld_ela_basic_multi_level_trigger:\basic_multi_level_mbpm_trigger_gen:multi_level_mbpm|sld_mbpmg:\trigger_modules_gen:0:trigger_match|sld_sbpmg:\gen_sbpmg_pipeline_less_than_two:sm0:35:sm1  ; work         ;
;                      |sld_sbpmg:\gen_sbpmg_pipeline_less_than_two:sm0:36:sm1|                           ; 2 (2)             ; 2 (2)        ; 0           ; 0            ; 0       ; 0         ; 0    ; 0            ; |top|sld_signaltap:auto_signaltap_0|sld_signaltap_impl:sld_signaltap_body|sld_signaltap_implb:sld_signaltap_body|sld_ela_control:ela_control|sld_ela_basic_multi_level_trigger:\basic_multi_level_mbpm_trigger_gen:multi_level_mbpm|sld_mbpmg:\trigger_modules_gen:0:trigger_match|sld_sbpmg:\gen_sbpmg_pipeline_less_than_two:sm0:36:sm1  ; work         ;
;                      |sld_sbpmg:\gen_sbpmg_pipeline_less_than_two:sm0:37:sm1|                           ; 2 (2)             ; 2 (2)        ; 0           ; 0            ; 0       ; 0         ; 0    ; 0            ; |top|sld_signaltap:auto_signaltap_0|sld_signaltap_impl:sld_signaltap_body|sld_signaltap_implb:sld_signaltap_body|sld_ela_control:ela_control|sld_ela_basic_multi_level_trigger:\basic_multi_level_mbpm_trigger_gen:multi_level_mbpm|sld_mbpmg:\trigger_modules_gen:0:trigger_match|sld_sbpmg:\gen_sbpmg_pipeline_less_than_two:sm0:37:sm1  ; work         ;
;                      |sld_sbpmg:\gen_sbpmg_pipeline_less_than_two:sm0:38:sm1|                           ; 2 (2)             ; 2 (2)        ; 0           ; 0            ; 0       ; 0         ; 0    ; 0            ; |top|sld_signaltap:auto_signaltap_0|sld_signaltap_impl:sld_signaltap_body|sld_signaltap_implb:sld_signaltap_body|sld_ela_control:ela_control|sld_ela_basic_multi_level_trigger:\basic_multi_level_mbpm_trigger_gen:multi_level_mbpm|sld_mbpmg:\trigger_modules_gen:0:trigger_match|sld_sbpmg:\gen_sbpmg_pipeline_less_than_two:sm0:38:sm1  ; work         ;
;                      |sld_sbpmg:\gen_sbpmg_pipeline_less_than_two:sm0:39:sm1|                           ; 2 (2)             ; 2 (2)        ; 0           ; 0            ; 0       ; 0         ; 0    ; 0            ; |top|sld_signaltap:auto_signaltap_0|sld_signaltap_impl:sld_signaltap_body|sld_signaltap_implb:sld_signaltap_body|sld_ela_control:ela_control|sld_ela_basic_multi_level_trigger:\basic_multi_level_mbpm_trigger_gen:multi_level_mbpm|sld_mbpmg:\trigger_modules_gen:0:trigger_match|sld_sbpmg:\gen_sbpmg_pipeline_less_than_two:sm0:39:sm1  ; work         ;
;                      |sld_sbpmg:\gen_sbpmg_pipeline_less_than_two:sm0:3:sm1|                            ; 2 (2)             ; 2 (2)        ; 0           ; 0            ; 0       ; 0         ; 0    ; 0            ; |top|sld_signaltap:auto_signaltap_0|sld_signaltap_impl:sld_signaltap_body|sld_signaltap_implb:sld_signaltap_body|sld_ela_control:ela_control|sld_ela_basic_multi_level_trigger:\basic_multi_level_mbpm_trigger_gen:multi_level_mbpm|sld_mbpmg:\trigger_modules_gen:0:trigger_match|sld_sbpmg:\gen_sbpmg_pipeline_less_than_two:sm0:3:sm1   ; work         ;
;                      |sld_sbpmg:\gen_sbpmg_pipeline_less_than_two:sm0:40:sm1|                           ; 2 (2)             ; 2 (2)        ; 0           ; 0            ; 0       ; 0         ; 0    ; 0            ; |top|sld_signaltap:auto_signaltap_0|sld_signaltap_impl:sld_signaltap_body|sld_signaltap_implb:sld_signaltap_body|sld_ela_control:ela_control|sld_ela_basic_multi_level_trigger:\basic_multi_level_mbpm_trigger_gen:multi_level_mbpm|sld_mbpmg:\trigger_modules_gen:0:trigger_match|sld_sbpmg:\gen_sbpmg_pipeline_less_than_two:sm0:40:sm1  ; work         ;
;                      |sld_sbpmg:\gen_sbpmg_pipeline_less_than_two:sm0:41:sm1|                           ; 2 (2)             ; 2 (2)        ; 0           ; 0            ; 0       ; 0         ; 0    ; 0            ; |top|sld_signaltap:auto_signaltap_0|sld_signaltap_impl:sld_signaltap_body|sld_signaltap_implb:sld_signaltap_body|sld_ela_control:ela_control|sld_ela_basic_multi_level_trigger:\basic_multi_level_mbpm_trigger_gen:multi_level_mbpm|sld_mbpmg:\trigger_modules_gen:0:trigger_match|sld_sbpmg:\gen_sbpmg_pipeline_less_than_two:sm0:41:sm1  ; work         ;
;                      |sld_sbpmg:\gen_sbpmg_pipeline_less_than_two:sm0:42:sm1|                           ; 2 (2)             ; 2 (2)        ; 0           ; 0            ; 0       ; 0         ; 0    ; 0            ; |top|sld_signaltap:auto_signaltap_0|sld_signaltap_impl:sld_signaltap_body|sld_signaltap_implb:sld_signaltap_body|sld_ela_control:ela_control|sld_ela_basic_multi_level_trigger:\basic_multi_level_mbpm_trigger_gen:multi_level_mbpm|sld_mbpmg:\trigger_modules_gen:0:trigger_match|sld_sbpmg:\gen_sbpmg_pipeline_less_than_two:sm0:42:sm1  ; work         ;
;                      |sld_sbpmg:\gen_sbpmg_pipeline_less_than_two:sm0:43:sm1|                           ; 2 (2)             ; 2 (2)        ; 0           ; 0            ; 0       ; 0         ; 0    ; 0            ; |top|sld_signaltap:auto_signaltap_0|sld_signaltap_impl:sld_signaltap_body|sld_signaltap_implb:sld_signaltap_body|sld_ela_control:ela_control|sld_ela_basic_multi_level_trigger:\basic_multi_level_mbpm_trigger_gen:multi_level_mbpm|sld_mbpmg:\trigger_modules_gen:0:trigger_match|sld_sbpmg:\gen_sbpmg_pipeline_less_than_two:sm0:43:sm1  ; work         ;
;                      |sld_sbpmg:\gen_sbpmg_pipeline_less_than_two:sm0:44:sm1|                           ; 2 (2)             ; 2 (2)        ; 0           ; 0            ; 0       ; 0         ; 0    ; 0            ; |top|sld_signaltap:auto_signaltap_0|sld_signaltap_impl:sld_signaltap_body|sld_signaltap_implb:sld_signaltap_body|sld_ela_control:ela_control|sld_ela_basic_multi_level_trigger:\basic_multi_level_mbpm_trigger_gen:multi_level_mbpm|sld_mbpmg:\trigger_modules_gen:0:trigger_match|sld_sbpmg:\gen_sbpmg_pipeline_less_than_two:sm0:44:sm1  ; work         ;
;                      |sld_sbpmg:\gen_sbpmg_pipeline_less_than_two:sm0:45:sm1|                           ; 2 (2)             ; 2 (2)        ; 0           ; 0            ; 0       ; 0         ; 0    ; 0            ; |top|sld_signaltap:auto_signaltap_0|sld_signaltap_impl:sld_signaltap_body|sld_signaltap_implb:sld_signaltap_body|sld_ela_control:ela_control|sld_ela_basic_multi_level_trigger:\basic_multi_level_mbpm_trigger_gen:multi_level_mbpm|sld_mbpmg:\trigger_modules_gen:0:trigger_match|sld_sbpmg:\gen_sbpmg_pipeline_less_than_two:sm0:45:sm1  ; work         ;
;                      |sld_sbpmg:\gen_sbpmg_pipeline_less_than_two:sm0:46:sm1|                           ; 2 (2)             ; 2 (2)        ; 0           ; 0            ; 0       ; 0         ; 0    ; 0            ; |top|sld_signaltap:auto_signaltap_0|sld_signaltap_impl:sld_signaltap_body|sld_signaltap_implb:sld_signaltap_body|sld_ela_control:ela_control|sld_ela_basic_multi_level_trigger:\basic_multi_level_mbpm_trigger_gen:multi_level_mbpm|sld_mbpmg:\trigger_modules_gen:0:trigger_match|sld_sbpmg:\gen_sbpmg_pipeline_less_than_two:sm0:46:sm1  ; work         ;
;                      |sld_sbpmg:\gen_sbpmg_pipeline_less_than_two:sm0:47:sm1|                           ; 2 (2)             ; 2 (2)        ; 0           ; 0            ; 0       ; 0         ; 0    ; 0            ; |top|sld_signaltap:auto_signaltap_0|sld_signaltap_impl:sld_signaltap_body|sld_signaltap_implb:sld_signaltap_body|sld_ela_control:ela_control|sld_ela_basic_multi_level_trigger:\basic_multi_level_mbpm_trigger_gen:multi_level_mbpm|sld_mbpmg:\trigger_modules_gen:0:trigger_match|sld_sbpmg:\gen_sbpmg_pipeline_less_than_two:sm0:47:sm1  ; work         ;
;                      |sld_sbpmg:\gen_sbpmg_pipeline_less_than_two:sm0:48:sm1|                           ; 2 (2)             ; 2 (2)        ; 0           ; 0            ; 0       ; 0         ; 0    ; 0            ; |top|sld_signaltap:auto_signaltap_0|sld_signaltap_impl:sld_signaltap_body|sld_signaltap_implb:sld_signaltap_body|sld_ela_control:ela_control|sld_ela_basic_multi_level_trigger:\basic_multi_level_mbpm_trigger_gen:multi_level_mbpm|sld_mbpmg:\trigger_modules_gen:0:trigger_match|sld_sbpmg:\gen_sbpmg_pipeline_less_than_two:sm0:48:sm1  ; work         ;
;                      |sld_sbpmg:\gen_sbpmg_pipeline_less_than_two:sm0:49:sm1|                           ; 2 (2)             ; 2 (2)        ; 0           ; 0            ; 0       ; 0         ; 0    ; 0            ; |top|sld_signaltap:auto_signaltap_0|sld_signaltap_impl:sld_signaltap_body|sld_signaltap_implb:sld_signaltap_body|sld_ela_control:ela_control|sld_ela_basic_multi_level_trigger:\basic_multi_level_mbpm_trigger_gen:multi_level_mbpm|sld_mbpmg:\trigger_modules_gen:0:trigger_match|sld_sbpmg:\gen_sbpmg_pipeline_less_than_two:sm0:49:sm1  ; work         ;
;                      |sld_sbpmg:\gen_sbpmg_pipeline_less_than_two:sm0:4:sm1|                            ; 2 (2)             ; 2 (2)        ; 0           ; 0            ; 0       ; 0         ; 0    ; 0            ; |top|sld_signaltap:auto_signaltap_0|sld_signaltap_impl:sld_signaltap_body|sld_signaltap_implb:sld_signaltap_body|sld_ela_control:ela_control|sld_ela_basic_multi_level_trigger:\basic_multi_level_mbpm_trigger_gen:multi_level_mbpm|sld_mbpmg:\trigger_modules_gen:0:trigger_match|sld_sbpmg:\gen_sbpmg_pipeline_less_than_two:sm0:4:sm1   ; work         ;
;                      |sld_sbpmg:\gen_sbpmg_pipeline_less_than_two:sm0:50:sm1|                           ; 2 (2)             ; 2 (2)        ; 0           ; 0            ; 0       ; 0         ; 0    ; 0            ; |top|sld_signaltap:auto_signaltap_0|sld_signaltap_impl:sld_signaltap_body|sld_signaltap_implb:sld_signaltap_body|sld_ela_control:ela_control|sld_ela_basic_multi_level_trigger:\basic_multi_level_mbpm_trigger_gen:multi_level_mbpm|sld_mbpmg:\trigger_modules_gen:0:trigger_match|sld_sbpmg:\gen_sbpmg_pipeline_less_than_two:sm0:50:sm1  ; work         ;
;                      |sld_sbpmg:\gen_sbpmg_pipeline_less_than_two:sm0:51:sm1|                           ; 2 (2)             ; 2 (2)        ; 0           ; 0            ; 0       ; 0         ; 0    ; 0            ; |top|sld_signaltap:auto_signaltap_0|sld_signaltap_impl:sld_signaltap_body|sld_signaltap_implb:sld_signaltap_body|sld_ela_control:ela_control|sld_ela_basic_multi_level_trigger:\basic_multi_level_mbpm_trigger_gen:multi_level_mbpm|sld_mbpmg:\trigger_modules_gen:0:trigger_match|sld_sbpmg:\gen_sbpmg_pipeline_less_than_two:sm0:51:sm1  ; work         ;
;                      |sld_sbpmg:\gen_sbpmg_pipeline_less_than_two:sm0:52:sm1|                           ; 2 (2)             ; 2 (2)        ; 0           ; 0            ; 0       ; 0         ; 0    ; 0            ; |top|sld_signaltap:auto_signaltap_0|sld_signaltap_impl:sld_signaltap_body|sld_signaltap_implb:sld_signaltap_body|sld_ela_control:ela_control|sld_ela_basic_multi_level_trigger:\basic_multi_level_mbpm_trigger_gen:multi_level_mbpm|sld_mbpmg:\trigger_modules_gen:0:trigger_match|sld_sbpmg:\gen_sbpmg_pipeline_less_than_two:sm0:52:sm1  ; work         ;
;                      |sld_sbpmg:\gen_sbpmg_pipeline_less_than_two:sm0:53:sm1|                           ; 2 (2)             ; 2 (2)        ; 0           ; 0            ; 0       ; 0         ; 0    ; 0            ; |top|sld_signaltap:auto_signaltap_0|sld_signaltap_impl:sld_signaltap_body|sld_signaltap_implb:sld_signaltap_body|sld_ela_control:ela_control|sld_ela_basic_multi_level_trigger:\basic_multi_level_mbpm_trigger_gen:multi_level_mbpm|sld_mbpmg:\trigger_modules_gen:0:trigger_match|sld_sbpmg:\gen_sbpmg_pipeline_less_than_two:sm0:53:sm1  ; work         ;
;                      |sld_sbpmg:\gen_sbpmg_pipeline_less_than_two:sm0:54:sm1|                           ; 2 (2)             ; 2 (2)        ; 0           ; 0            ; 0       ; 0         ; 0    ; 0            ; |top|sld_signaltap:auto_signaltap_0|sld_signaltap_impl:sld_signaltap_body|sld_signaltap_implb:sld_signaltap_body|sld_ela_control:ela_control|sld_ela_basic_multi_level_trigger:\basic_multi_level_mbpm_trigger_gen:multi_level_mbpm|sld_mbpmg:\trigger_modules_gen:0:trigger_match|sld_sbpmg:\gen_sbpmg_pipeline_less_than_two:sm0:54:sm1  ; work         ;
;                      |sld_sbpmg:\gen_sbpmg_pipeline_less_than_two:sm0:55:sm1|                           ; 2 (2)             ; 2 (2)        ; 0           ; 0            ; 0       ; 0         ; 0    ; 0            ; |top|sld_signaltap:auto_signaltap_0|sld_signaltap_impl:sld_signaltap_body|sld_signaltap_implb:sld_signaltap_body|sld_ela_control:ela_control|sld_ela_basic_multi_level_trigger:\basic_multi_level_mbpm_trigger_gen:multi_level_mbpm|sld_mbpmg:\trigger_modules_gen:0:trigger_match|sld_sbpmg:\gen_sbpmg_pipeline_less_than_two:sm0:55:sm1  ; work         ;
;                      |sld_sbpmg:\gen_sbpmg_pipeline_less_than_two:sm0:56:sm1|                           ; 2 (2)             ; 2 (2)        ; 0           ; 0            ; 0       ; 0         ; 0    ; 0            ; |top|sld_signaltap:auto_signaltap_0|sld_signaltap_impl:sld_signaltap_body|sld_signaltap_implb:sld_signaltap_body|sld_ela_control:ela_control|sld_ela_basic_multi_level_trigger:\basic_multi_level_mbpm_trigger_gen:multi_level_mbpm|sld_mbpmg:\trigger_modules_gen:0:trigger_match|sld_sbpmg:\gen_sbpmg_pipeline_less_than_two:sm0:56:sm1  ; work         ;
;                      |sld_sbpmg:\gen_sbpmg_pipeline_less_than_two:sm0:57:sm1|                           ; 2 (2)             ; 2 (2)        ; 0           ; 0            ; 0       ; 0         ; 0    ; 0            ; |top|sld_signaltap:auto_signaltap_0|sld_signaltap_impl:sld_signaltap_body|sld_signaltap_implb:sld_signaltap_body|sld_ela_control:ela_control|sld_ela_basic_multi_level_trigger:\basic_multi_level_mbpm_trigger_gen:multi_level_mbpm|sld_mbpmg:\trigger_modules_gen:0:trigger_match|sld_sbpmg:\gen_sbpmg_pipeline_less_than_two:sm0:57:sm1  ; work         ;
;                      |sld_sbpmg:\gen_sbpmg_pipeline_less_than_two:sm0:58:sm1|                           ; 2 (2)             ; 2 (2)        ; 0           ; 0            ; 0       ; 0         ; 0    ; 0            ; |top|sld_signaltap:auto_signaltap_0|sld_signaltap_impl:sld_signaltap_body|sld_signaltap_implb:sld_signaltap_body|sld_ela_control:ela_control|sld_ela_basic_multi_level_trigger:\basic_multi_level_mbpm_trigger_gen:multi_level_mbpm|sld_mbpmg:\trigger_modules_gen:0:trigger_match|sld_sbpmg:\gen_sbpmg_pipeline_less_than_two:sm0:58:sm1  ; work         ;
;                      |sld_sbpmg:\gen_sbpmg_pipeline_less_than_two:sm0:59:sm1|                           ; 2 (2)             ; 2 (2)        ; 0           ; 0            ; 0       ; 0         ; 0    ; 0            ; |top|sld_signaltap:auto_signaltap_0|sld_signaltap_impl:sld_signaltap_body|sld_signaltap_implb:sld_signaltap_body|sld_ela_control:ela_control|sld_ela_basic_multi_level_trigger:\basic_multi_level_mbpm_trigger_gen:multi_level_mbpm|sld_mbpmg:\trigger_modules_gen:0:trigger_match|sld_sbpmg:\gen_sbpmg_pipeline_less_than_two:sm0:59:sm1  ; work         ;
;                      |sld_sbpmg:\gen_sbpmg_pipeline_less_than_two:sm0:5:sm1|                            ; 2 (2)             ; 2 (2)        ; 0           ; 0            ; 0       ; 0         ; 0    ; 0            ; |top|sld_signaltap:auto_signaltap_0|sld_signaltap_impl:sld_signaltap_body|sld_signaltap_implb:sld_signaltap_body|sld_ela_control:ela_control|sld_ela_basic_multi_level_trigger:\basic_multi_level_mbpm_trigger_gen:multi_level_mbpm|sld_mbpmg:\trigger_modules_gen:0:trigger_match|sld_sbpmg:\gen_sbpmg_pipeline_less_than_two:sm0:5:sm1   ; work         ;
;                      |sld_sbpmg:\gen_sbpmg_pipeline_less_than_two:sm0:60:sm1|                           ; 2 (2)             ; 2 (2)        ; 0           ; 0            ; 0       ; 0         ; 0    ; 0            ; |top|sld_signaltap:auto_signaltap_0|sld_signaltap_impl:sld_signaltap_body|sld_signaltap_implb:sld_signaltap_body|sld_ela_control:ela_control|sld_ela_basic_multi_level_trigger:\basic_multi_level_mbpm_trigger_gen:multi_level_mbpm|sld_mbpmg:\trigger_modules_gen:0:trigger_match|sld_sbpmg:\gen_sbpmg_pipeline_less_than_two:sm0:60:sm1  ; work         ;
;                      |sld_sbpmg:\gen_sbpmg_pipeline_less_than_two:sm0:61:sm1|                           ; 2 (2)             ; 2 (2)        ; 0           ; 0            ; 0       ; 0         ; 0    ; 0            ; |top|sld_signaltap:auto_signaltap_0|sld_signaltap_impl:sld_signaltap_body|sld_signaltap_implb:sld_signaltap_body|sld_ela_control:ela_control|sld_ela_basic_multi_level_trigger:\basic_multi_level_mbpm_trigger_gen:multi_level_mbpm|sld_mbpmg:\trigger_modules_gen:0:trigger_match|sld_sbpmg:\gen_sbpmg_pipeline_less_than_two:sm0:61:sm1  ; work         ;
;                      |sld_sbpmg:\gen_sbpmg_pipeline_less_than_two:sm0:62:sm1|                           ; 2 (2)             ; 2 (2)        ; 0           ; 0            ; 0       ; 0         ; 0    ; 0            ; |top|sld_signaltap:auto_signaltap_0|sld_signaltap_impl:sld_signaltap_body|sld_signaltap_implb:sld_signaltap_body|sld_ela_control:ela_control|sld_ela_basic_multi_level_trigger:\basic_multi_level_mbpm_trigger_gen:multi_level_mbpm|sld_mbpmg:\trigger_modules_gen:0:trigger_match|sld_sbpmg:\gen_sbpmg_pipeline_less_than_two:sm0:62:sm1  ; work         ;
;                      |sld_sbpmg:\gen_sbpmg_pipeline_less_than_two:sm0:63:sm1|                           ; 2 (2)             ; 2 (2)        ; 0           ; 0            ; 0       ; 0         ; 0    ; 0            ; |top|sld_signaltap:auto_signaltap_0|sld_signaltap_impl:sld_signaltap_body|sld_signaltap_implb:sld_signaltap_body|sld_ela_control:ela_control|sld_ela_basic_multi_level_trigger:\basic_multi_level_mbpm_trigger_gen:multi_level_mbpm|sld_mbpmg:\trigger_modules_gen:0:trigger_match|sld_sbpmg:\gen_sbpmg_pipeline_less_than_two:sm0:63:sm1  ; work         ;
;                      |sld_sbpmg:\gen_sbpmg_pipeline_less_than_two:sm0:64:sm1|                           ; 2 (2)             ; 2 (2)        ; 0           ; 0            ; 0       ; 0         ; 0    ; 0            ; |top|sld_signaltap:auto_signaltap_0|sld_signaltap_impl:sld_signaltap_body|sld_signaltap_implb:sld_signaltap_body|sld_ela_control:ela_control|sld_ela_basic_multi_level_trigger:\basic_multi_level_mbpm_trigger_gen:multi_level_mbpm|sld_mbpmg:\trigger_modules_gen:0:trigger_match|sld_sbpmg:\gen_sbpmg_pipeline_less_than_two:sm0:64:sm1  ; work         ;
;                      |sld_sbpmg:\gen_sbpmg_pipeline_less_than_two:sm0:65:sm1|                           ; 2 (2)             ; 2 (2)        ; 0           ; 0            ; 0       ; 0         ; 0    ; 0            ; |top|sld_signaltap:auto_signaltap_0|sld_signaltap_impl:sld_signaltap_body|sld_signaltap_implb:sld_signaltap_body|sld_ela_control:ela_control|sld_ela_basic_multi_level_trigger:\basic_multi_level_mbpm_trigger_gen:multi_level_mbpm|sld_mbpmg:\trigger_modules_gen:0:trigger_match|sld_sbpmg:\gen_sbpmg_pipeline_less_than_two:sm0:65:sm1  ; work         ;
;                      |sld_sbpmg:\gen_sbpmg_pipeline_less_than_two:sm0:66:sm1|                           ; 2 (2)             ; 2 (2)        ; 0           ; 0            ; 0       ; 0         ; 0    ; 0            ; |top|sld_signaltap:auto_signaltap_0|sld_signaltap_impl:sld_signaltap_body|sld_signaltap_implb:sld_signaltap_body|sld_ela_control:ela_control|sld_ela_basic_multi_level_trigger:\basic_multi_level_mbpm_trigger_gen:multi_level_mbpm|sld_mbpmg:\trigger_modules_gen:0:trigger_match|sld_sbpmg:\gen_sbpmg_pipeline_less_than_two:sm0:66:sm1  ; work         ;
;                      |sld_sbpmg:\gen_sbpmg_pipeline_less_than_two:sm0:67:sm1|                           ; 2 (2)             ; 2 (2)        ; 0           ; 0            ; 0       ; 0         ; 0    ; 0            ; |top|sld_signaltap:auto_signaltap_0|sld_signaltap_impl:sld_signaltap_body|sld_signaltap_implb:sld_signaltap_body|sld_ela_control:ela_control|sld_ela_basic_multi_level_trigger:\basic_multi_level_mbpm_trigger_gen:multi_level_mbpm|sld_mbpmg:\trigger_modules_gen:0:trigger_match|sld_sbpmg:\gen_sbpmg_pipeline_less_than_two:sm0:67:sm1  ; work         ;
;                      |sld_sbpmg:\gen_sbpmg_pipeline_less_than_two:sm0:68:sm1|                           ; 2 (2)             ; 2 (2)        ; 0           ; 0            ; 0       ; 0         ; 0    ; 0            ; |top|sld_signaltap:auto_signaltap_0|sld_signaltap_impl:sld_signaltap_body|sld_signaltap_implb:sld_signaltap_body|sld_ela_control:ela_control|sld_ela_basic_multi_level_trigger:\basic_multi_level_mbpm_trigger_gen:multi_level_mbpm|sld_mbpmg:\trigger_modules_gen:0:trigger_match|sld_sbpmg:\gen_sbpmg_pipeline_less_than_two:sm0:68:sm1  ; work         ;
;                      |sld_sbpmg:\gen_sbpmg_pipeline_less_than_two:sm0:69:sm1|                           ; 2 (2)             ; 2 (2)        ; 0           ; 0            ; 0       ; 0         ; 0    ; 0            ; |top|sld_signaltap:auto_signaltap_0|sld_signaltap_impl:sld_signaltap_body|sld_signaltap_implb:sld_signaltap_body|sld_ela_control:ela_control|sld_ela_basic_multi_level_trigger:\basic_multi_level_mbpm_trigger_gen:multi_level_mbpm|sld_mbpmg:\trigger_modules_gen:0:trigger_match|sld_sbpmg:\gen_sbpmg_pipeline_less_than_two:sm0:69:sm1  ; work         ;
;                      |sld_sbpmg:\gen_sbpmg_pipeline_less_than_two:sm0:6:sm1|                            ; 2 (2)             ; 2 (2)        ; 0           ; 0            ; 0       ; 0         ; 0    ; 0            ; |top|sld_signaltap:auto_signaltap_0|sld_signaltap_impl:sld_signaltap_body|sld_signaltap_implb:sld_signaltap_body|sld_ela_control:ela_control|sld_ela_basic_multi_level_trigger:\basic_multi_level_mbpm_trigger_gen:multi_level_mbpm|sld_mbpmg:\trigger_modules_gen:0:trigger_match|sld_sbpmg:\gen_sbpmg_pipeline_less_than_two:sm0:6:sm1   ; work         ;
;                      |sld_sbpmg:\gen_sbpmg_pipeline_less_than_two:sm0:70:sm1|                           ; 2 (2)             ; 2 (2)        ; 0           ; 0            ; 0       ; 0         ; 0    ; 0            ; |top|sld_signaltap:auto_signaltap_0|sld_signaltap_impl:sld_signaltap_body|sld_signaltap_implb:sld_signaltap_body|sld_ela_control:ela_control|sld_ela_basic_multi_level_trigger:\basic_multi_level_mbpm_trigger_gen:multi_level_mbpm|sld_mbpmg:\trigger_modules_gen:0:trigger_match|sld_sbpmg:\gen_sbpmg_pipeline_less_than_two:sm0:70:sm1  ; work         ;
;                      |sld_sbpmg:\gen_sbpmg_pipeline_less_than_two:sm0:71:sm1|                           ; 2 (2)             ; 2 (2)        ; 0           ; 0            ; 0       ; 0         ; 0    ; 0            ; |top|sld_signaltap:auto_signaltap_0|sld_signaltap_impl:sld_signaltap_body|sld_signaltap_implb:sld_signaltap_body|sld_ela_control:ela_control|sld_ela_basic_multi_level_trigger:\basic_multi_level_mbpm_trigger_gen:multi_level_mbpm|sld_mbpmg:\trigger_modules_gen:0:trigger_match|sld_sbpmg:\gen_sbpmg_pipeline_less_than_two:sm0:71:sm1  ; work         ;
;                      |sld_sbpmg:\gen_sbpmg_pipeline_less_than_two:sm0:72:sm1|                           ; 2 (2)             ; 2 (2)        ; 0           ; 0            ; 0       ; 0         ; 0    ; 0            ; |top|sld_signaltap:auto_signaltap_0|sld_signaltap_impl:sld_signaltap_body|sld_signaltap_implb:sld_signaltap_body|sld_ela_control:ela_control|sld_ela_basic_multi_level_trigger:\basic_multi_level_mbpm_trigger_gen:multi_level_mbpm|sld_mbpmg:\trigger_modules_gen:0:trigger_match|sld_sbpmg:\gen_sbpmg_pipeline_less_than_two:sm0:72:sm1  ; work         ;
;                      |sld_sbpmg:\gen_sbpmg_pipeline_less_than_two:sm0:73:sm1|                           ; 2 (2)             ; 2 (2)        ; 0           ; 0            ; 0       ; 0         ; 0    ; 0            ; |top|sld_signaltap:auto_signaltap_0|sld_signaltap_impl:sld_signaltap_body|sld_signaltap_implb:sld_signaltap_body|sld_ela_control:ela_control|sld_ela_basic_multi_level_trigger:\basic_multi_level_mbpm_trigger_gen:multi_level_mbpm|sld_mbpmg:\trigger_modules_gen:0:trigger_match|sld_sbpmg:\gen_sbpmg_pipeline_less_than_two:sm0:73:sm1  ; work         ;
;                      |sld_sbpmg:\gen_sbpmg_pipeline_less_than_two:sm0:74:sm1|                           ; 2 (2)             ; 2 (2)        ; 0           ; 0            ; 0       ; 0         ; 0    ; 0            ; |top|sld_signaltap:auto_signaltap_0|sld_signaltap_impl:sld_signaltap_body|sld_signaltap_implb:sld_signaltap_body|sld_ela_control:ela_control|sld_ela_basic_multi_level_trigger:\basic_multi_level_mbpm_trigger_gen:multi_level_mbpm|sld_mbpmg:\trigger_modules_gen:0:trigger_match|sld_sbpmg:\gen_sbpmg_pipeline_less_than_two:sm0:74:sm1  ; work         ;
;                      |sld_sbpmg:\gen_sbpmg_pipeline_less_than_two:sm0:75:sm1|                           ; 2 (2)             ; 2 (2)        ; 0           ; 0            ; 0       ; 0         ; 0    ; 0            ; |top|sld_signaltap:auto_signaltap_0|sld_signaltap_impl:sld_signaltap_body|sld_signaltap_implb:sld_signaltap_body|sld_ela_control:ela_control|sld_ela_basic_multi_level_trigger:\basic_multi_level_mbpm_trigger_gen:multi_level_mbpm|sld_mbpmg:\trigger_modules_gen:0:trigger_match|sld_sbpmg:\gen_sbpmg_pipeline_less_than_two:sm0:75:sm1  ; work         ;
;                      |sld_sbpmg:\gen_sbpmg_pipeline_less_than_two:sm0:76:sm1|                           ; 2 (2)             ; 2 (2)        ; 0           ; 0            ; 0       ; 0         ; 0    ; 0            ; |top|sld_signaltap:auto_signaltap_0|sld_signaltap_impl:sld_signaltap_body|sld_signaltap_implb:sld_signaltap_body|sld_ela_control:ela_control|sld_ela_basic_multi_level_trigger:\basic_multi_level_mbpm_trigger_gen:multi_level_mbpm|sld_mbpmg:\trigger_modules_gen:0:trigger_match|sld_sbpmg:\gen_sbpmg_pipeline_less_than_two:sm0:76:sm1  ; work         ;
;                      |sld_sbpmg:\gen_sbpmg_pipeline_less_than_two:sm0:77:sm1|                           ; 2 (2)             ; 2 (2)        ; 0           ; 0            ; 0       ; 0         ; 0    ; 0            ; |top|sld_signaltap:auto_signaltap_0|sld_signaltap_impl:sld_signaltap_body|sld_signaltap_implb:sld_signaltap_body|sld_ela_control:ela_control|sld_ela_basic_multi_level_trigger:\basic_multi_level_mbpm_trigger_gen:multi_level_mbpm|sld_mbpmg:\trigger_modules_gen:0:trigger_match|sld_sbpmg:\gen_sbpmg_pipeline_less_than_two:sm0:77:sm1  ; work         ;
;                      |sld_sbpmg:\gen_sbpmg_pipeline_less_than_two:sm0:78:sm1|                           ; 2 (2)             ; 2 (2)        ; 0           ; 0            ; 0       ; 0         ; 0    ; 0            ; |top|sld_signaltap:auto_signaltap_0|sld_signaltap_impl:sld_signaltap_body|sld_signaltap_implb:sld_signaltap_body|sld_ela_control:ela_control|sld_ela_basic_multi_level_trigger:\basic_multi_level_mbpm_trigger_gen:multi_level_mbpm|sld_mbpmg:\trigger_modules_gen:0:trigger_match|sld_sbpmg:\gen_sbpmg_pipeline_less_than_two:sm0:78:sm1  ; work         ;
;                      |sld_sbpmg:\gen_sbpmg_pipeline_less_than_two:sm0:79:sm1|                           ; 2 (2)             ; 2 (2)        ; 0           ; 0            ; 0       ; 0         ; 0    ; 0            ; |top|sld_signaltap:auto_signaltap_0|sld_signaltap_impl:sld_signaltap_body|sld_signaltap_implb:sld_signaltap_body|sld_ela_control:ela_control|sld_ela_basic_multi_level_trigger:\basic_multi_level_mbpm_trigger_gen:multi_level_mbpm|sld_mbpmg:\trigger_modules_gen:0:trigger_match|sld_sbpmg:\gen_sbpmg_pipeline_less_than_two:sm0:79:sm1  ; work         ;
;                      |sld_sbpmg:\gen_sbpmg_pipeline_less_than_two:sm0:7:sm1|                            ; 2 (2)             ; 2 (2)        ; 0           ; 0            ; 0       ; 0         ; 0    ; 0            ; |top|sld_signaltap:auto_signaltap_0|sld_signaltap_impl:sld_signaltap_body|sld_signaltap_implb:sld_signaltap_body|sld_ela_control:ela_control|sld_ela_basic_multi_level_trigger:\basic_multi_level_mbpm_trigger_gen:multi_level_mbpm|sld_mbpmg:\trigger_modules_gen:0:trigger_match|sld_sbpmg:\gen_sbpmg_pipeline_less_than_two:sm0:7:sm1   ; work         ;
;                      |sld_sbpmg:\gen_sbpmg_pipeline_less_than_two:sm0:80:sm1|                           ; 2 (2)             ; 2 (2)        ; 0           ; 0            ; 0       ; 0         ; 0    ; 0            ; |top|sld_signaltap:auto_signaltap_0|sld_signaltap_impl:sld_signaltap_body|sld_signaltap_implb:sld_signaltap_body|sld_ela_control:ela_control|sld_ela_basic_multi_level_trigger:\basic_multi_level_mbpm_trigger_gen:multi_level_mbpm|sld_mbpmg:\trigger_modules_gen:0:trigger_match|sld_sbpmg:\gen_sbpmg_pipeline_less_than_two:sm0:80:sm1  ; work         ;
;                      |sld_sbpmg:\gen_sbpmg_pipeline_less_than_two:sm0:81:sm1|                           ; 2 (2)             ; 2 (2)        ; 0           ; 0            ; 0       ; 0         ; 0    ; 0            ; |top|sld_signaltap:auto_signaltap_0|sld_signaltap_impl:sld_signaltap_body|sld_signaltap_implb:sld_signaltap_body|sld_ela_control:ela_control|sld_ela_basic_multi_level_trigger:\basic_multi_level_mbpm_trigger_gen:multi_level_mbpm|sld_mbpmg:\trigger_modules_gen:0:trigger_match|sld_sbpmg:\gen_sbpmg_pipeline_less_than_two:sm0:81:sm1  ; work         ;
;                      |sld_sbpmg:\gen_sbpmg_pipeline_less_than_two:sm0:82:sm1|                           ; 2 (2)             ; 2 (2)        ; 0           ; 0            ; 0       ; 0         ; 0    ; 0            ; |top|sld_signaltap:auto_signaltap_0|sld_signaltap_impl:sld_signaltap_body|sld_signaltap_implb:sld_signaltap_body|sld_ela_control:ela_control|sld_ela_basic_multi_level_trigger:\basic_multi_level_mbpm_trigger_gen:multi_level_mbpm|sld_mbpmg:\trigger_modules_gen:0:trigger_match|sld_sbpmg:\gen_sbpmg_pipeline_less_than_two:sm0:82:sm1  ; work         ;
;                      |sld_sbpmg:\gen_sbpmg_pipeline_less_than_two:sm0:83:sm1|                           ; 2 (2)             ; 2 (2)        ; 0           ; 0            ; 0       ; 0         ; 0    ; 0            ; |top|sld_signaltap:auto_signaltap_0|sld_signaltap_impl:sld_signaltap_body|sld_signaltap_implb:sld_signaltap_body|sld_ela_control:ela_control|sld_ela_basic_multi_level_trigger:\basic_multi_level_mbpm_trigger_gen:multi_level_mbpm|sld_mbpmg:\trigger_modules_gen:0:trigger_match|sld_sbpmg:\gen_sbpmg_pipeline_less_than_two:sm0:83:sm1  ; work         ;
;                      |sld_sbpmg:\gen_sbpmg_pipeline_less_than_two:sm0:84:sm1|                           ; 2 (2)             ; 2 (2)        ; 0           ; 0            ; 0       ; 0         ; 0    ; 0            ; |top|sld_signaltap:auto_signaltap_0|sld_signaltap_impl:sld_signaltap_body|sld_signaltap_implb:sld_signaltap_body|sld_ela_control:ela_control|sld_ela_basic_multi_level_trigger:\basic_multi_level_mbpm_trigger_gen:multi_level_mbpm|sld_mbpmg:\trigger_modules_gen:0:trigger_match|sld_sbpmg:\gen_sbpmg_pipeline_less_than_two:sm0:84:sm1  ; work         ;
;                      |sld_sbpmg:\gen_sbpmg_pipeline_less_than_two:sm0:85:sm1|                           ; 2 (2)             ; 2 (2)        ; 0           ; 0            ; 0       ; 0         ; 0    ; 0            ; |top|sld_signaltap:auto_signaltap_0|sld_signaltap_impl:sld_signaltap_body|sld_signaltap_implb:sld_signaltap_body|sld_ela_control:ela_control|sld_ela_basic_multi_level_trigger:\basic_multi_level_mbpm_trigger_gen:multi_level_mbpm|sld_mbpmg:\trigger_modules_gen:0:trigger_match|sld_sbpmg:\gen_sbpmg_pipeline_less_than_two:sm0:85:sm1  ; work         ;
;                      |sld_sbpmg:\gen_sbpmg_pipeline_less_than_two:sm0:86:sm1|                           ; 2 (2)             ; 2 (2)        ; 0           ; 0            ; 0       ; 0         ; 0    ; 0            ; |top|sld_signaltap:auto_signaltap_0|sld_signaltap_impl:sld_signaltap_body|sld_signaltap_implb:sld_signaltap_body|sld_ela_control:ela_control|sld_ela_basic_multi_level_trigger:\basic_multi_level_mbpm_trigger_gen:multi_level_mbpm|sld_mbpmg:\trigger_modules_gen:0:trigger_match|sld_sbpmg:\gen_sbpmg_pipeline_less_than_two:sm0:86:sm1  ; work         ;
;                      |sld_sbpmg:\gen_sbpmg_pipeline_less_than_two:sm0:87:sm1|                           ; 2 (2)             ; 2 (2)        ; 0           ; 0            ; 0       ; 0         ; 0    ; 0            ; |top|sld_signaltap:auto_signaltap_0|sld_signaltap_impl:sld_signaltap_body|sld_signaltap_implb:sld_signaltap_body|sld_ela_control:ela_control|sld_ela_basic_multi_level_trigger:\basic_multi_level_mbpm_trigger_gen:multi_level_mbpm|sld_mbpmg:\trigger_modules_gen:0:trigger_match|sld_sbpmg:\gen_sbpmg_pipeline_less_than_two:sm0:87:sm1  ; work         ;
;                      |sld_sbpmg:\gen_sbpmg_pipeline_less_than_two:sm0:88:sm1|                           ; 2 (2)             ; 2 (2)        ; 0           ; 0            ; 0       ; 0         ; 0    ; 0            ; |top|sld_signaltap:auto_signaltap_0|sld_signaltap_impl:sld_signaltap_body|sld_signaltap_implb:sld_signaltap_body|sld_ela_control:ela_control|sld_ela_basic_multi_level_trigger:\basic_multi_level_mbpm_trigger_gen:multi_level_mbpm|sld_mbpmg:\trigger_modules_gen:0:trigger_match|sld_sbpmg:\gen_sbpmg_pipeline_less_than_two:sm0:88:sm1  ; work         ;
;                      |sld_sbpmg:\gen_sbpmg_pipeline_less_than_two:sm0:89:sm1|                           ; 2 (2)             ; 2 (2)        ; 0           ; 0            ; 0       ; 0         ; 0    ; 0            ; |top|sld_signaltap:auto_signaltap_0|sld_signaltap_impl:sld_signaltap_body|sld_signaltap_implb:sld_signaltap_body|sld_ela_control:ela_control|sld_ela_basic_multi_level_trigger:\basic_multi_level_mbpm_trigger_gen:multi_level_mbpm|sld_mbpmg:\trigger_modules_gen:0:trigger_match|sld_sbpmg:\gen_sbpmg_pipeline_less_than_two:sm0:89:sm1  ; work         ;
;                      |sld_sbpmg:\gen_sbpmg_pipeline_less_than_two:sm0:8:sm1|                            ; 2 (2)             ; 2 (2)        ; 0           ; 0            ; 0       ; 0         ; 0    ; 0            ; |top|sld_signaltap:auto_signaltap_0|sld_signaltap_impl:sld_signaltap_body|sld_signaltap_implb:sld_signaltap_body|sld_ela_control:ela_control|sld_ela_basic_multi_level_trigger:\basic_multi_level_mbpm_trigger_gen:multi_level_mbpm|sld_mbpmg:\trigger_modules_gen:0:trigger_match|sld_sbpmg:\gen_sbpmg_pipeline_less_than_two:sm0:8:sm1   ; work         ;
;                      |sld_sbpmg:\gen_sbpmg_pipeline_less_than_two:sm0:90:sm1|                           ; 2 (2)             ; 2 (2)        ; 0           ; 0            ; 0       ; 0         ; 0    ; 0            ; |top|sld_signaltap:auto_signaltap_0|sld_signaltap_impl:sld_signaltap_body|sld_signaltap_implb:sld_signaltap_body|sld_ela_control:ela_control|sld_ela_basic_multi_level_trigger:\basic_multi_level_mbpm_trigger_gen:multi_level_mbpm|sld_mbpmg:\trigger_modules_gen:0:trigger_match|sld_sbpmg:\gen_sbpmg_pipeline_less_than_two:sm0:90:sm1  ; work         ;
;                      |sld_sbpmg:\gen_sbpmg_pipeline_less_than_two:sm0:91:sm1|                           ; 2 (2)             ; 2 (2)        ; 0           ; 0            ; 0       ; 0         ; 0    ; 0            ; |top|sld_signaltap:auto_signaltap_0|sld_signaltap_impl:sld_signaltap_body|sld_signaltap_implb:sld_signaltap_body|sld_ela_control:ela_control|sld_ela_basic_multi_level_trigger:\basic_multi_level_mbpm_trigger_gen:multi_level_mbpm|sld_mbpmg:\trigger_modules_gen:0:trigger_match|sld_sbpmg:\gen_sbpmg_pipeline_less_than_two:sm0:91:sm1  ; work         ;
;                      |sld_sbpmg:\gen_sbpmg_pipeline_less_than_two:sm0:92:sm1|                           ; 2 (2)             ; 2 (2)        ; 0           ; 0            ; 0       ; 0         ; 0    ; 0            ; |top|sld_signaltap:auto_signaltap_0|sld_signaltap_impl:sld_signaltap_body|sld_signaltap_implb:sld_signaltap_body|sld_ela_control:ela_control|sld_ela_basic_multi_level_trigger:\basic_multi_level_mbpm_trigger_gen:multi_level_mbpm|sld_mbpmg:\trigger_modules_gen:0:trigger_match|sld_sbpmg:\gen_sbpmg_pipeline_less_than_two:sm0:92:sm1  ; work         ;
;                      |sld_sbpmg:\gen_sbpmg_pipeline_less_than_two:sm0:93:sm1|                           ; 2 (2)             ; 2 (2)        ; 0           ; 0            ; 0       ; 0         ; 0    ; 0            ; |top|sld_signaltap:auto_signaltap_0|sld_signaltap_impl:sld_signaltap_body|sld_signaltap_implb:sld_signaltap_body|sld_ela_control:ela_control|sld_ela_basic_multi_level_trigger:\basic_multi_level_mbpm_trigger_gen:multi_level_mbpm|sld_mbpmg:\trigger_modules_gen:0:trigger_match|sld_sbpmg:\gen_sbpmg_pipeline_less_than_two:sm0:93:sm1  ; work         ;
;                      |sld_sbpmg:\gen_sbpmg_pipeline_less_than_two:sm0:94:sm1|                           ; 2 (2)             ; 2 (2)        ; 0           ; 0            ; 0       ; 0         ; 0    ; 0            ; |top|sld_signaltap:auto_signaltap_0|sld_signaltap_impl:sld_signaltap_body|sld_signaltap_implb:sld_signaltap_body|sld_ela_control:ela_control|sld_ela_basic_multi_level_trigger:\basic_multi_level_mbpm_trigger_gen:multi_level_mbpm|sld_mbpmg:\trigger_modules_gen:0:trigger_match|sld_sbpmg:\gen_sbpmg_pipeline_less_than_two:sm0:94:sm1  ; work         ;
;                      |sld_sbpmg:\gen_sbpmg_pipeline_less_than_two:sm0:95:sm1|                           ; 2 (2)             ; 2 (2)        ; 0           ; 0            ; 0       ; 0         ; 0    ; 0            ; |top|sld_signaltap:auto_signaltap_0|sld_signaltap_impl:sld_signaltap_body|sld_signaltap_implb:sld_signaltap_body|sld_ela_control:ela_control|sld_ela_basic_multi_level_trigger:\basic_multi_level_mbpm_trigger_gen:multi_level_mbpm|sld_mbpmg:\trigger_modules_gen:0:trigger_match|sld_sbpmg:\gen_sbpmg_pipeline_less_than_two:sm0:95:sm1  ; work         ;
;                      |sld_sbpmg:\gen_sbpmg_pipeline_less_than_two:sm0:96:sm1|                           ; 2 (2)             ; 2 (2)        ; 0           ; 0            ; 0       ; 0         ; 0    ; 0            ; |top|sld_signaltap:auto_signaltap_0|sld_signaltap_impl:sld_signaltap_body|sld_signaltap_implb:sld_signaltap_body|sld_ela_control:ela_control|sld_ela_basic_multi_level_trigger:\basic_multi_level_mbpm_trigger_gen:multi_level_mbpm|sld_mbpmg:\trigger_modules_gen:0:trigger_match|sld_sbpmg:\gen_sbpmg_pipeline_less_than_two:sm0:96:sm1  ; work         ;
;                      |sld_sbpmg:\gen_sbpmg_pipeline_less_than_two:sm0:97:sm1|                           ; 2 (2)             ; 2 (2)        ; 0           ; 0            ; 0       ; 0         ; 0    ; 0            ; |top|sld_signaltap:auto_signaltap_0|sld_signaltap_impl:sld_signaltap_body|sld_signaltap_implb:sld_signaltap_body|sld_ela_control:ela_control|sld_ela_basic_multi_level_trigger:\basic_multi_level_mbpm_trigger_gen:multi_level_mbpm|sld_mbpmg:\trigger_modules_gen:0:trigger_match|sld_sbpmg:\gen_sbpmg_pipeline_less_than_two:sm0:97:sm1  ; work         ;
;                      |sld_sbpmg:\gen_sbpmg_pipeline_less_than_two:sm0:98:sm1|                           ; 2 (2)             ; 2 (2)        ; 0           ; 0            ; 0       ; 0         ; 0    ; 0            ; |top|sld_signaltap:auto_signaltap_0|sld_signaltap_impl:sld_signaltap_body|sld_signaltap_implb:sld_signaltap_body|sld_ela_control:ela_control|sld_ela_basic_multi_level_trigger:\basic_multi_level_mbpm_trigger_gen:multi_level_mbpm|sld_mbpmg:\trigger_modules_gen:0:trigger_match|sld_sbpmg:\gen_sbpmg_pipeline_less_than_two:sm0:98:sm1  ; work         ;
;                      |sld_sbpmg:\gen_sbpmg_pipeline_less_than_two:sm0:99:sm1|                           ; 2 (2)             ; 2 (2)        ; 0           ; 0            ; 0       ; 0         ; 0    ; 0            ; |top|sld_signaltap:auto_signaltap_0|sld_signaltap_impl:sld_signaltap_body|sld_signaltap_implb:sld_signaltap_body|sld_ela_control:ela_control|sld_ela_basic_multi_level_trigger:\basic_multi_level_mbpm_trigger_gen:multi_level_mbpm|sld_mbpmg:\trigger_modules_gen:0:trigger_match|sld_sbpmg:\gen_sbpmg_pipeline_less_than_two:sm0:99:sm1  ; work         ;
;                      |sld_sbpmg:\gen_sbpmg_pipeline_less_than_two:sm0:9:sm1|                            ; 2 (2)             ; 2 (2)        ; 0           ; 0            ; 0       ; 0         ; 0    ; 0            ; |top|sld_signaltap:auto_signaltap_0|sld_signaltap_impl:sld_signaltap_body|sld_signaltap_implb:sld_signaltap_body|sld_ela_control:ela_control|sld_ela_basic_multi_level_trigger:\basic_multi_level_mbpm_trigger_gen:multi_level_mbpm|sld_mbpmg:\trigger_modules_gen:0:trigger_match|sld_sbpmg:\gen_sbpmg_pipeline_less_than_two:sm0:9:sm1   ; work         ;
;                |sld_ela_trigger_flow_mgr:\builtin:ela_trigger_flow_mgr_entity|                          ; 97 (97)           ; 11 (1)       ; 0           ; 0            ; 0       ; 0         ; 0    ; 0            ; |top|sld_signaltap:auto_signaltap_0|sld_signaltap_impl:sld_signaltap_body|sld_signaltap_implb:sld_signaltap_body|sld_ela_control:ela_control|sld_ela_trigger_flow_mgr:\builtin:ela_trigger_flow_mgr_entity                                                                                                                                 ; work         ;
;                   |lpm_shiftreg:trigger_config_deserialize|                                             ; 0 (0)             ; 10 (10)      ; 0           ; 0            ; 0       ; 0         ; 0    ; 0            ; |top|sld_signaltap:auto_signaltap_0|sld_signaltap_impl:sld_signaltap_body|sld_signaltap_implb:sld_signaltap_body|sld_ela_control:ela_control|sld_ela_trigger_flow_mgr:\builtin:ela_trigger_flow_mgr_entity|lpm_shiftreg:trigger_config_deserialize                                                                                         ; work         ;
;             |sld_offload_buffer_mgr:\stp_non_zero_depth_offload_gen:stp_offload_buff_mgr_inst|          ; 361 (11)          ; 344 (0)      ; 0           ; 0            ; 0       ; 0         ; 0    ; 0            ; |top|sld_signaltap:auto_signaltap_0|sld_signaltap_impl:sld_signaltap_body|sld_signaltap_implb:sld_signaltap_body|sld_offload_buffer_mgr:\stp_non_zero_depth_offload_gen:stp_offload_buff_mgr_inst                                                                                                                                          ; work         ;
;                |lpm_counter:\adv_point_3_and_more:advance_pointer_counter|                              ; 11 (0)            ; 9 (0)        ; 0           ; 0            ; 0       ; 0         ; 0    ; 0            ; |top|sld_signaltap:auto_signaltap_0|sld_signaltap_impl:sld_signaltap_body|sld_signaltap_implb:sld_signaltap_body|sld_offload_buffer_mgr:\stp_non_zero_depth_offload_gen:stp_offload_buff_mgr_inst|lpm_counter:\adv_point_3_and_more:advance_pointer_counter                                                                                ; work         ;
;                   |cntr_0hi:auto_generated|                                                             ; 11 (11)           ; 9 (9)        ; 0           ; 0            ; 0       ; 0         ; 0    ; 0            ; |top|sld_signaltap:auto_signaltap_0|sld_signaltap_impl:sld_signaltap_body|sld_signaltap_implb:sld_signaltap_body|sld_offload_buffer_mgr:\stp_non_zero_depth_offload_gen:stp_offload_buff_mgr_inst|lpm_counter:\adv_point_3_and_more:advance_pointer_counter|cntr_0hi:auto_generated                                                        ; work         ;
;                |lpm_counter:read_pointer_counter|                                                       ; 9 (0)             ; 9 (0)        ; 0           ; 0            ; 0       ; 0         ; 0    ; 0            ; |top|sld_signaltap:auto_signaltap_0|sld_signaltap_impl:sld_signaltap_body|sld_signaltap_implb:sld_signaltap_body|sld_offload_buffer_mgr:\stp_non_zero_depth_offload_gen:stp_offload_buff_mgr_inst|lpm_counter:read_pointer_counter                                                                                                         ; work         ;
;                   |cntr_85j:auto_generated|                                                             ; 9 (9)             ; 9 (9)        ; 0           ; 0            ; 0       ; 0         ; 0    ; 0            ; |top|sld_signaltap:auto_signaltap_0|sld_signaltap_impl:sld_signaltap_body|sld_signaltap_implb:sld_signaltap_body|sld_offload_buffer_mgr:\stp_non_zero_depth_offload_gen:stp_offload_buff_mgr_inst|lpm_counter:read_pointer_counter|cntr_85j:auto_generated                                                                                 ; work         ;
;                |lpm_counter:status_advance_pointer_counter|                                             ; 7 (0)             ; 5 (0)        ; 0           ; 0            ; 0       ; 0         ; 0    ; 0            ; |top|sld_signaltap:auto_signaltap_0|sld_signaltap_impl:sld_signaltap_body|sld_signaltap_implb:sld_signaltap_body|sld_offload_buffer_mgr:\stp_non_zero_depth_offload_gen:stp_offload_buff_mgr_inst|lpm_counter:status_advance_pointer_counter                                                                                               ; work         ;
;                   |cntr_afi:auto_generated|                                                             ; 7 (7)             ; 5 (5)        ; 0           ; 0            ; 0       ; 0         ; 0    ; 0            ; |top|sld_signaltap:auto_signaltap_0|sld_signaltap_impl:sld_signaltap_body|sld_signaltap_implb:sld_signaltap_body|sld_offload_buffer_mgr:\stp_non_zero_depth_offload_gen:stp_offload_buff_mgr_inst|lpm_counter:status_advance_pointer_counter|cntr_afi:auto_generated                                                                       ; work         ;
;                |lpm_counter:status_read_pointer_counter|                                                ; 3 (0)             ; 1 (0)        ; 0           ; 0            ; 0       ; 0         ; 0    ; 0            ; |top|sld_signaltap:auto_signaltap_0|sld_signaltap_impl:sld_signaltap_body|sld_signaltap_implb:sld_signaltap_body|sld_offload_buffer_mgr:\stp_non_zero_depth_offload_gen:stp_offload_buff_mgr_inst|lpm_counter:status_read_pointer_counter                                                                                                  ; work         ;
;                   |cntr_p1j:auto_generated|                                                             ; 3 (3)             ; 1 (1)        ; 0           ; 0            ; 0       ; 0         ; 0    ; 0            ; |top|sld_signaltap:auto_signaltap_0|sld_signaltap_impl:sld_signaltap_body|sld_signaltap_implb:sld_signaltap_body|sld_offload_buffer_mgr:\stp_non_zero_depth_offload_gen:stp_offload_buff_mgr_inst|lpm_counter:status_read_pointer_counter|cntr_p1j:auto_generated                                                                          ; work         ;
;                |lpm_shiftreg:info_data_shift_out|                                                       ; 19 (19)           ; 19 (19)      ; 0           ; 0            ; 0       ; 0         ; 0    ; 0            ; |top|sld_signaltap:auto_signaltap_0|sld_signaltap_impl:sld_signaltap_body|sld_signaltap_implb:sld_signaltap_body|sld_offload_buffer_mgr:\stp_non_zero_depth_offload_gen:stp_offload_buff_mgr_inst|lpm_shiftreg:info_data_shift_out                                                                                                         ; work         ;
;                |lpm_shiftreg:ram_data_shift_out|                                                        ; 282 (282)         ; 282 (282)    ; 0           ; 0            ; 0       ; 0         ; 0    ; 0            ; |top|sld_signaltap:auto_signaltap_0|sld_signaltap_impl:sld_signaltap_body|sld_signaltap_implb:sld_signaltap_body|sld_offload_buffer_mgr:\stp_non_zero_depth_offload_gen:stp_offload_buff_mgr_inst|lpm_shiftreg:ram_data_shift_out                                                                                                          ; work         ;
;                |lpm_shiftreg:status_data_shift_out|                                                     ; 19 (19)           ; 19 (19)      ; 0           ; 0            ; 0       ; 0         ; 0    ; 0            ; |top|sld_signaltap:auto_signaltap_0|sld_signaltap_impl:sld_signaltap_body|sld_signaltap_implb:sld_signaltap_body|sld_offload_buffer_mgr:\stp_non_zero_depth_offload_gen:stp_offload_buff_mgr_inst|lpm_shiftreg:status_data_shift_out                                                                                                       ; work         ;
;             |sld_rom_sr:crc_rom_sr|                                                                     ; 19 (19)           ; 8 (8)        ; 0           ; 0            ; 0       ; 0         ; 0    ; 0            ; |top|sld_signaltap:auto_signaltap_0|sld_signaltap_impl:sld_signaltap_body|sld_signaltap_implb:sld_signaltap_body|sld_rom_sr:crc_rom_sr                                                                                                                                                                                                     ; work         ;
+---------------------------------------------------------------------------------------------------------+-------------------+--------------+-------------+--------------+---------+-----------+------+--------------+--------------------------------------------------------------------------------------------------------------------------------------------------------------------------------------------------------------------------------------------------------------------------------------------------------------------------------------------+--------------+
Note: For table entries with two numbers listed, the numbers in parentheses indicate the number of resources of the given type used by the specific entity alone. The numbers listed outside of parentheses indicate the total resources of the given type used by the specific entity and all of its sub-entities in the hierarchy.


+-----------------------------------------------------------------------------------------------------------------------------------------------------------------------------------------------------------------------------------------------------------------------------------------------------------------------+
; Analysis & Synthesis RAM Summary                                                                                                                                                                                                                                                                                      ;
+-------------------------------------------------------------------------------------------------------------------------------------------------------------------------------------------------------+------+------------------+--------------+--------------+--------------+--------------+--------+----------------+
; Name                                                                                                                                                                                                  ; Type ; Mode             ; Port A Depth ; Port A Width ; Port B Depth ; Port B Width ; Size   ; MIF            ;
+-------------------------------------------------------------------------------------------------------------------------------------------------------------------------------------------------------+------+------------------+--------------+--------------+--------------+--------------+--------+----------------+
; ocram_32k:ocram|altsyncram:altsyncram_component|altsyncram_nvt3:auto_generated|ALTSYNCRAM                                                                                                             ; AUTO ; True Dual Port   ; 8192         ; 32           ; 8192         ; 32           ; 262144 ; ../blinker.hex ;
; sld_signaltap:auto_signaltap_0|sld_signaltap_impl:sld_signaltap_body|sld_signaltap_implb:sld_signaltap_body|altsyncram:\stp_non_zero_ram_gen:stp_buffer_ram|altsyncram_j024:auto_generated|ALTSYNCRAM ; AUTO ; Simple Dual Port ; 512          ; 282          ; 512          ; 282          ; 144384 ; None           ;
+-------------------------------------------------------------------------------------------------------------------------------------------------------------------------------------------------------+------+------------------+--------------+--------------+--------------+--------------+--------+----------------+


+----------------------------------------------------------------------------------------------------------------------------------+
; Analysis & Synthesis IP Cores Summary                                                                                            ;
+--------+--------------+---------+--------------+--------------+----------------------+-------------------------------------------+
; Vendor ; IP Core Name ; Version ; Release Date ; License Type ; Entity Instance      ; IP Include File                           ;
+--------+--------------+---------+--------------+--------------+----------------------+-------------------------------------------+
; Altera ; RAM: 2-PORT  ; 13.1    ; N/A          ; N/A          ; |top|ocram_32k:ocram ; C:/Users/adama/DE0-PicoRV32/ocram_32k.vhd ;
+--------+--------------+---------+--------------+--------------+----------------------+-------------------------------------------+


Encoding Type:  One-Hot
+-----------------------------------------------------------------------+
; State Machine - |top|picorv32:cpu|mem_wordsize                        ;
+-----------------+-----------------+-----------------+-----------------+
; Name            ; mem_wordsize.00 ; mem_wordsize.10 ; mem_wordsize.01 ;
+-----------------+-----------------+-----------------+-----------------+
; mem_wordsize.00 ; 0               ; 0               ; 0               ;
; mem_wordsize.01 ; 1               ; 0               ; 1               ;
; mem_wordsize.10 ; 1               ; 1               ; 0               ;
+-----------------+-----------------+-----------------+-----------------+


Encoding Type:  One-Hot
+------------------------------------------------------------------------------------------------------------------------------------------------------------------------------------------------------------------------------------------------------------+
; State Machine - |top|picorv32:cpu|cpu_state                                                                                                                                                                                                                ;
+----------------------------+--------------------------+---------------------------+----------------------------+----------------------------+--------------------------+---------------------------+---------------------------+---------------------------+
; Name                       ; cpu_state.cpu_state_trap ; cpu_state.cpu_state_fetch ; cpu_state.cpu_state_ld_rs1 ; cpu_state.cpu_state_ld_rs2 ; cpu_state.cpu_state_exec ; cpu_state.cpu_state_shift ; cpu_state.cpu_state_stmem ; cpu_state.cpu_state_ldmem ;
+----------------------------+--------------------------+---------------------------+----------------------------+----------------------------+--------------------------+---------------------------+---------------------------+---------------------------+
; cpu_state.cpu_state_trap   ; 0                        ; 0                         ; 0                          ; 0                          ; 0                        ; 0                         ; 0                         ; 0                         ;
; cpu_state.cpu_state_stmem  ; 1                        ; 0                         ; 0                          ; 0                          ; 0                        ; 0                         ; 1                         ; 0                         ;
; cpu_state.cpu_state_shift  ; 1                        ; 0                         ; 0                          ; 0                          ; 0                        ; 1                         ; 0                         ; 0                         ;
; cpu_state.cpu_state_exec   ; 1                        ; 0                         ; 0                          ; 0                          ; 1                        ; 0                         ; 0                         ; 0                         ;
; cpu_state.cpu_state_ld_rs2 ; 1                        ; 0                         ; 0                          ; 1                          ; 0                        ; 0                         ; 0                         ; 0                         ;
; cpu_state.cpu_state_ld_rs1 ; 1                        ; 0                         ; 1                          ; 0                          ; 0                        ; 0                         ; 0                         ; 0                         ;
; cpu_state.cpu_state_fetch  ; 1                        ; 1                         ; 0                          ; 0                          ; 0                        ; 0                         ; 0                         ; 0                         ;
; cpu_state.cpu_state_ldmem  ; 1                        ; 0                         ; 0                          ; 0                          ; 0                        ; 0                         ; 0                         ; 1                         ;
+----------------------------+--------------------------+---------------------------+----------------------------+----------------------------+--------------------------+---------------------------+---------------------------+---------------------------+


+--------------------------------------------------------------------------------------------------+
; Registers Removed During Synthesis                                                               ;
+----------------------------------------------------+---------------------------------------------+
; Register name                                      ; Reason for Removal                          ;
+----------------------------------------------------+---------------------------------------------+
; led_pio:led_inst|ledr[0..9]                        ; Stuck at GND due to stuck port clear        ;
; picorv32:cpu|trap                                  ; Lost fanout                                 ;
; picorv32:cpu|mem_state[0,1]                        ; Stuck at GND due to stuck port data_in      ;
; picorv32:cpu|mem_valid                             ; Stuck at GND due to stuck port data_in      ;
; picorv32:cpu|mem_addr[0..31]                       ; Stuck at GND due to stuck port clock_enable ;
; picorv32:cpu|mem_wstrb[0..3]                       ; Stuck at GND due to stuck port clock_enable ;
; picorv32:cpu|mem_wdata[0..31]                      ; Stuck at GND due to stuck port clock_enable ;
; picorv32:cpu|instr_retirq                          ; Stuck at GND due to stuck port data_in      ;
; picorv32:cpu|instr_waitirq                         ; Stuck at GND due to stuck port data_in      ;
; picorv32:cpu|decoded_imm_j[0]                      ; Stuck at GND due to stuck port data_in      ;
; picorv32:cpu|compressed_instr                      ; Stuck at GND due to stuck port data_in      ;
; picorv32:cpu|instr_getq                            ; Stuck at GND due to stuck port data_in      ;
; picorv32:cpu|instr_setq                            ; Stuck at GND due to stuck port data_in      ;
; picorv32:cpu|instr_maskirq                         ; Stuck at GND due to stuck port data_in      ;
; picorv32:cpu|instr_timer                           ; Stuck at GND due to stuck port data_in      ;
; picorv32:cpu|do_waitirq                            ; Stuck at GND due to stuck port data_in      ;
; picorv32:cpu|mem_instr                             ; Stuck at GND due to stuck port clock_enable ;
; picorv32:cpu|latched_compr                         ; Stuck at GND due to stuck port clock_enable ;
; picorv32:cpu|reg_op1[27..31]                       ; Stuck at GND due to stuck port clock_enable ;
; picorv32:cpu|reg_next_pc[0..31]                    ; Lost fanout                                 ;
; picorv32:cpu|reg_op1[26]                           ; Stuck at GND due to stuck port clock_enable ;
; picorv32:cpu|is_lbu_lhu_lw                         ; Lost fanout                                 ;
; picorv32:cpu|reg_op1[22..25]                       ; Stuck at GND due to stuck port clock_enable ;
; picorv32:cpu|decoded_rd[0..4]                      ; Lost fanout                                 ;
; picorv32:cpu|count_cycle[31,63]                    ; Lost fanout                                 ;
; picorv32:cpu|count_instr[31,63]                    ; Lost fanout                                 ;
; picorv32:cpu|count_cycle[30,62]                    ; Lost fanout                                 ;
; picorv32:cpu|count_instr[30,62]                    ; Lost fanout                                 ;
; picorv32:cpu|count_cycle[29,61]                    ; Lost fanout                                 ;
; picorv32:cpu|count_instr[29,61]                    ; Lost fanout                                 ;
; picorv32:cpu|count_cycle[28,60]                    ; Lost fanout                                 ;
; picorv32:cpu|count_instr[28,60]                    ; Lost fanout                                 ;
; picorv32:cpu|count_cycle[27,59]                    ; Lost fanout                                 ;
; picorv32:cpu|count_instr[27,59]                    ; Lost fanout                                 ;
; picorv32:cpu|count_cycle[26,58]                    ; Lost fanout                                 ;
; picorv32:cpu|count_instr[26,58]                    ; Lost fanout                                 ;
; picorv32:cpu|count_cycle[25,57]                    ; Lost fanout                                 ;
; picorv32:cpu|count_instr[25,57]                    ; Lost fanout                                 ;
; picorv32:cpu|count_cycle[24,56]                    ; Lost fanout                                 ;
; picorv32:cpu|count_instr[24,56]                    ; Lost fanout                                 ;
; picorv32:cpu|count_cycle[23,55]                    ; Lost fanout                                 ;
; picorv32:cpu|count_instr[23,55]                    ; Lost fanout                                 ;
; picorv32:cpu|count_cycle[22,54]                    ; Lost fanout                                 ;
; picorv32:cpu|count_instr[22,54]                    ; Lost fanout                                 ;
; picorv32:cpu|count_cycle[21,53]                    ; Lost fanout                                 ;
; picorv32:cpu|count_instr[21,53]                    ; Lost fanout                                 ;
; picorv32:cpu|count_cycle[20,52]                    ; Lost fanout                                 ;
; picorv32:cpu|count_instr[20,52]                    ; Lost fanout                                 ;
; picorv32:cpu|count_cycle[19,51]                    ; Lost fanout                                 ;
; picorv32:cpu|count_instr[19,51]                    ; Lost fanout                                 ;
; picorv32:cpu|count_cycle[18,50]                    ; Lost fanout                                 ;
; picorv32:cpu|count_instr[18,50]                    ; Lost fanout                                 ;
; picorv32:cpu|count_cycle[17,49]                    ; Lost fanout                                 ;
; picorv32:cpu|count_instr[17,49]                    ; Lost fanout                                 ;
; picorv32:cpu|count_cycle[16,48]                    ; Lost fanout                                 ;
; picorv32:cpu|count_instr[16,48]                    ; Lost fanout                                 ;
; picorv32:cpu|latched_is_lu                         ; Lost fanout                                 ;
; picorv32:cpu|latched_is_lh                         ; Lost fanout                                 ;
; picorv32:cpu|count_cycle[15,47]                    ; Lost fanout                                 ;
; picorv32:cpu|count_instr[15,47]                    ; Lost fanout                                 ;
; picorv32:cpu|count_cycle[14,46]                    ; Lost fanout                                 ;
; picorv32:cpu|count_instr[14,46]                    ; Lost fanout                                 ;
; picorv32:cpu|count_cycle[13,45]                    ; Lost fanout                                 ;
; picorv32:cpu|count_instr[13,45]                    ; Lost fanout                                 ;
; picorv32:cpu|count_cycle[12,44]                    ; Lost fanout                                 ;
; picorv32:cpu|count_instr[12,44]                    ; Lost fanout                                 ;
; picorv32:cpu|count_cycle[11,43]                    ; Lost fanout                                 ;
; picorv32:cpu|count_instr[11,43]                    ; Lost fanout                                 ;
; picorv32:cpu|count_cycle[10,42]                    ; Lost fanout                                 ;
; picorv32:cpu|count_instr[10,42]                    ; Lost fanout                                 ;
; picorv32:cpu|count_cycle[9,41]                     ; Lost fanout                                 ;
; picorv32:cpu|count_instr[9,41]                     ; Lost fanout                                 ;
; picorv32:cpu|count_cycle[8,40]                     ; Lost fanout                                 ;
; picorv32:cpu|count_instr[8,40]                     ; Lost fanout                                 ;
; picorv32:cpu|latched_is_lb                         ; Lost fanout                                 ;
; picorv32:cpu|count_cycle[7,39]                     ; Lost fanout                                 ;
; picorv32:cpu|count_instr[7,39]                     ; Lost fanout                                 ;
; picorv32:cpu|count_cycle[6,38]                     ; Lost fanout                                 ;
; picorv32:cpu|count_instr[6,38]                     ; Lost fanout                                 ;
; picorv32:cpu|count_cycle[5,37]                     ; Lost fanout                                 ;
; picorv32:cpu|count_instr[5,37]                     ; Lost fanout                                 ;
; picorv32:cpu|count_cycle[4,36]                     ; Lost fanout                                 ;
; picorv32:cpu|count_instr[4,36]                     ; Lost fanout                                 ;
; picorv32:cpu|count_cycle[3,35]                     ; Lost fanout                                 ;
; picorv32:cpu|count_instr[3,35]                     ; Lost fanout                                 ;
; picorv32:cpu|count_cycle[2,34]                     ; Lost fanout                                 ;
; picorv32:cpu|count_instr[2,34]                     ; Lost fanout                                 ;
; picorv32:cpu|count_cycle[1,33]                     ; Lost fanout                                 ;
; picorv32:cpu|count_instr[1,33]                     ; Lost fanout                                 ;
; picorv32:cpu|count_cycle[0,32]                     ; Lost fanout                                 ;
; picorv32:cpu|count_instr[0,32]                     ; Lost fanout                                 ;
; picorv32:cpu|is_sll_srl_sra                        ; Lost fanout                                 ;
; picorv32:cpu|is_alu_reg_reg                        ; Lost fanout                                 ;
; picorv32:cpu|reg_op1[14..21]                       ; Stuck at GND due to stuck port clock_enable ;
; picorv32:cpu|mem_do_rinst                          ; Lost fanout                                 ;
; picorv32:cpu|reg_op1[0..13]                        ; Stuck at GND due to stuck port clock_enable ;
; picorv32:cpu|mem_do_wdata                          ; Lost fanout                                 ;
; picorv32:cpu|mem_do_rdata                          ; Lost fanout                                 ;
; picorv32:cpu|mem_do_prefetch                       ; Lost fanout                                 ;
; picorv32:cpu|reg_op2[31]                           ; Stuck at GND due to stuck port clock_enable ;
; picorv32:cpu|decoded_imm[31]                       ; Lost fanout                                 ;
; picorv32:cpu|decoded_imm_j[31]                     ; Lost fanout                                 ;
; picorv32:cpu|reg_op2[30]                           ; Stuck at GND due to stuck port clock_enable ;
; picorv32:cpu|decoded_imm[30]                       ; Lost fanout                                 ;
; picorv32:cpu|decoded_imm_j[30]                     ; Lost fanout                                 ;
; picorv32:cpu|reg_op2[29]                           ; Stuck at GND due to stuck port clock_enable ;
; picorv32:cpu|decoded_imm[29]                       ; Lost fanout                                 ;
; picorv32:cpu|decoded_imm_j[29]                     ; Lost fanout                                 ;
; picorv32:cpu|reg_op2[28]                           ; Stuck at GND due to stuck port clock_enable ;
; picorv32:cpu|decoded_imm[28]                       ; Lost fanout                                 ;
; picorv32:cpu|decoded_imm_j[28]                     ; Lost fanout                                 ;
; picorv32:cpu|reg_op2[27]                           ; Stuck at GND due to stuck port clock_enable ;
; picorv32:cpu|decoded_imm[27]                       ; Lost fanout                                 ;
; picorv32:cpu|decoded_imm_j[27]                     ; Lost fanout                                 ;
; picorv32:cpu|reg_op2[26]                           ; Stuck at GND due to stuck port clock_enable ;
; picorv32:cpu|decoded_imm[26]                       ; Lost fanout                                 ;
; picorv32:cpu|decoded_imm_j[26]                     ; Lost fanout                                 ;
; picorv32:cpu|reg_op2[25]                           ; Stuck at GND due to stuck port clock_enable ;
; picorv32:cpu|decoded_imm[25]                       ; Lost fanout                                 ;
; picorv32:cpu|decoded_imm_j[25]                     ; Lost fanout                                 ;
; picorv32:cpu|reg_op2[24]                           ; Stuck at GND due to stuck port clock_enable ;
; picorv32:cpu|decoded_imm[24]                       ; Lost fanout                                 ;
; picorv32:cpu|decoded_imm_j[24]                     ; Lost fanout                                 ;
; picorv32:cpu|reg_op2[23]                           ; Stuck at GND due to stuck port clock_enable ;
; picorv32:cpu|decoded_imm[23]                       ; Lost fanout                                 ;
; picorv32:cpu|decoded_imm_j[23]                     ; Lost fanout                                 ;
; picorv32:cpu|reg_op2[22]                           ; Stuck at GND due to stuck port clock_enable ;
; picorv32:cpu|decoded_imm[22]                       ; Lost fanout                                 ;
; picorv32:cpu|decoded_imm_j[22]                     ; Lost fanout                                 ;
; picorv32:cpu|reg_op2[21]                           ; Stuck at GND due to stuck port clock_enable ;
; picorv32:cpu|decoded_imm[21]                       ; Lost fanout                                 ;
; picorv32:cpu|decoded_imm_j[21]                     ; Lost fanout                                 ;
; picorv32:cpu|reg_op2[20]                           ; Stuck at GND due to stuck port clock_enable ;
; picorv32:cpu|decoded_imm[20]                       ; Lost fanout                                 ;
; picorv32:cpu|decoded_imm_j[20]                     ; Lost fanout                                 ;
; picorv32:cpu|reg_op2[19]                           ; Stuck at GND due to stuck port clock_enable ;
; picorv32:cpu|decoded_imm[19]                       ; Lost fanout                                 ;
; picorv32:cpu|decoded_imm_j[19]                     ; Lost fanout                                 ;
; picorv32:cpu|reg_op2[18]                           ; Stuck at GND due to stuck port clock_enable ;
; picorv32:cpu|decoded_imm[18]                       ; Lost fanout                                 ;
; picorv32:cpu|decoded_imm_j[18]                     ; Lost fanout                                 ;
; picorv32:cpu|reg_op2[17]                           ; Stuck at GND due to stuck port clock_enable ;
; picorv32:cpu|decoded_imm[17]                       ; Lost fanout                                 ;
; picorv32:cpu|decoded_imm_j[17]                     ; Lost fanout                                 ;
; picorv32:cpu|reg_op2[16]                           ; Stuck at GND due to stuck port clock_enable ;
; picorv32:cpu|decoded_imm[16]                       ; Lost fanout                                 ;
; picorv32:cpu|decoded_imm_j[16]                     ; Lost fanout                                 ;
; picorv32:cpu|reg_op2[15]                           ; Stuck at GND due to stuck port clock_enable ;
; picorv32:cpu|decoded_imm[15]                       ; Lost fanout                                 ;
; picorv32:cpu|decoded_imm_j[15]                     ; Lost fanout                                 ;
; picorv32:cpu|reg_op2[14]                           ; Stuck at GND due to stuck port clock_enable ;
; picorv32:cpu|decoded_imm[14]                       ; Lost fanout                                 ;
; picorv32:cpu|decoded_imm_j[14]                     ; Lost fanout                                 ;
; picorv32:cpu|reg_op2[13]                           ; Stuck at GND due to stuck port clock_enable ;
; picorv32:cpu|decoded_imm[13]                       ; Lost fanout                                 ;
; picorv32:cpu|decoded_imm_j[13]                     ; Lost fanout                                 ;
; picorv32:cpu|reg_op2[12]                           ; Stuck at GND due to stuck port clock_enable ;
; picorv32:cpu|decoded_imm[12]                       ; Lost fanout                                 ;
; picorv32:cpu|decoded_imm_j[12]                     ; Lost fanout                                 ;
; picorv32:cpu|reg_op2[11]                           ; Stuck at GND due to stuck port clock_enable ;
; picorv32:cpu|decoded_imm[11]                       ; Lost fanout                                 ;
; picorv32:cpu|decoded_imm_j[11]                     ; Lost fanout                                 ;
; picorv32:cpu|reg_op2[10]                           ; Stuck at GND due to stuck port clock_enable ;
; picorv32:cpu|decoded_imm[10]                       ; Lost fanout                                 ;
; picorv32:cpu|decoded_imm_j[10]                     ; Lost fanout                                 ;
; picorv32:cpu|reg_op2[9]                            ; Stuck at GND due to stuck port clock_enable ;
; picorv32:cpu|decoded_imm[9]                        ; Lost fanout                                 ;
; picorv32:cpu|decoded_imm_j[9]                      ; Lost fanout                                 ;
; picorv32:cpu|reg_op2[8]                            ; Stuck at GND due to stuck port clock_enable ;
; picorv32:cpu|decoded_imm[8]                        ; Lost fanout                                 ;
; picorv32:cpu|decoded_imm_j[8]                      ; Lost fanout                                 ;
; picorv32:cpu|reg_op2[7]                            ; Stuck at GND due to stuck port clock_enable ;
; picorv32:cpu|decoded_imm[7]                        ; Lost fanout                                 ;
; picorv32:cpu|decoded_imm_j[7]                      ; Lost fanout                                 ;
; picorv32:cpu|reg_op2[6]                            ; Stuck at GND due to stuck port clock_enable ;
; picorv32:cpu|decoded_imm[6]                        ; Lost fanout                                 ;
; picorv32:cpu|decoded_imm_j[6]                      ; Lost fanout                                 ;
; picorv32:cpu|reg_op2[5]                            ; Stuck at GND due to stuck port clock_enable ;
; picorv32:cpu|decoded_imm[5]                        ; Lost fanout                                 ;
; picorv32:cpu|decoded_imm_j[5]                      ; Lost fanout                                 ;
; picorv32:cpu|reg_op2[4]                            ; Stuck at GND due to stuck port clock_enable ;
; picorv32:cpu|decoded_imm[4]                        ; Lost fanout                                 ;
; picorv32:cpu|decoded_imm_j[4]                      ; Lost fanout                                 ;
; picorv32:cpu|reg_op2[3]                            ; Stuck at GND due to stuck port clock_enable ;
; picorv32:cpu|decoded_imm[3]                        ; Lost fanout                                 ;
; picorv32:cpu|decoded_imm_j[3]                      ; Lost fanout                                 ;
; picorv32:cpu|reg_op2[2]                            ; Stuck at GND due to stuck port clock_enable ;
; picorv32:cpu|decoded_imm[2]                        ; Lost fanout                                 ;
; picorv32:cpu|decoded_imm_j[2]                      ; Lost fanout                                 ;
; picorv32:cpu|reg_op2[1]                            ; Stuck at GND due to stuck port clock_enable ;
; picorv32:cpu|decoded_imm[1]                        ; Lost fanout                                 ;
; picorv32:cpu|decoded_imm_j[1]                      ; Lost fanout                                 ;
; picorv32:cpu|reg_op2[0]                            ; Stuck at GND due to stuck port clock_enable ;
; picorv32:cpu|decoded_imm[0]                        ; Lost fanout                                 ;
; picorv32:cpu|is_beq_bne_blt_bge_bltu_bgeu          ; Lost fanout                                 ;
; picorv32:cpu|is_compare                            ; Stuck at GND due to stuck port data_in      ;
; picorv32:cpu|instr_lui                             ; Stuck at GND due to stuck port clock_enable ;
; picorv32:cpu|instr_auipc                           ; Stuck at GND due to stuck port clock_enable ;
; picorv32:cpu|instr_jal                             ; Stuck at GND due to stuck port clock_enable ;
; picorv32:cpu|instr_jalr                            ; Stuck at GND due to stuck port clock_enable ;
; picorv32:cpu|is_lb_lh_lw_lbu_lhu                   ; Stuck at GND due to stuck port clock_enable ;
; picorv32:cpu|is_sb_sh_sw                           ; Stuck at GND due to stuck port clock_enable ;
; picorv32:cpu|is_alu_reg_imm                        ; Stuck at GND due to stuck port clock_enable ;
; picorv32:cpu|decoded_rs1[0..4]                     ; Stuck at GND due to stuck port clock_enable ;
; picorv32:cpu|decoded_rs2[0..4]                     ; Stuck at GND due to stuck port clock_enable ;
; picorv32:cpu|instr_beq                             ; Stuck at GND due to stuck port data_in      ;
; picorv32:cpu|instr_bne                             ; Stuck at GND due to stuck port data_in      ;
; picorv32:cpu|instr_blt                             ; Stuck at GND due to stuck port data_in      ;
; picorv32:cpu|instr_bge                             ; Stuck at GND due to stuck port data_in      ;
; picorv32:cpu|instr_bltu                            ; Stuck at GND due to stuck port data_in      ;
; picorv32:cpu|instr_bgeu                            ; Stuck at GND due to stuck port data_in      ;
; picorv32:cpu|instr_addi                            ; Stuck at GND due to stuck port data_in      ;
; picorv32:cpu|instr_slti                            ; Stuck at GND due to stuck port data_in      ;
; picorv32:cpu|instr_sltiu                           ; Stuck at GND due to stuck port data_in      ;
; picorv32:cpu|instr_xori                            ; Stuck at GND due to stuck port data_in      ;
; picorv32:cpu|instr_ori                             ; Stuck at GND due to stuck port data_in      ;
; picorv32:cpu|instr_andi                            ; Stuck at GND due to stuck port data_in      ;
; picorv32:cpu|instr_add                             ; Stuck at GND due to stuck port data_in      ;
; picorv32:cpu|instr_sub                             ; Stuck at GND due to stuck port data_in      ;
; picorv32:cpu|instr_sll                             ; Stuck at GND due to stuck port data_in      ;
; picorv32:cpu|instr_slt                             ; Stuck at GND due to stuck port data_in      ;
; picorv32:cpu|instr_sltu                            ; Stuck at GND due to stuck port data_in      ;
; picorv32:cpu|instr_xor                             ; Stuck at GND due to stuck port data_in      ;
; picorv32:cpu|instr_srl                             ; Stuck at GND due to stuck port data_in      ;
; picorv32:cpu|instr_sra                             ; Stuck at GND due to stuck port data_in      ;
; picorv32:cpu|instr_or                              ; Stuck at GND due to stuck port data_in      ;
; picorv32:cpu|instr_and                             ; Stuck at GND due to stuck port data_in      ;
; picorv32:cpu|instr_fence                           ; Stuck at GND due to stuck port data_in      ;
; picorv32:cpu|reg_out[16..31]                       ; Stuck at GND due to stuck port data_in      ;
; picorv32:cpu|reg_out[15]                           ; Stuck at VCC due to stuck port data_in      ;
; picorv32:cpu|reg_out[0..14]                        ; Stuck at GND due to stuck port data_in      ;
; picorv32:cpu|decoder_trigger                       ; Stuck at GND due to stuck port data_in      ;
; picorv32:cpu|decoder_pseudo_trigger                ; Stuck at GND due to stuck port data_in      ;
; picorv32:cpu|reg_pc[0..31]                         ; Stuck at GND due to stuck port data_in      ;
; picorv32:cpu|is_lui_auipc_jal_jalr_addi_add_sub    ; Lost fanout                                 ;
; picorv32:cpu|alu_out_q[0..30]                      ; Lost fanout                                 ;
; picorv32:cpu|latched_store                         ; Lost fanout                                 ;
; picorv32:cpu|latched_branch                        ; Lost fanout                                 ;
; picorv32:cpu|alu_out_q[31]                         ; Lost fanout                                 ;
; picorv32:cpu|latched_stalu                         ; Lost fanout                                 ;
; picorv32:cpu|latched_rd[0..4]                      ; Lost fanout                                 ;
; picorv32:cpu|instr_lb                              ; Lost fanout                                 ;
; picorv32:cpu|instr_lh                              ; Lost fanout                                 ;
; picorv32:cpu|instr_lw                              ; Lost fanout                                 ;
; picorv32:cpu|instr_lbu                             ; Lost fanout                                 ;
; picorv32:cpu|instr_lhu                             ; Lost fanout                                 ;
; picorv32:cpu|instr_sb                              ; Lost fanout                                 ;
; picorv32:cpu|instr_sh                              ; Lost fanout                                 ;
; picorv32:cpu|instr_sw                              ; Lost fanout                                 ;
; picorv32:cpu|instr_slli                            ; Lost fanout                                 ;
; picorv32:cpu|instr_srli                            ; Lost fanout                                 ;
; picorv32:cpu|instr_srai                            ; Lost fanout                                 ;
; picorv32:cpu|instr_rdcycle                         ; Lost fanout                                 ;
; picorv32:cpu|instr_rdcycleh                        ; Lost fanout                                 ;
; picorv32:cpu|instr_rdinstr                         ; Lost fanout                                 ;
; picorv32:cpu|instr_rdinstrh                        ; Lost fanout                                 ;
; picorv32:cpu|is_lui_auipc_jal                      ; Lost fanout                                 ;
; picorv32:cpu|is_slli_srli_srai                     ; Lost fanout                                 ;
; picorv32:cpu|is_jalr_addi_slti_sltiu_xori_ori_andi ; Lost fanout                                 ;
; picorv32:cpu|is_slti_blt_slt                       ; Lost fanout                                 ;
; picorv32:cpu|is_sltiu_bltu_sltu                    ; Stuck at GND due to stuck port data_in      ;
; picorv32:cpu|mem_rdata_q[0..31]                    ; Lost fanout                                 ;
; picorv32:cpu|reg_sh[0..4]                          ; Lost fanout                                 ;
; picorv32:cpu|cpu_state.cpu_state_trap              ; Lost fanout                                 ;
; picorv32:cpu|cpu_state.cpu_state_stmem             ; Lost fanout                                 ;
; picorv32:cpu|cpu_state.cpu_state_shift             ; Lost fanout                                 ;
; picorv32:cpu|cpu_state.cpu_state_exec              ; Lost fanout                                 ;
; picorv32:cpu|cpu_state.cpu_state_ld_rs2            ; Lost fanout                                 ;
; picorv32:cpu|cpu_state.cpu_state_ld_rs1            ; Lost fanout                                 ;
; picorv32:cpu|cpu_state.cpu_state_fetch             ; Lost fanout                                 ;
; picorv32:cpu|cpu_state.cpu_state_ldmem             ; Lost fanout                                 ;
; picorv32:cpu|mem_wordsize.01                       ; Lost fanout                                 ;
; picorv32:cpu|mem_wordsize.10                       ; Lost fanout                                 ;
; picorv32:cpu|mem_wordsize.00                       ; Lost fanout                                 ;
; Total Number of Removed Registers = 612            ;                                             ;
+----------------------------------------------------+---------------------------------------------+


+--------------------------------------------------------------------------------------------------------------------------------------------------------+
; Removed Registers Triggering Further Register Optimizations                                                                                            ;
+-------------------------------+--------------------------------+---------------------------------------------------------------------------------------+
; Register name                 ; Reason for Removal             ; Registers Removed due to This Register                                                ;
+-------------------------------+--------------------------------+---------------------------------------------------------------------------------------+
; picorv32:cpu|instr_retirq     ; Stuck at GND                   ; picorv32:cpu|reg_op1[31], picorv32:cpu|reg_op1[30], picorv32:cpu|reg_op1[29],         ;
;                               ; due to stuck port data_in      ; picorv32:cpu|reg_op1[28], picorv32:cpu|reg_op1[27], picorv32:cpu|reg_op1[26],         ;
;                               ;                                ; picorv32:cpu|reg_op1[25], picorv32:cpu|reg_op1[24], picorv32:cpu|reg_op1[23],         ;
;                               ;                                ; picorv32:cpu|reg_op1[22], picorv32:cpu|count_cycle[63], picorv32:cpu|count_cycle[31], ;
;                               ;                                ; picorv32:cpu|count_instr[63], picorv32:cpu|count_instr[31],                           ;
;                               ;                                ; picorv32:cpu|count_cycle[62], picorv32:cpu|count_cycle[30],                           ;
;                               ;                                ; picorv32:cpu|count_instr[62], picorv32:cpu|count_instr[30],                           ;
;                               ;                                ; picorv32:cpu|count_cycle[61], picorv32:cpu|count_cycle[29],                           ;
;                               ;                                ; picorv32:cpu|count_instr[61], picorv32:cpu|count_instr[29],                           ;
;                               ;                                ; picorv32:cpu|count_cycle[60], picorv32:cpu|count_cycle[28],                           ;
;                               ;                                ; picorv32:cpu|count_instr[60], picorv32:cpu|count_instr[28],                           ;
;                               ;                                ; picorv32:cpu|count_cycle[59], picorv32:cpu|count_cycle[27],                           ;
;                               ;                                ; picorv32:cpu|count_instr[59], picorv32:cpu|count_instr[27],                           ;
;                               ;                                ; picorv32:cpu|count_cycle[58], picorv32:cpu|count_cycle[26],                           ;
;                               ;                                ; picorv32:cpu|count_instr[58], picorv32:cpu|count_instr[26],                           ;
;                               ;                                ; picorv32:cpu|count_cycle[57], picorv32:cpu|count_cycle[25],                           ;
;                               ;                                ; picorv32:cpu|count_instr[57], picorv32:cpu|count_instr[25],                           ;
;                               ;                                ; picorv32:cpu|count_cycle[56], picorv32:cpu|count_cycle[24],                           ;
;                               ;                                ; picorv32:cpu|count_instr[56], picorv32:cpu|count_instr[24],                           ;
;                               ;                                ; picorv32:cpu|count_cycle[55], picorv32:cpu|count_cycle[23],                           ;
;                               ;                                ; picorv32:cpu|count_instr[55], picorv32:cpu|count_instr[23],                           ;
;                               ;                                ; picorv32:cpu|count_cycle[54], picorv32:cpu|count_cycle[22],                           ;
;                               ;                                ; picorv32:cpu|count_instr[54], picorv32:cpu|count_instr[22],                           ;
;                               ;                                ; picorv32:cpu|is_sll_srl_sra, picorv32:cpu|is_alu_reg_reg, picorv32:cpu|reg_op1[21],   ;
;                               ;                                ; picorv32:cpu|reg_op1[20], picorv32:cpu|reg_op1[19], picorv32:cpu|reg_op1[18],         ;
;                               ;                                ; picorv32:cpu|reg_op1[17], picorv32:cpu|reg_op1[16], picorv32:cpu|reg_op1[15],         ;
;                               ;                                ; picorv32:cpu|reg_op1[14], picorv32:cpu|reg_op1[13], picorv32:cpu|reg_op1[12],         ;
;                               ;                                ; picorv32:cpu|reg_op1[11], picorv32:cpu|reg_op1[10], picorv32:cpu|reg_op1[9],          ;
;                               ;                                ; picorv32:cpu|reg_op1[8], picorv32:cpu|reg_op1[7], picorv32:cpu|reg_op1[6],            ;
;                               ;                                ; picorv32:cpu|reg_op1[5], picorv32:cpu|reg_op1[4], picorv32:cpu|reg_op1[3],            ;
;                               ;                                ; picorv32:cpu|reg_op1[2], picorv32:cpu|reg_op1[1], picorv32:cpu|reg_op1[0],            ;
;                               ;                                ; picorv32:cpu|reg_op2[31], picorv32:cpu|decoded_imm[31],                               ;
;                               ;                                ; picorv32:cpu|decoded_imm_j[31], picorv32:cpu|reg_op2[30],                             ;
;                               ;                                ; picorv32:cpu|decoded_imm[30], picorv32:cpu|decoded_imm_j[30],                         ;
;                               ;                                ; picorv32:cpu|reg_op2[29], picorv32:cpu|decoded_imm[29],                               ;
;                               ;                                ; picorv32:cpu|decoded_imm_j[29], picorv32:cpu|reg_op2[28],                             ;
;                               ;                                ; picorv32:cpu|decoded_imm[28], picorv32:cpu|decoded_imm_j[28],                         ;
;                               ;                                ; picorv32:cpu|reg_op2[27], picorv32:cpu|decoded_imm[27],                               ;
;                               ;                                ; picorv32:cpu|decoded_imm_j[27], picorv32:cpu|reg_op2[26],                             ;
;                               ;                                ; picorv32:cpu|decoded_imm[26], picorv32:cpu|decoded_imm_j[26],                         ;
;                               ;                                ; picorv32:cpu|reg_op2[25], picorv32:cpu|decoded_imm[25],                               ;
;                               ;                                ; picorv32:cpu|decoded_imm_j[25], picorv32:cpu|reg_op2[24],                             ;
;                               ;                                ; picorv32:cpu|decoded_imm[24], picorv32:cpu|decoded_imm_j[24],                         ;
;                               ;                                ; picorv32:cpu|reg_op2[23], picorv32:cpu|decoded_imm[23],                               ;
;                               ;                                ; picorv32:cpu|decoded_imm_j[23], picorv32:cpu|reg_op2[22],                             ;
;                               ;                                ; picorv32:cpu|decoded_imm[22], picorv32:cpu|decoded_imm_j[22],                         ;
;                               ;                                ; picorv32:cpu|reg_op2[21], picorv32:cpu|decoded_imm[21],                               ;
;                               ;                                ; picorv32:cpu|decoded_imm_j[21], picorv32:cpu|reg_op2[20],                             ;
;                               ;                                ; picorv32:cpu|decoded_imm[20], picorv32:cpu|decoded_imm_j[20],                         ;
;                               ;                                ; picorv32:cpu|reg_op2[19], picorv32:cpu|decoded_imm[19],                               ;
;                               ;                                ; picorv32:cpu|decoded_imm_j[19], picorv32:cpu|reg_op2[18],                             ;
;                               ;                                ; picorv32:cpu|decoded_imm[18], picorv32:cpu|decoded_imm_j[18],                         ;
;                               ;                                ; picorv32:cpu|reg_op2[17], picorv32:cpu|decoded_imm[17],                               ;
;                               ;                                ; picorv32:cpu|decoded_imm_j[17], picorv32:cpu|reg_op2[16],                             ;
;                               ;                                ; picorv32:cpu|decoded_imm[16], picorv32:cpu|decoded_imm_j[16],                         ;
;                               ;                                ; picorv32:cpu|reg_op2[15], picorv32:cpu|decoded_imm[15],                               ;
;                               ;                                ; picorv32:cpu|decoded_imm_j[15], picorv32:cpu|reg_op2[14],                             ;
;                               ;                                ; picorv32:cpu|decoded_imm[14], picorv32:cpu|decoded_imm_j[14],                         ;
;                               ;                                ; picorv32:cpu|reg_op2[13], picorv32:cpu|decoded_imm[13],                               ;
;                               ;                                ; picorv32:cpu|decoded_imm_j[13], picorv32:cpu|reg_op2[12],                             ;
;                               ;                                ; picorv32:cpu|decoded_imm[12], picorv32:cpu|decoded_imm_j[12],                         ;
;                               ;                                ; picorv32:cpu|reg_op2[11], picorv32:cpu|decoded_imm[11],                               ;
;                               ;                                ; picorv32:cpu|decoded_imm_j[11], picorv32:cpu|reg_op2[10],                             ;
;                               ;                                ; picorv32:cpu|decoded_imm[10], picorv32:cpu|decoded_imm_j[10],                         ;
;                               ;                                ; picorv32:cpu|reg_op2[9], picorv32:cpu|decoded_imm[9], picorv32:cpu|decoded_imm_j[9],  ;
;                               ;                                ; picorv32:cpu|reg_op2[8], picorv32:cpu|decoded_imm[8], picorv32:cpu|decoded_imm_j[8],  ;
;                               ;                                ; picorv32:cpu|reg_op2[7], picorv32:cpu|decoded_imm[7], picorv32:cpu|decoded_imm_j[7],  ;
;                               ;                                ; picorv32:cpu|reg_op2[6], picorv32:cpu|decoded_imm[6], picorv32:cpu|decoded_imm_j[6],  ;
;                               ;                                ; picorv32:cpu|reg_op2[5], picorv32:cpu|decoded_imm[5], picorv32:cpu|decoded_imm_j[5],  ;
;                               ;                                ; picorv32:cpu|reg_op2[4], picorv32:cpu|decoded_imm[4], picorv32:cpu|reg_op2[3],        ;
;                               ;                                ; picorv32:cpu|decoded_imm[3], picorv32:cpu|reg_op2[2], picorv32:cpu|decoded_imm[2],    ;
;                               ;                                ; picorv32:cpu|reg_op2[1], picorv32:cpu|decoded_imm[1], picorv32:cpu|reg_op2[0],        ;
;                               ;                                ; picorv32:cpu|decoded_imm[0], picorv32:cpu|is_lui_auipc_jal_jalr_addi_add_sub,         ;
;                               ;                                ; picorv32:cpu|instr_slli, picorv32:cpu|instr_srli, picorv32:cpu|instr_srai,            ;
;                               ;                                ; picorv32:cpu|instr_rdcycle, picorv32:cpu|instr_rdcycleh, picorv32:cpu|instr_rdinstr,  ;
;                               ;                                ; picorv32:cpu|instr_rdinstrh, picorv32:cpu|is_lui_auipc_jal,                           ;
;                               ;                                ; picorv32:cpu|is_slli_srli_srai, picorv32:cpu|is_jalr_addi_slti_sltiu_xori_ori_andi,   ;
;                               ;                                ; picorv32:cpu|is_slti_blt_slt, picorv32:cpu|mem_rdata_q[0],                            ;
;                               ;                                ; picorv32:cpu|mem_rdata_q[31], picorv32:cpu|mem_rdata_q[30],                           ;
;                               ;                                ; picorv32:cpu|mem_rdata_q[29], picorv32:cpu|mem_rdata_q[28],                           ;
;                               ;                                ; picorv32:cpu|mem_rdata_q[27], picorv32:cpu|mem_rdata_q[26],                           ;
;                               ;                                ; picorv32:cpu|mem_rdata_q[25], picorv32:cpu|mem_rdata_q[24],                           ;
;                               ;                                ; picorv32:cpu|mem_rdata_q[23], picorv32:cpu|mem_rdata_q[22],                           ;
;                               ;                                ; picorv32:cpu|mem_rdata_q[21], picorv32:cpu|mem_rdata_q[19],                           ;
;                               ;                                ; picorv32:cpu|mem_rdata_q[18], picorv32:cpu|mem_rdata_q[17],                           ;
;                               ;                                ; picorv32:cpu|mem_rdata_q[16], picorv32:cpu|mem_rdata_q[15]                            ;
; picorv32:cpu|mem_wdata[31]    ; Stuck at GND                   ; picorv32:cpu|latched_is_lu, picorv32:cpu|latched_is_lb, picorv32:cpu|reg_out[31],     ;
;                               ; due to stuck port clock_enable ; picorv32:cpu|reg_out[30], picorv32:cpu|reg_out[29], picorv32:cpu|reg_out[28],         ;
;                               ;                                ; picorv32:cpu|reg_out[27], picorv32:cpu|reg_out[26], picorv32:cpu|reg_out[25],         ;
;                               ;                                ; picorv32:cpu|reg_out[24], picorv32:cpu|reg_out[23], picorv32:cpu|reg_out[22],         ;
;                               ;                                ; picorv32:cpu|reg_out[21], picorv32:cpu|reg_out[20], picorv32:cpu|reg_out[19],         ;
;                               ;                                ; picorv32:cpu|reg_out[18], picorv32:cpu|reg_out[17], picorv32:cpu|reg_out[16],         ;
;                               ;                                ; picorv32:cpu|reg_out[15], picorv32:cpu|alu_out_q[15], picorv32:cpu|alu_out_q[16],     ;
;                               ;                                ; picorv32:cpu|alu_out_q[17], picorv32:cpu|alu_out_q[18], picorv32:cpu|alu_out_q[19],   ;
;                               ;                                ; picorv32:cpu|alu_out_q[20], picorv32:cpu|alu_out_q[21], picorv32:cpu|alu_out_q[22],   ;
;                               ;                                ; picorv32:cpu|alu_out_q[23], picorv32:cpu|alu_out_q[24], picorv32:cpu|alu_out_q[25],   ;
;                               ;                                ; picorv32:cpu|alu_out_q[26], picorv32:cpu|alu_out_q[27], picorv32:cpu|alu_out_q[28]    ;
; picorv32:cpu|mem_valid        ; Stuck at GND                   ; picorv32:cpu|instr_lui, picorv32:cpu|instr_auipc, picorv32:cpu|instr_jal,             ;
;                               ; due to stuck port data_in      ; picorv32:cpu|instr_jalr, picorv32:cpu|is_lb_lh_lw_lbu_lhu, picorv32:cpu|is_sb_sh_sw,  ;
;                               ;                                ; picorv32:cpu|is_alu_reg_imm, picorv32:cpu|decoded_rs1[4],                             ;
;                               ;                                ; picorv32:cpu|decoded_rs1[3], picorv32:cpu|decoded_rs1[2],                             ;
;                               ;                                ; picorv32:cpu|decoded_rs1[1], picorv32:cpu|decoded_rs1[0],                             ;
;                               ;                                ; picorv32:cpu|decoded_rs2[4], picorv32:cpu|decoded_rs2[3],                             ;
;                               ;                                ; picorv32:cpu|decoded_rs2[2], picorv32:cpu|decoded_rs2[1],                             ;
;                               ;                                ; picorv32:cpu|decoded_rs2[0], picorv32:cpu|alu_out_q[1], picorv32:cpu|alu_out_q[2],    ;
;                               ;                                ; picorv32:cpu|mem_rdata_q[13], picorv32:cpu|mem_rdata_q[12],                           ;
;                               ;                                ; picorv32:cpu|mem_rdata_q[6], picorv32:cpu|mem_rdata_q[5],                             ;
;                               ;                                ; picorv32:cpu|mem_rdata_q[2], picorv32:cpu|mem_rdata_q[1]                              ;
; picorv32:cpu|mem_state[1]     ; Stuck at GND                   ; picorv32:cpu|mem_wstrb[3], picorv32:cpu|mem_wstrb[2], picorv32:cpu|mem_wstrb[1],      ;
;                               ; due to stuck port data_in      ; picorv32:cpu|mem_wstrb[0], picorv32:cpu|mem_instr, picorv32:cpu|mem_do_wdata,         ;
;                               ;                                ; picorv32:cpu|mem_do_rdata, picorv32:cpu|mem_do_prefetch                               ;
; picorv32:cpu|compressed_instr ; Stuck at GND                   ; picorv32:cpu|latched_compr, picorv32:cpu|reg_next_pc[30],                             ;
;                               ; due to stuck port data_in      ; picorv32:cpu|reg_next_pc[29], picorv32:cpu|reg_next_pc[28],                           ;
;                               ;                                ; picorv32:cpu|alu_out_q[0], picorv32:cpu|alu_out_q[29], picorv32:cpu|alu_out_q[30],    ;
;                               ;                                ; picorv32:cpu|latched_stalu                                                            ;
; picorv32:cpu|decoded_imm_j[0] ; Stuck at GND                   ; picorv32:cpu|reg_next_pc[26], picorv32:cpu|latched_store,                             ;
;                               ; due to stuck port data_in      ; picorv32:cpu|latched_branch, picorv32:cpu|alu_out_q[31],                              ;
;                               ;                                ; picorv32:cpu|mem_rdata_q[20], picorv32:cpu|mem_rdata_q[7]                             ;
; picorv32:cpu|mem_wdata[30]    ; Stuck at GND                   ; picorv32:cpu|latched_is_lh, picorv32:cpu|reg_out[14], picorv32:cpu|reg_out[6],        ;
;                               ; due to stuck port clock_enable ; picorv32:cpu|alu_out_q[6], picorv32:cpu|alu_out_q[14]                                 ;
; picorv32:cpu|mem_wdata[29]    ; Stuck at GND                   ; picorv32:cpu|reg_out[13], picorv32:cpu|reg_out[5], picorv32:cpu|alu_out_q[5],         ;
;                               ; due to stuck port clock_enable ; picorv32:cpu|alu_out_q[13]                                                            ;
; picorv32:cpu|mem_wdata[28]    ; Stuck at GND                   ; picorv32:cpu|reg_out[12], picorv32:cpu|reg_out[4], picorv32:cpu|alu_out_q[4],         ;
;                               ; due to stuck port clock_enable ; picorv32:cpu|alu_out_q[12]                                                            ;
; picorv32:cpu|mem_wdata[27]    ; Stuck at GND                   ; picorv32:cpu|reg_out[11], picorv32:cpu|reg_out[3], picorv32:cpu|alu_out_q[3],         ;
;                               ; due to stuck port clock_enable ; picorv32:cpu|alu_out_q[11]                                                            ;
; picorv32:cpu|mem_wdata[26]    ; Stuck at GND                   ; picorv32:cpu|reg_out[10], picorv32:cpu|reg_out[2], picorv32:cpu|alu_out_q[10]         ;
;                               ; due to stuck port clock_enable ;                                                                                       ;
; picorv32:cpu|mem_wdata[25]    ; Stuck at GND                   ; picorv32:cpu|reg_out[9], picorv32:cpu|reg_out[1], picorv32:cpu|alu_out_q[9]           ;
;                               ; due to stuck port clock_enable ;                                                                                       ;
; picorv32:cpu|mem_wdata[24]    ; Stuck at GND                   ; picorv32:cpu|reg_out[8], picorv32:cpu|reg_out[0], picorv32:cpu|alu_out_q[8]           ;
;                               ; due to stuck port clock_enable ;                                                                                       ;
; picorv32:cpu|is_lbu_lhu_lw    ; Lost Fanouts                   ; picorv32:cpu|instr_lw, picorv32:cpu|instr_lbu, picorv32:cpu|instr_lhu                 ;
; picorv32:cpu|mem_addr[31]     ; Stuck at GND                   ; picorv32:cpu|is_beq_bne_blt_bge_bltu_bgeu, picorv32:cpu|mem_rdata_q[14]               ;
;                               ; due to stuck port clock_enable ;                                                                                       ;
; picorv32:cpu|mem_wdata[23]    ; Stuck at GND                   ; picorv32:cpu|reg_out[7], picorv32:cpu|alu_out_q[7]                                    ;
;                               ; due to stuck port clock_enable ;                                                                                       ;
; picorv32:cpu|mem_wdata[6]     ; Stuck at GND                   ; picorv32:cpu|mem_rdata_q[4], picorv32:cpu|mem_rdata_q[3]                              ;
;                               ; due to stuck port clock_enable ;                                                                                       ;
; picorv32:cpu|trap             ; Lost Fanouts                   ; picorv32:cpu|mem_do_rinst                                                             ;
; picorv32:cpu|decoded_rd[4]    ; Lost Fanouts                   ; picorv32:cpu|mem_rdata_q[11]                                                          ;
; picorv32:cpu|decoded_rd[3]    ; Lost Fanouts                   ; picorv32:cpu|mem_rdata_q[10]                                                          ;
; picorv32:cpu|decoded_rd[2]    ; Lost Fanouts                   ; picorv32:cpu|mem_rdata_q[9]                                                           ;
; picorv32:cpu|decoded_rd[1]    ; Lost Fanouts                   ; picorv32:cpu|mem_rdata_q[8]                                                           ;
; picorv32:cpu|instr_bltu       ; Stuck at GND                   ; picorv32:cpu|is_sltiu_bltu_sltu                                                       ;
;                               ; due to stuck port data_in      ;                                                                                       ;
; picorv32:cpu|reg_sh[4]        ; Lost Fanouts                   ; picorv32:cpu|reg_sh[3]                                                                ;
+-------------------------------+--------------------------------+---------------------------------------------------------------------------------------+


+------------------------------------------------------+
; General Register Statistics                          ;
+----------------------------------------------+-------+
; Statistic                                    ; Value ;
+----------------------------------------------+-------+
; Total registers                              ; 3789  ;
; Number of registers using Synchronous Clear  ; 44    ;
; Number of registers using Synchronous Load   ; 66    ;
; Number of registers using Asynchronous Clear ; 1284  ;
; Number of registers using Asynchronous Load  ; 0     ;
; Number of registers using Clock Enable       ; 1139  ;
; Number of registers using Preset             ; 0     ;
+----------------------------------------------+-------+


+-----------------------------------------------------------------------------------------------------------------------------------------------------------------------------------------+
; Inverted Register Statistics                                                                                                                                                            ;
+-------------------------------------------------------------------------------------------------------------------------------------------------------------------------------+---------+
; Inverted Register                                                                                                                                                             ; Fan out ;
+-------------------------------------------------------------------------------------------------------------------------------------------------------------------------------+---------+
; sld_hub:auto_hub|sld_jtag_hub:\jtag_hub_gen:sld_jtag_hub_inst|tdo                                                                                                             ; 1       ;
; sld_hub:auto_hub|sld_jtag_hub:\jtag_hub_gen:sld_jtag_hub_inst|jtag_ir_reg[2]                                                                                                  ; 2       ;
; sld_hub:auto_hub|sld_jtag_hub:\jtag_hub_gen:sld_jtag_hub_inst|jtag_ir_reg[1]                                                                                                  ; 3       ;
; sld_signaltap:auto_signaltap_0|sld_signaltap_impl:sld_signaltap_body|sld_signaltap_implb:sld_signaltap_body|sld_buffer_manager:sld_buffer_manager_inst|modified_post_count[8] ; 1       ;
; sld_signaltap:auto_signaltap_0|sld_signaltap_impl:sld_signaltap_body|sld_signaltap_implb:sld_signaltap_body|sld_buffer_manager:sld_buffer_manager_inst|modified_post_count[9] ; 1       ;
; sld_signaltap:auto_signaltap_0|sld_signaltap_impl:sld_signaltap_body|sld_signaltap_implb:sld_signaltap_body|sld_buffer_manager:sld_buffer_manager_inst|modified_post_count[1] ; 1       ;
; sld_signaltap:auto_signaltap_0|sld_signaltap_impl:sld_signaltap_body|sld_signaltap_implb:sld_signaltap_body|sld_buffer_manager:sld_buffer_manager_inst|modified_post_count[2] ; 1       ;
; sld_signaltap:auto_signaltap_0|sld_signaltap_impl:sld_signaltap_body|sld_signaltap_implb:sld_signaltap_body|sld_buffer_manager:sld_buffer_manager_inst|modified_post_count[3] ; 1       ;
; sld_signaltap:auto_signaltap_0|sld_signaltap_impl:sld_signaltap_body|sld_signaltap_implb:sld_signaltap_body|sld_buffer_manager:sld_buffer_manager_inst|modified_post_count[4] ; 1       ;
; sld_signaltap:auto_signaltap_0|sld_signaltap_impl:sld_signaltap_body|sld_signaltap_implb:sld_signaltap_body|sld_buffer_manager:sld_buffer_manager_inst|modified_post_count[5] ; 1       ;
; sld_signaltap:auto_signaltap_0|sld_signaltap_impl:sld_signaltap_body|sld_signaltap_implb:sld_signaltap_body|sld_buffer_manager:sld_buffer_manager_inst|modified_post_count[6] ; 1       ;
; sld_signaltap:auto_signaltap_0|sld_signaltap_impl:sld_signaltap_body|sld_signaltap_implb:sld_signaltap_body|sld_buffer_manager:sld_buffer_manager_inst|modified_post_count[7] ; 1       ;
; sld_signaltap:auto_signaltap_0|sld_signaltap_impl:sld_signaltap_body|sld_signaltap_implb:sld_signaltap_body|trigger_out_mode_ff                                               ; 2       ;
; sld_signaltap:auto_signaltap_0|sld_signaltap_impl:sld_signaltap_body|sld_signaltap_implb:sld_signaltap_body|sld_buffer_manager:sld_buffer_manager_inst|modified_post_count[0] ; 1       ;
; Total number of inverted registers = 14                                                                                                                                       ;         ;
+-------------------------------------------------------------------------------------------------------------------------------------------------------------------------------+---------+


+--------------------------------------------------------------------------------------------------------------------------------------------------------------------------------------------------------------------------+
; Multiplexer Restructuring Statistics (Restructuring Performed)                                                                                                                                                           ;
+--------------------+-----------+---------------+----------------------+------------------------+------------+------------------------------------------------------------------------------------------------------------+
; Multiplexer Inputs ; Bus Width ; Baseline Area ; Area if Restructured ; Saving if Restructured ; Registered ; Example Multiplexer Output                                                                                 ;
+--------------------+-----------+---------------+----------------------+------------------------+------------+------------------------------------------------------------------------------------------------------------+
; 3:1                ; 4 bits    ; 8 LEs         ; 4 LEs                ; 4 LEs                  ; Yes        ; |top|sld_hub:auto_hub|sld_jtag_hub:\jtag_hub_gen:sld_jtag_hub_inst|hub_minor_ver_reg[0]                    ;
; 4:1                ; 5 bits    ; 10 LEs        ; 5 LEs                ; 5 LEs                  ; Yes        ; |top|sld_hub:auto_hub|sld_jtag_hub:\jtag_hub_gen:sld_jtag_hub_inst|mixer_addr_reg[4]                       ;
; 5:1                ; 5 bits    ; 15 LEs        ; 5 LEs                ; 10 LEs                 ; Yes        ; |top|sld_hub:auto_hub|sld_jtag_hub:\jtag_hub_gen:sld_jtag_hub_inst|sld_rom_sr:hub_info_reg|word_counter[0] ;
; 6:1                ; 9 bits    ; 36 LEs        ; 9 LEs                ; 27 LEs                 ; Yes        ; |top|sld_hub:auto_hub|sld_jtag_hub:\jtag_hub_gen:sld_jtag_hub_inst|irsr_reg[2]                             ;
; 34:1               ; 4 bits    ; 88 LEs        ; 56 LEs               ; 32 LEs                 ; Yes        ; |top|sld_hub:auto_hub|sld_jtag_hub:\jtag_hub_gen:sld_jtag_hub_inst|design_hash_reg[0]                      ;
; 20:1               ; 4 bits    ; 52 LEs        ; 32 LEs               ; 20 LEs                 ; Yes        ; |top|sld_hub:auto_hub|sld_jtag_hub:\jtag_hub_gen:sld_jtag_hub_inst|sld_rom_sr:hub_info_reg|WORD_SR[0]      ;
+--------------------+-----------+---------------+----------------------+------------------------+------------+------------------------------------------------------------------------------------------------------------+


+-------------------------------------------------------------------------------------------------------+
; Source assignments for ocram_32k:ocram|altsyncram:altsyncram_component|altsyncram_nvt3:auto_generated ;
+---------------------------------+--------------------+------+-----------------------------------------+
; Assignment                      ; Value              ; From ; To                                      ;
+---------------------------------+--------------------+------+-----------------------------------------+
; OPTIMIZE_POWER_DURING_SYNTHESIS ; NORMAL_COMPILATION ; -    ; -                                       ;
+---------------------------------+--------------------+------+-----------------------------------------+


+------------------------------------------------------------------------+
; Parameter Settings for User Entity Instance: Top-level Entity: |top    ;
+-------------------+----------------------------------+-----------------+
; Parameter Name    ; Value                            ; Type            ;
+-------------------+----------------------------------+-----------------+
; BARREL_SHIFTER    ; 0                                ; Unsigned Binary ;
; ENABLE_MUL        ; 0                                ; Unsigned Binary ;
; ENABLE_DIV        ; 0                                ; Unsigned Binary ;
; ENABLE_FAST_MUL   ; 0                                ; Unsigned Binary ;
; ENABLE_IRQ_QREGS  ; 0                                ; Unsigned Binary ;
; MEM_WORDS         ; 8192                             ; Signed Integer  ;
; STACKADDR         ; 00000000000000001000000000000000 ; Unsigned Binary ;
; PROGADDR_RESET    ; 00000000000000000000000000000000 ; Unsigned Binary ;
; PROGADDR_IRQ      ; 00000000000000000000000000000000 ; Unsigned Binary ;
; LATCHED_MEM_RDATA ; 0                                ; Signed Integer  ;
+-------------------+----------------------------------+-----------------+
Note: In order to hide this table in the UI and the text report file, please set the "Show Parameter Settings in Synthesis Report" option in "Analysis and Synthesis Settings -> More Settings" to "Off".


+---------------------------------------------------------------------------+
; Parameter Settings for User Entity Instance: picorv32:cpu                 ;
+----------------------+----------------------------------+-----------------+
; Parameter Name       ; Value                            ; Type            ;
+----------------------+----------------------------------+-----------------+
; ENABLE_COUNTERS      ; 1                                ; Unsigned Binary ;
; ENABLE_COUNTERS64    ; 1                                ; Unsigned Binary ;
; ENABLE_REGS_16_31    ; 1                                ; Unsigned Binary ;
; ENABLE_REGS_DUALPORT ; 1                                ; Unsigned Binary ;
; LATCHED_MEM_RDATA    ; 0                                ; Unsigned Binary ;
; TWO_STAGE_SHIFT      ; 1                                ; Unsigned Binary ;
; BARREL_SHIFTER       ; 0                                ; Unsigned Binary ;
; TWO_CYCLE_COMPARE    ; 0                                ; Unsigned Binary ;
; TWO_CYCLE_ALU        ; 0                                ; Unsigned Binary ;
; COMPRESSED_ISA       ; 0                                ; Unsigned Binary ;
; CATCH_MISALIGN       ; 1                                ; Unsigned Binary ;
; CATCH_ILLINSN        ; 1                                ; Unsigned Binary ;
; ENABLE_PCPI          ; 0                                ; Unsigned Binary ;
; ENABLE_MUL           ; 0                                ; Unsigned Binary ;
; ENABLE_FAST_MUL      ; 0                                ; Unsigned Binary ;
; ENABLE_DIV           ; 0                                ; Unsigned Binary ;
; ENABLE_IRQ           ; 0                                ; Unsigned Binary ;
; ENABLE_IRQ_QREGS     ; 0                                ; Unsigned Binary ;
; ENABLE_IRQ_TIMER     ; 1                                ; Unsigned Binary ;
; ENABLE_TRACE         ; 0                                ; Unsigned Binary ;
; REGS_INIT_ZERO       ; 0                                ; Unsigned Binary ;
; MASKED_IRQ           ; 00000000000000000000000000000000 ; Unsigned Binary ;
; LATCHED_IRQ          ; 11111111111111111111111111111111 ; Unsigned Binary ;
; PROGADDR_RESET       ; 00000000000000000000000000000000 ; Unsigned Binary ;
; PROGADDR_IRQ         ; 00000000000000000000000000000000 ; Unsigned Binary ;
; STACKADDR            ; 00000000000000001000000000000000 ; Unsigned Binary ;
+----------------------+----------------------------------+-----------------+
Note: In order to hide this table in the UI and the text report file, please set the "Show Parameter Settings in Synthesis Report" option in "Analysis and Synthesis Settings -> More Settings" to "Off".


+----------------------------------------------------------------------------------------------+
; Parameter Settings for User Entity Instance: ocram_32k:ocram|altsyncram:altsyncram_component ;
+------------------------------------+-----------------+---------------------------------------+
; Parameter Name                     ; Value           ; Type                                  ;
+------------------------------------+-----------------+---------------------------------------+
; BYTE_SIZE_BLOCK                    ; 8               ; Untyped                               ;
; AUTO_CARRY_CHAINS                  ; ON              ; AUTO_CARRY                            ;
; IGNORE_CARRY_BUFFERS               ; OFF             ; IGNORE_CARRY                          ;
; AUTO_CASCADE_CHAINS                ; ON              ; AUTO_CASCADE                          ;
; IGNORE_CASCADE_BUFFERS             ; OFF             ; IGNORE_CASCADE                        ;
; WIDTH_BYTEENA                      ; 1               ; Untyped                               ;
; OPERATION_MODE                     ; BIDIR_DUAL_PORT ; Untyped                               ;
; WIDTH_A                            ; 32              ; Signed Integer                        ;
; WIDTHAD_A                          ; 13              ; Signed Integer                        ;
; NUMWORDS_A                         ; 8192            ; Signed Integer                        ;
; OUTDATA_REG_A                      ; UNREGISTERED    ; Untyped                               ;
; ADDRESS_ACLR_A                     ; NONE            ; Untyped                               ;
; OUTDATA_ACLR_A                     ; NONE            ; Untyped                               ;
; WRCONTROL_ACLR_A                   ; NONE            ; Untyped                               ;
; INDATA_ACLR_A                      ; NONE            ; Untyped                               ;
; BYTEENA_ACLR_A                     ; NONE            ; Untyped                               ;
; WIDTH_B                            ; 32              ; Signed Integer                        ;
; WIDTHAD_B                          ; 13              ; Signed Integer                        ;
; NUMWORDS_B                         ; 8192            ; Signed Integer                        ;
; INDATA_REG_B                       ; CLOCK0          ; Untyped                               ;
; WRCONTROL_WRADDRESS_REG_B          ; CLOCK0          ; Untyped                               ;
; RDCONTROL_REG_B                    ; CLOCK1          ; Untyped                               ;
; ADDRESS_REG_B                      ; CLOCK0          ; Untyped                               ;
; OUTDATA_REG_B                      ; UNREGISTERED    ; Untyped                               ;
; BYTEENA_REG_B                      ; CLOCK0          ; Untyped                               ;
; INDATA_ACLR_B                      ; NONE            ; Untyped                               ;
; WRCONTROL_ACLR_B                   ; NONE            ; Untyped                               ;
; ADDRESS_ACLR_B                     ; NONE            ; Untyped                               ;
; OUTDATA_ACLR_B                     ; NONE            ; Untyped                               ;
; RDCONTROL_ACLR_B                   ; NONE            ; Untyped                               ;
; BYTEENA_ACLR_B                     ; NONE            ; Untyped                               ;
; WIDTH_BYTEENA_A                    ; 4               ; Signed Integer                        ;
; WIDTH_BYTEENA_B                    ; 4               ; Signed Integer                        ;
; RAM_BLOCK_TYPE                     ; AUTO            ; Untyped                               ;
; BYTE_SIZE                          ; 8               ; Signed Integer                        ;
; READ_DURING_WRITE_MODE_MIXED_PORTS ; OLD_DATA        ; Untyped                               ;
; READ_DURING_WRITE_MODE_PORT_A      ; OLD_DATA        ; Untyped                               ;
; READ_DURING_WRITE_MODE_PORT_B      ; OLD_DATA        ; Untyped                               ;
; INIT_FILE                          ; ../blinker.hex  ; Untyped                               ;
; INIT_FILE_LAYOUT                   ; PORT_A          ; Untyped                               ;
; MAXIMUM_DEPTH                      ; 0               ; Signed Integer                        ;
; CLOCK_ENABLE_INPUT_A               ; BYPASS          ; Untyped                               ;
; CLOCK_ENABLE_INPUT_B               ; BYPASS          ; Untyped                               ;
; CLOCK_ENABLE_OUTPUT_A              ; BYPASS          ; Untyped                               ;
; CLOCK_ENABLE_OUTPUT_B              ; BYPASS          ; Untyped                               ;
; CLOCK_ENABLE_CORE_A                ; USE_INPUT_CLKEN ; Untyped                               ;
; CLOCK_ENABLE_CORE_B                ; USE_INPUT_CLKEN ; Untyped                               ;
; ENABLE_ECC                         ; FALSE           ; Untyped                               ;
; ECC_PIPELINE_STAGE_ENABLED         ; FALSE           ; Untyped                               ;
; WIDTH_ECCSTATUS                    ; 3               ; Signed Integer                        ;
; DEVICE_FAMILY                      ; Cyclone III     ; Untyped                               ;
; CBXI_PARAMETER                     ; altsyncram_nvt3 ; Untyped                               ;
+------------------------------------+-----------------+---------------------------------------+
Note: In order to hide this table in the UI and the text report file, please set the "Show Parameter Settings in Synthesis Report" option in "Analysis and Synthesis Settings -> More Settings" to "Off".


+--------------------------------------------------------------------------------------------------------------------------------------------------------------------------------------------------------------------------------------------------------------------------------------------------------------------------------------------------------------------------------------------------------------------------------------------------------------------------------------------------------------------------------------------------------------------------------------------------------------------------------------------------------------------------------------------------------------------------------------------------------------------------------------------------------------------------------------------------------------------------------------------------------------------------------------------------------------------------+
; Parameter Settings for Inferred Entity Instance: sld_signaltap:auto_signaltap_0                                                                                                                                                                                                                                                                                                                                                                                                                                                                                                                                                                                                                                                                                                                                                                                                                                                                                          ;
+-------------------------------------------------+-------------------------------------------------------------------------------------------------------------------------------------------------------------------------------------------------------------------------------------------------------------------------------------------------------------------------------------------------------------------------------------------------------------------------------------------------------------------------------------------------------------------------------------------------------------------------------------------------------------------------------------------------------------------------------------------------------------------------------------------------------------------------------------------------------------------------------------------------------------------------------------------------------+----------------+
; Parameter Name                                  ; Value                                                                                                                                                                                                                                                                                                                                                                                                                                                                                                                                                                                                                                                                                                                                                                                                                                                                                                 ; Type           ;
+-------------------------------------------------+-------------------------------------------------------------------------------------------------------------------------------------------------------------------------------------------------------------------------------------------------------------------------------------------------------------------------------------------------------------------------------------------------------------------------------------------------------------------------------------------------------------------------------------------------------------------------------------------------------------------------------------------------------------------------------------------------------------------------------------------------------------------------------------------------------------------------------------------------------------------------------------------------------+----------------+
; lpm_type                                        ; sld_signaltap                                                                                                                                                                                                                                                                                                                                                                                                                                                                                                                                                                                                                                                                                                                                                                                                                                                                                         ; String         ;
; sld_node_info                                   ; 805334528                                                                                                                                                                                                                                                                                                                                                                                                                                                                                                                                                                                                                                                                                                                                                                                                                                                                                             ; Untyped        ;
; SLD_IP_VERSION                                  ; 6                                                                                                                                                                                                                                                                                                                                                                                                                                                                                                                                                                                                                                                                                                                                                                                                                                                                                                     ; Signed Integer ;
; SLD_IP_MINOR_VERSION                            ; 0                                                                                                                                                                                                                                                                                                                                                                                                                                                                                                                                                                                                                                                                                                                                                                                                                                                                                                     ; Signed Integer ;
; SLD_COMMON_IP_VERSION                           ; 0                                                                                                                                                                                                                                                                                                                                                                                                                                                                                                                                                                                                                                                                                                                                                                                                                                                                                                     ; Signed Integer ;
; sld_data_bits                                   ; 282                                                                                                                                                                                                                                                                                                                                                                                                                                                                                                                                                                                                                                                                                                                                                                                                                                                                                                   ; Untyped        ;
; sld_trigger_bits                                ; 282                                                                                                                                                                                                                                                                                                                                                                                                                                                                                                                                                                                                                                                                                                                                                                                                                                                                                                   ; Untyped        ;
; SLD_NODE_CRC_BITS                               ; 32                                                                                                                                                                                                                                                                                                                                                                                                                                                                                                                                                                                                                                                                                                                                                                                                                                                                                                    ; Signed Integer ;
; sld_node_crc_hiword                             ; 64073                                                                                                                                                                                                                                                                                                                                                                                                                                                                                                                                                                                                                                                                                                                                                                                                                                                                                                 ; Untyped        ;
; sld_node_crc_loword                             ; 27798                                                                                                                                                                                                                                                                                                                                                                                                                                                                                                                                                                                                                                                                                                                                                                                                                                                                                                 ; Untyped        ;
; SLD_INCREMENTAL_ROUTING                         ; 0                                                                                                                                                                                                                                                                                                                                                                                                                                                                                                                                                                                                                                                                                                                                                                                                                                                                                                     ; Signed Integer ;
; sld_sample_depth                                ; 512                                                                                                                                                                                                                                                                                                                                                                                                                                                                                                                                                                                                                                                                                                                                                                                                                                                                                                   ; Untyped        ;
; sld_segment_size                                ; 512                                                                                                                                                                                                                                                                                                                                                                                                                                                                                                                                                                                                                                                                                                                                                                                                                                                                                                   ; Untyped        ;
; sld_ram_block_type                              ; AUTO                                                                                                                                                                                                                                                                                                                                                                                                                                                                                                                                                                                                                                                                                                                                                                                                                                                                                                  ; Untyped        ;
; sld_state_bits                                  ; 11                                                                                                                                                                                                                                                                                                                                                                                                                                                                                                                                                                                                                                                                                                                                                                                                                                                                                                    ; Untyped        ;
; sld_buffer_full_stop                            ; 1                                                                                                                                                                                                                                                                                                                                                                                                                                                                                                                                                                                                                                                                                                                                                                                                                                                                                                     ; Untyped        ;
; SLD_MEM_ADDRESS_BITS                            ; 7                                                                                                                                                                                                                                                                                                                                                                                                                                                                                                                                                                                                                                                                                                                                                                                                                                                                                                     ; Signed Integer ;
; SLD_DATA_BIT_CNTR_BITS                          ; 4                                                                                                                                                                                                                                                                                                                                                                                                                                                                                                                                                                                                                                                                                                                                                                                                                                                                                                     ; Signed Integer ;
; sld_trigger_level                               ; 1                                                                                                                                                                                                                                                                                                                                                                                                                                                                                                                                                                                                                                                                                                                                                                                                                                                                                                     ; Untyped        ;
; sld_trigger_in_enabled                          ; 0                                                                                                                                                                                                                                                                                                                                                                                                                                                                                                                                                                                                                                                                                                                                                                                                                                                                                                     ; Untyped        ;
; SLD_HPS_TRIGGER_IN_ENABLED                      ; 0                                                                                                                                                                                                                                                                                                                                                                                                                                                                                                                                                                                                                                                                                                                                                                                                                                                                                                     ; Signed Integer ;
; SLD_HPS_TRIGGER_OUT_ENABLED                     ; 0                                                                                                                                                                                                                                                                                                                                                                                                                                                                                                                                                                                                                                                                                                                                                                                                                                                                                                     ; Signed Integer ;
; SLD_HPS_EVENT_ENABLED                           ; 0                                                                                                                                                                                                                                                                                                                                                                                                                                                                                                                                                                                                                                                                                                                                                                                                                                                                                                     ; Signed Integer ;
; SLD_HPS_EVENT_ID                                ; 0                                                                                                                                                                                                                                                                                                                                                                                                                                                                                                                                                                                                                                                                                                                                                                                                                                                                                                     ; Signed Integer ;
; sld_advanced_trigger_entity                     ; basic,1,                                                                                                                                                                                                                                                                                                                                                                                                                                                                                                                                                                                                                                                                                                                                                                                                                                                                                              ; Untyped        ;
; sld_trigger_level_pipeline                      ; 1                                                                                                                                                                                                                                                                                                                                                                                                                                                                                                                                                                                                                                                                                                                                                                                                                                                                                                     ; Untyped        ;
; sld_enable_advanced_trigger                     ; 0                                                                                                                                                                                                                                                                                                                                                                                                                                                                                                                                                                                                                                                                                                                                                                                                                                                                                                     ; Untyped        ;
; SLD_ADVANCED_TRIGGER_1                          ; NONE                                                                                                                                                                                                                                                                                                                                                                                                                                                                                                                                                                                                                                                                                                                                                                                                                                                                                                  ; String         ;
; SLD_ADVANCED_TRIGGER_2                          ; NONE                                                                                                                                                                                                                                                                                                                                                                                                                                                                                                                                                                                                                                                                                                                                                                                                                                                                                                  ; String         ;
; SLD_ADVANCED_TRIGGER_3                          ; NONE                                                                                                                                                                                                                                                                                                                                                                                                                                                                                                                                                                                                                                                                                                                                                                                                                                                                                                  ; String         ;
; SLD_ADVANCED_TRIGGER_4                          ; NONE                                                                                                                                                                                                                                                                                                                                                                                                                                                                                                                                                                                                                                                                                                                                                                                                                                                                                                  ; String         ;
; SLD_ADVANCED_TRIGGER_5                          ; NONE                                                                                                                                                                                                                                                                                                                                                                                                                                                                                                                                                                                                                                                                                                                                                                                                                                                                                                  ; String         ;
; SLD_ADVANCED_TRIGGER_6                          ; NONE                                                                                                                                                                                                                                                                                                                                                                                                                                                                                                                                                                                                                                                                                                                                                                                                                                                                                                  ; String         ;
; SLD_ADVANCED_TRIGGER_7                          ; NONE                                                                                                                                                                                                                                                                                                                                                                                                                                                                                                                                                                                                                                                                                                                                                                                                                                                                                                  ; String         ;
; SLD_ADVANCED_TRIGGER_8                          ; NONE                                                                                                                                                                                                                                                                                                                                                                                                                                                                                                                                                                                                                                                                                                                                                                                                                                                                                                  ; String         ;
; SLD_ADVANCED_TRIGGER_9                          ; NONE                                                                                                                                                                                                                                                                                                                                                                                                                                                                                                                                                                                                                                                                                                                                                                                                                                                                                                  ; String         ;
; SLD_ADVANCED_TRIGGER_10                         ; NONE                                                                                                                                                                                                                                                                                                                                                                                                                                                                                                                                                                                                                                                                                                                                                                                                                                                                                                  ; String         ;
; sld_inversion_mask_length                       ; 869                                                                                                                                                                                                                                                                                                                                                                                                                                                                                                                                                                                                                                                                                                                                                                                                                                                                                                   ; Untyped        ;
; sld_inversion_mask                              ; 00000000000000000000000000000000000000000000000000000000000000000000000000000000000000000000000000000000000000000000000000000000000000000000000000000000000000000000000000000000000000000000000000000000000000000000000000000000000000000000000000000000000000000000000000000000000000000000000000000000000000000000000000000000000000000000000000000000000000000000000000000000000000000000000000000000000000000000000000000000000000000000000000000000000000000000000000000000000000000000000000000000000000000000000000000000000000000000000000000000000000000000000000000000000000000000000000000000000000000000000000000000000000000000000000000000000000000000000000000000000000000000000000000000000000000000000000000000000000000000000000000000000000000000000000000000000000000000000000000000000000000000000000000000000000000000000000000000000000000000000000000000000000000000000000000 ; Untyped        ;
; sld_power_up_trigger                            ; 0                                                                                                                                                                                                                                                                                                                                                                                                                                                                                                                                                                                                                                                                                                                                                                                                                                                                                                     ; Untyped        ;
; SLD_STATE_FLOW_MGR_ENTITY                       ; state_flow_mgr_entity.vhd                                                                                                                                                                                                                                                                                                                                                                                                                                                                                                                                                                                                                                                                                                                                                                                                                                                                             ; String         ;
; sld_state_flow_use_generated                    ; 0                                                                                                                                                                                                                                                                                                                                                                                                                                                                                                                                                                                                                                                                                                                                                                                                                                                                                                     ; Untyped        ;
; sld_current_resource_width                      ; 1                                                                                                                                                                                                                                                                                                                                                                                                                                                                                                                                                                                                                                                                                                                                                                                                                                                                                                     ; Untyped        ;
; sld_attribute_mem_mode                          ; OFF                                                                                                                                                                                                                                                                                                                                                                                                                                                                                                                                                                                                                                                                                                                                                                                                                                                                                                   ; Untyped        ;
; SLD_STORAGE_QUALIFIER_BITS                      ; 1                                                                                                                                                                                                                                                                                                                                                                                                                                                                                                                                                                                                                                                                                                                                                                                                                                                                                                     ; Signed Integer ;
; SLD_STORAGE_QUALIFIER_GAP_RECORD                ; 0                                                                                                                                                                                                                                                                                                                                                                                                                                                                                                                                                                                                                                                                                                                                                                                                                                                                                                     ; Signed Integer ;
; SLD_STORAGE_QUALIFIER_MODE                      ; OFF                                                                                                                                                                                                                                                                                                                                                                                                                                                                                                                                                                                                                                                                                                                                                                                                                                                                                                   ; String         ;
; SLD_STORAGE_QUALIFIER_ENABLE_ADVANCED_CONDITION ; 0                                                                                                                                                                                                                                                                                                                                                                                                                                                                                                                                                                                                                                                                                                                                                                                                                                                                                                     ; Signed Integer ;
; sld_storage_qualifier_inversion_mask_length     ; 0                                                                                                                                                                                                                                                                                                                                                                                                                                                                                                                                                                                                                                                                                                                                                                                                                                                                                                     ; Untyped        ;
; SLD_STORAGE_QUALIFIER_ADVANCED_CONDITION_ENTITY ; basic                                                                                                                                                                                                                                                                                                                                                                                                                                                                                                                                                                                                                                                                                                                                                                                                                                                                                                 ; String         ;
; SLD_STORAGE_QUALIFIER_PIPELINE                  ; 0                                                                                                                                                                                                                                                                                                                                                                                                                                                                                                                                                                                                                                                                                                                                                                                                                                                                                                     ; Signed Integer ;
+-------------------------------------------------+-------------------------------------------------------------------------------------------------------------------------------------------------------------------------------------------------------------------------------------------------------------------------------------------------------------------------------------------------------------------------------------------------------------------------------------------------------------------------------------------------------------------------------------------------------------------------------------------------------------------------------------------------------------------------------------------------------------------------------------------------------------------------------------------------------------------------------------------------------------------------------------------------------+----------------+
Note: In order to hide this table in the UI and the text report file, please set the "Show Parameter Settings in Synthesis Report" option in "Analysis and Synthesis Settings -> More Settings" to "Off".


+---------------------------------------------------------------------------------------------+
; altsyncram Parameter Settings by Entity Instance                                            ;
+-------------------------------------------+-------------------------------------------------+
; Name                                      ; Value                                           ;
+-------------------------------------------+-------------------------------------------------+
; Number of entity instances                ; 1                                               ;
; Entity Instance                           ; ocram_32k:ocram|altsyncram:altsyncram_component ;
;     -- OPERATION_MODE                     ; BIDIR_DUAL_PORT                                 ;
;     -- WIDTH_A                            ; 32                                              ;
;     -- NUMWORDS_A                         ; 8192                                            ;
;     -- OUTDATA_REG_A                      ; UNREGISTERED                                    ;
;     -- WIDTH_B                            ; 32                                              ;
;     -- NUMWORDS_B                         ; 8192                                            ;
;     -- ADDRESS_REG_B                      ; CLOCK0                                          ;
;     -- OUTDATA_REG_B                      ; UNREGISTERED                                    ;
;     -- RAM_BLOCK_TYPE                     ; AUTO                                            ;
;     -- READ_DURING_WRITE_MODE_MIXED_PORTS ; OLD_DATA                                        ;
+-------------------------------------------+-------------------------------------------------+


+---------------------------------------------+
; Port Connectivity Checks: "ocram_32k:ocram" ;
+-----------+-------+----------+--------------+
; Port      ; Type  ; Severity ; Details      ;
+-----------+-------+----------+--------------+
; byteena_a ; Input ; Info     ; Stuck at VCC ;
; data_a    ; Input ; Info     ; Stuck at GND ;
; wren_a    ; Input ; Info     ; Stuck at GND ;
+-----------+-------+----------+--------------+


+-------------------------------------------------------------------------------------------------------------------+
; Port Connectivity Checks: "reset_control:reset_controller"                                                        ;
+---------+--------+----------+-------------------------------------------------------------------------------------+
; Port    ; Type   ; Severity ; Details                                                                             ;
+---------+--------+----------+-------------------------------------------------------------------------------------+
; reset_n ; Output ; Info     ; Connected to dangling logic. Logic that only feeds a dangling port will be removed. ;
+---------+--------+----------+-------------------------------------------------------------------------------------+


+---------------------------------------------------------------------------------------------------------------------------------------------------------------------------------+
; Port Connectivity Checks: "picorv32:cpu"                                                                                                                                        ;
+--------------+--------+----------+----------------------------------------------------------------------------------------------------------------------------------------------+
; Port         ; Type   ; Severity ; Details                                                                                                                                      ;
+--------------+--------+----------+----------------------------------------------------------------------------------------------------------------------------------------------+
; trap         ; Output ; Warning  ; Declared by entity but not connected by instance. Logic that only feeds a dangling port will be removed.                                     ;
; mem_la_read  ; Output ; Warning  ; Declared by entity but not connected by instance. Logic that only feeds a dangling port will be removed.                                     ;
; mem_la_write ; Output ; Warning  ; Declared by entity but not connected by instance. Logic that only feeds a dangling port will be removed.                                     ;
; mem_la_addr  ; Output ; Warning  ; Declared by entity but not connected by instance. Logic that only feeds a dangling port will be removed.                                     ;
; mem_la_wdata ; Output ; Warning  ; Declared by entity but not connected by instance. Logic that only feeds a dangling port will be removed.                                     ;
; mem_la_wstrb ; Output ; Warning  ; Declared by entity but not connected by instance. Logic that only feeds a dangling port will be removed.                                     ;
; pcpi_valid   ; Output ; Warning  ; Declared by entity but not connected by instance. Logic that only feeds a dangling port will be removed.                                     ;
; pcpi_insn    ; Output ; Warning  ; Declared by entity but not connected by instance. Logic that only feeds a dangling port will be removed.                                     ;
; pcpi_rs1     ; Output ; Warning  ; Declared by entity but not connected by instance. Logic that only feeds a dangling port will be removed.                                     ;
; pcpi_rs2     ; Output ; Warning  ; Declared by entity but not connected by instance. Logic that only feeds a dangling port will be removed.                                     ;
; pcpi_wr      ; Input  ; Warning  ; Declared by entity but not connected by instance. If a default value exists, it will be used.  Otherwise, the port will be connected to GND. ;
; pcpi_rd      ; Input  ; Warning  ; Declared by entity but not connected by instance. If a default value exists, it will be used.  Otherwise, the port will be connected to GND. ;
; pcpi_wait    ; Input  ; Warning  ; Declared by entity but not connected by instance. If a default value exists, it will be used.  Otherwise, the port will be connected to GND. ;
; pcpi_ready   ; Input  ; Warning  ; Declared by entity but not connected by instance. If a default value exists, it will be used.  Otherwise, the port will be connected to GND. ;
; irq          ; Input  ; Warning  ; Declared by entity but not connected by instance. If a default value exists, it will be used.  Otherwise, the port will be connected to GND. ;
; eoi          ; Output ; Warning  ; Declared by entity but not connected by instance. Logic that only feeds a dangling port will be removed.                                     ;
; trace_valid  ; Output ; Warning  ; Declared by entity but not connected by instance. Logic that only feeds a dangling port will be removed.                                     ;
; trace_data   ; Output ; Warning  ; Declared by entity but not connected by instance. Logic that only feeds a dangling port will be removed.                                     ;
+--------------+--------+----------+----------------------------------------------------------------------------------------------------------------------------------------------+


+-------------------------------------------------------------------------------------------------------------------------------------------------------------------------------------------------------------------------------------------------------------------------+
; SignalTap II Logic Analyzer Settings                                                                                                                                                                                                                                    ;
+----------------+------------------+---------------------+------------------+--------------+----------+------------------------+----------------------+--------------------+-----------------------------+-----------------+------------------+--------------------------+
; Instance Index ; Instance Name    ; Trigger Input Width ; Data Input Width ; Sample Depth ; Segments ; Storage Qualifier Type ; Trigger Flow Control ; Trigger Conditions ; Advanced Trigger Conditions ; Trigger In Used ; Trigger Out Used ; Power-Up Trigger Enabled ;
+----------------+------------------+---------------------+------------------+--------------+----------+------------------------+----------------------+--------------------+-----------------------------+-----------------+------------------+--------------------------+
; 0              ; auto_signaltap_0 ; 282                 ; 282              ; 512          ; 1        ; continuous             ; sequential           ; 1                  ; 0                           ; no              ; no               ; no                       ;
+----------------+------------------+---------------------+------------------+--------------+----------+------------------------+----------------------+--------------------+-----------------------------+-----------------+------------------+--------------------------+


+---------------------------------+
; Elapsed Time Per Partition      ;
+------------------+--------------+
; Partition Name   ; Elapsed Time ;
+------------------+--------------+
; sld_hub:auto_hub ; 00:00:00     ;
; Top              ; 00:00:00     ;
+------------------+--------------+


+----------------------------------------------------------------------------------------------------------------------------------------------------------------------------------------------------------------------------------------------------------------------------------------------------------------------------------------------------------+
; Connections to In-System Debugging Instance "auto_signaltap_0"                                                                                                                                                                                                                                                                                           ;
+-------------------------------+---------------+-----------+----------------+-------------------+----------------------------------------------------------------------------------------+----------------------------------------------------------------------------------------------------------------------------------------------------------------+
; Name                          ; Type          ; Status    ; Partition Name ; Netlist Type Used ; Actual Connection                                                                      ; Details                                                                                                                                                        ;
+-------------------------------+---------------+-----------+----------------+-------------------+----------------------------------------------------------------------------------------+----------------------------------------------------------------------------------------------------------------------------------------------------------------+
; byteena_b[0]                  ; pre-synthesis ; connected ; Top            ; post-synthesis    ; GND                                                                                    ; N/A                                                                                                                                                            ;
; byteena_b[0]                  ; pre-synthesis ; connected ; Top            ; post-synthesis    ; GND                                                                                    ; N/A                                                                                                                                                            ;
; byteena_b[1]                  ; pre-synthesis ; connected ; Top            ; post-synthesis    ; GND                                                                                    ; N/A                                                                                                                                                            ;
; byteena_b[1]                  ; pre-synthesis ; connected ; Top            ; post-synthesis    ; GND                                                                                    ; N/A                                                                                                                                                            ;
; byteena_b[2]                  ; pre-synthesis ; connected ; Top            ; post-synthesis    ; GND                                                                                    ; N/A                                                                                                                                                            ;
; byteena_b[2]                  ; pre-synthesis ; connected ; Top            ; post-synthesis    ; GND                                                                                    ; N/A                                                                                                                                                            ;
; byteena_b[3]                  ; pre-synthesis ; connected ; Top            ; post-synthesis    ; GND                                                                                    ; N/A                                                                                                                                                            ;
; byteena_b[3]                  ; pre-synthesis ; connected ; Top            ; post-synthesis    ; GND                                                                                    ; N/A                                                                                                                                                            ;
; clk                           ; pre-synthesis ; connected ; Top            ; post-synthesis    ; clk                                                                                    ; N/A                                                                                                                                                            ;
; ledg[0]                       ; pre-synthesis ; connected ; Top            ; post-synthesis    ; ~GND                                                                                   ; N/A                                                                                                                                                            ;
; ledg[0]                       ; pre-synthesis ; connected ; Top            ; post-synthesis    ; ~GND                                                                                   ; N/A                                                                                                                                                            ;
; ledg[1]                       ; pre-synthesis ; connected ; Top            ; post-synthesis    ; ~GND                                                                                   ; N/A                                                                                                                                                            ;
; ledg[1]                       ; pre-synthesis ; connected ; Top            ; post-synthesis    ; ~GND                                                                                   ; N/A                                                                                                                                                            ;
; ledg[2]                       ; pre-synthesis ; connected ; Top            ; post-synthesis    ; ~GND                                                                                   ; N/A                                                                                                                                                            ;
; ledg[2]                       ; pre-synthesis ; connected ; Top            ; post-synthesis    ; ~GND                                                                                   ; N/A                                                                                                                                                            ;
; ledg[3]                       ; pre-synthesis ; connected ; Top            ; post-synthesis    ; ~GND                                                                                   ; N/A                                                                                                                                                            ;
; ledg[3]                       ; pre-synthesis ; connected ; Top            ; post-synthesis    ; ~GND                                                                                   ; N/A                                                                                                                                                            ;
; ledg[4]                       ; pre-synthesis ; connected ; Top            ; post-synthesis    ; ~GND                                                                                   ; N/A                                                                                                                                                            ;
; ledg[4]                       ; pre-synthesis ; connected ; Top            ; post-synthesis    ; ~GND                                                                                   ; N/A                                                                                                                                                            ;
; ledg[5]                       ; pre-synthesis ; connected ; Top            ; post-synthesis    ; ~GND                                                                                   ; N/A                                                                                                                                                            ;
; ledg[5]                       ; pre-synthesis ; connected ; Top            ; post-synthesis    ; ~GND                                                                                   ; N/A                                                                                                                                                            ;
; ledg[6]                       ; pre-synthesis ; connected ; Top            ; post-synthesis    ; ~GND                                                                                   ; N/A                                                                                                                                                            ;
; ledg[6]                       ; pre-synthesis ; connected ; Top            ; post-synthesis    ; ~GND                                                                                   ; N/A                                                                                                                                                            ;
; ledg[7]                       ; pre-synthesis ; connected ; Top            ; post-synthesis    ; ~GND                                                                                   ; N/A                                                                                                                                                            ;
; ledg[7]                       ; pre-synthesis ; connected ; Top            ; post-synthesis    ; ~GND                                                                                   ; N/A                                                                                                                                                            ;
; ledg[8]                       ; pre-synthesis ; connected ; Top            ; post-synthesis    ; ~GND                                                                                   ; N/A                                                                                                                                                            ;
; ledg[8]                       ; pre-synthesis ; connected ; Top            ; post-synthesis    ; ~GND                                                                                   ; N/A                                                                                                                                                            ;
; ledg[9]                       ; pre-synthesis ; connected ; Top            ; post-synthesis    ; ~GND                                                                                   ; N/A                                                                                                                                                            ;
; ledg[9]                       ; pre-synthesis ; connected ; Top            ; post-synthesis    ; ~GND                                                                                   ; N/A                                                                                                                                                            ;
; leds_sel                      ; pre-synthesis ; connected ; Top            ; post-synthesis    ; GND                                                                                    ; N/A                                                                                                                                                            ;
; leds_sel                      ; pre-synthesis ; connected ; Top            ; post-synthesis    ; GND                                                                                    ; N/A                                                                                                                                                            ;
; mem_addr[0]                   ; pre-synthesis ; missing   ; Top            ; post-synthesis    ; GND                                                                                    ; The pre-synthesis tap must be preserved by Analysis & Synthesis before it can be tapped.  Set the partition's netlist type to Source and recompile.            ;
; mem_addr[0]                   ; pre-synthesis ; missing   ; Top            ; post-synthesis    ; GND                                                                                    ; The pre-synthesis tap must be preserved by Analysis & Synthesis before it can be tapped.  Set the partition's netlist type to Source and recompile.            ;
; mem_addr[10]                  ; pre-synthesis ; missing   ; Top            ; post-synthesis    ; GND                                                                                    ; The pre-synthesis tap must be preserved by Analysis & Synthesis before it can be tapped.  Set the partition's netlist type to Source and recompile.            ;
; mem_addr[10]                  ; pre-synthesis ; missing   ; Top            ; post-synthesis    ; GND                                                                                    ; The pre-synthesis tap must be preserved by Analysis & Synthesis before it can be tapped.  Set the partition's netlist type to Source and recompile.            ;
; mem_addr[11]                  ; pre-synthesis ; missing   ; Top            ; post-synthesis    ; GND                                                                                    ; The pre-synthesis tap must be preserved by Analysis & Synthesis before it can be tapped.  Set the partition's netlist type to Source and recompile.            ;
; mem_addr[11]                  ; pre-synthesis ; missing   ; Top            ; post-synthesis    ; GND                                                                                    ; The pre-synthesis tap must be preserved by Analysis & Synthesis before it can be tapped.  Set the partition's netlist type to Source and recompile.            ;
; mem_addr[12]                  ; pre-synthesis ; missing   ; Top            ; post-synthesis    ; GND                                                                                    ; The pre-synthesis tap must be preserved by Analysis & Synthesis before it can be tapped.  Set the partition's netlist type to Source and recompile.            ;
; mem_addr[12]                  ; pre-synthesis ; missing   ; Top            ; post-synthesis    ; GND                                                                                    ; The pre-synthesis tap must be preserved by Analysis & Synthesis before it can be tapped.  Set the partition's netlist type to Source and recompile.            ;
; mem_addr[13]                  ; pre-synthesis ; missing   ; Top            ; post-synthesis    ; GND                                                                                    ; The name does not exist in your design or refers to an invalid hierarchy or bus element.  You may have modified your design after creating the debug instance. ;
; mem_addr[13]                  ; pre-synthesis ; missing   ; Top            ; post-synthesis    ; GND                                                                                    ; The name does not exist in your design or refers to an invalid hierarchy or bus element.  You may have modified your design after creating the debug instance. ;
; mem_addr[14]                  ; pre-synthesis ; missing   ; Top            ; post-synthesis    ; GND                                                                                    ; The name does not exist in your design or refers to an invalid hierarchy or bus element.  You may have modified your design after creating the debug instance. ;
; mem_addr[14]                  ; pre-synthesis ; missing   ; Top            ; post-synthesis    ; GND                                                                                    ; The name does not exist in your design or refers to an invalid hierarchy or bus element.  You may have modified your design after creating the debug instance. ;
; mem_addr[15]                  ; pre-synthesis ; missing   ; Top            ; post-synthesis    ; GND                                                                                    ; The name does not exist in your design or refers to an invalid hierarchy or bus element.  You may have modified your design after creating the debug instance. ;
; mem_addr[15]                  ; pre-synthesis ; missing   ; Top            ; post-synthesis    ; GND                                                                                    ; The name does not exist in your design or refers to an invalid hierarchy or bus element.  You may have modified your design after creating the debug instance. ;
; mem_addr[16]                  ; pre-synthesis ; missing   ; Top            ; post-synthesis    ; GND                                                                                    ; The name does not exist in your design or refers to an invalid hierarchy or bus element.  You may have modified your design after creating the debug instance. ;
; mem_addr[16]                  ; pre-synthesis ; missing   ; Top            ; post-synthesis    ; GND                                                                                    ; The name does not exist in your design or refers to an invalid hierarchy or bus element.  You may have modified your design after creating the debug instance. ;
; mem_addr[17]                  ; pre-synthesis ; missing   ; Top            ; post-synthesis    ; GND                                                                                    ; The name does not exist in your design or refers to an invalid hierarchy or bus element.  You may have modified your design after creating the debug instance. ;
; mem_addr[17]                  ; pre-synthesis ; missing   ; Top            ; post-synthesis    ; GND                                                                                    ; The name does not exist in your design or refers to an invalid hierarchy or bus element.  You may have modified your design after creating the debug instance. ;
; mem_addr[18]                  ; pre-synthesis ; missing   ; Top            ; post-synthesis    ; GND                                                                                    ; The name does not exist in your design or refers to an invalid hierarchy or bus element.  You may have modified your design after creating the debug instance. ;
; mem_addr[18]                  ; pre-synthesis ; missing   ; Top            ; post-synthesis    ; GND                                                                                    ; The name does not exist in your design or refers to an invalid hierarchy or bus element.  You may have modified your design after creating the debug instance. ;
; mem_addr[19]                  ; pre-synthesis ; missing   ; Top            ; post-synthesis    ; GND                                                                                    ; The name does not exist in your design or refers to an invalid hierarchy or bus element.  You may have modified your design after creating the debug instance. ;
; mem_addr[19]                  ; pre-synthesis ; missing   ; Top            ; post-synthesis    ; GND                                                                                    ; The name does not exist in your design or refers to an invalid hierarchy or bus element.  You may have modified your design after creating the debug instance. ;
; mem_addr[1]                   ; pre-synthesis ; missing   ; Top            ; post-synthesis    ; GND                                                                                    ; The pre-synthesis tap must be preserved by Analysis & Synthesis before it can be tapped.  Set the partition's netlist type to Source and recompile.            ;
; mem_addr[1]                   ; pre-synthesis ; missing   ; Top            ; post-synthesis    ; GND                                                                                    ; The pre-synthesis tap must be preserved by Analysis & Synthesis before it can be tapped.  Set the partition's netlist type to Source and recompile.            ;
; mem_addr[20]                  ; pre-synthesis ; missing   ; Top            ; post-synthesis    ; GND                                                                                    ; The name does not exist in your design or refers to an invalid hierarchy or bus element.  You may have modified your design after creating the debug instance. ;
; mem_addr[20]                  ; pre-synthesis ; missing   ; Top            ; post-synthesis    ; GND                                                                                    ; The name does not exist in your design or refers to an invalid hierarchy or bus element.  You may have modified your design after creating the debug instance. ;
; mem_addr[21]                  ; pre-synthesis ; missing   ; Top            ; post-synthesis    ; GND                                                                                    ; The name does not exist in your design or refers to an invalid hierarchy or bus element.  You may have modified your design after creating the debug instance. ;
; mem_addr[21]                  ; pre-synthesis ; missing   ; Top            ; post-synthesis    ; GND                                                                                    ; The name does not exist in your design or refers to an invalid hierarchy or bus element.  You may have modified your design after creating the debug instance. ;
; mem_addr[22]                  ; pre-synthesis ; missing   ; Top            ; post-synthesis    ; GND                                                                                    ; The name does not exist in your design or refers to an invalid hierarchy or bus element.  You may have modified your design after creating the debug instance. ;
; mem_addr[22]                  ; pre-synthesis ; missing   ; Top            ; post-synthesis    ; GND                                                                                    ; The name does not exist in your design or refers to an invalid hierarchy or bus element.  You may have modified your design after creating the debug instance. ;
; mem_addr[23]                  ; pre-synthesis ; missing   ; Top            ; post-synthesis    ; GND                                                                                    ; The name does not exist in your design or refers to an invalid hierarchy or bus element.  You may have modified your design after creating the debug instance. ;
; mem_addr[23]                  ; pre-synthesis ; missing   ; Top            ; post-synthesis    ; GND                                                                                    ; The name does not exist in your design or refers to an invalid hierarchy or bus element.  You may have modified your design after creating the debug instance. ;
; mem_addr[24]                  ; pre-synthesis ; missing   ; Top            ; post-synthesis    ; GND                                                                                    ; The name does not exist in your design or refers to an invalid hierarchy or bus element.  You may have modified your design after creating the debug instance. ;
; mem_addr[24]                  ; pre-synthesis ; missing   ; Top            ; post-synthesis    ; GND                                                                                    ; The name does not exist in your design or refers to an invalid hierarchy or bus element.  You may have modified your design after creating the debug instance. ;
; mem_addr[25]                  ; pre-synthesis ; missing   ; Top            ; post-synthesis    ; GND                                                                                    ; The name does not exist in your design or refers to an invalid hierarchy or bus element.  You may have modified your design after creating the debug instance. ;
; mem_addr[25]                  ; pre-synthesis ; missing   ; Top            ; post-synthesis    ; GND                                                                                    ; The name does not exist in your design or refers to an invalid hierarchy or bus element.  You may have modified your design after creating the debug instance. ;
; mem_addr[26]                  ; pre-synthesis ; missing   ; Top            ; post-synthesis    ; GND                                                                                    ; The name does not exist in your design or refers to an invalid hierarchy or bus element.  You may have modified your design after creating the debug instance. ;
; mem_addr[26]                  ; pre-synthesis ; missing   ; Top            ; post-synthesis    ; GND                                                                                    ; The name does not exist in your design or refers to an invalid hierarchy or bus element.  You may have modified your design after creating the debug instance. ;
; mem_addr[27]                  ; pre-synthesis ; missing   ; Top            ; post-synthesis    ; GND                                                                                    ; The name does not exist in your design or refers to an invalid hierarchy or bus element.  You may have modified your design after creating the debug instance. ;
; mem_addr[27]                  ; pre-synthesis ; missing   ; Top            ; post-synthesis    ; GND                                                                                    ; The name does not exist in your design or refers to an invalid hierarchy or bus element.  You may have modified your design after creating the debug instance. ;
; mem_addr[28]                  ; pre-synthesis ; missing   ; Top            ; post-synthesis    ; GND                                                                                    ; The name does not exist in your design or refers to an invalid hierarchy or bus element.  You may have modified your design after creating the debug instance. ;
; mem_addr[28]                  ; pre-synthesis ; missing   ; Top            ; post-synthesis    ; GND                                                                                    ; The name does not exist in your design or refers to an invalid hierarchy or bus element.  You may have modified your design after creating the debug instance. ;
; mem_addr[29]                  ; pre-synthesis ; missing   ; Top            ; post-synthesis    ; GND                                                                                    ; The name does not exist in your design or refers to an invalid hierarchy or bus element.  You may have modified your design after creating the debug instance. ;
; mem_addr[29]                  ; pre-synthesis ; missing   ; Top            ; post-synthesis    ; GND                                                                                    ; The name does not exist in your design or refers to an invalid hierarchy or bus element.  You may have modified your design after creating the debug instance. ;
; mem_addr[2]                   ; pre-synthesis ; missing   ; Top            ; post-synthesis    ; GND                                                                                    ; The pre-synthesis tap must be preserved by Analysis & Synthesis before it can be tapped.  Set the partition's netlist type to Source and recompile.            ;
; mem_addr[2]                   ; pre-synthesis ; missing   ; Top            ; post-synthesis    ; GND                                                                                    ; The pre-synthesis tap must be preserved by Analysis & Synthesis before it can be tapped.  Set the partition's netlist type to Source and recompile.            ;
; mem_addr[30]                  ; pre-synthesis ; missing   ; Top            ; post-synthesis    ; GND                                                                                    ; The name does not exist in your design or refers to an invalid hierarchy or bus element.  You may have modified your design after creating the debug instance. ;
; mem_addr[30]                  ; pre-synthesis ; missing   ; Top            ; post-synthesis    ; GND                                                                                    ; The name does not exist in your design or refers to an invalid hierarchy or bus element.  You may have modified your design after creating the debug instance. ;
; mem_addr[31]                  ; pre-synthesis ; missing   ; Top            ; post-synthesis    ; GND                                                                                    ; The name does not exist in your design or refers to an invalid hierarchy or bus element.  You may have modified your design after creating the debug instance. ;
; mem_addr[31]                  ; pre-synthesis ; missing   ; Top            ; post-synthesis    ; GND                                                                                    ; The name does not exist in your design or refers to an invalid hierarchy or bus element.  You may have modified your design after creating the debug instance. ;
; mem_addr[3]                   ; pre-synthesis ; missing   ; Top            ; post-synthesis    ; GND                                                                                    ; The pre-synthesis tap must be preserved by Analysis & Synthesis before it can be tapped.  Set the partition's netlist type to Source and recompile.            ;
; mem_addr[3]                   ; pre-synthesis ; missing   ; Top            ; post-synthesis    ; GND                                                                                    ; The pre-synthesis tap must be preserved by Analysis & Synthesis before it can be tapped.  Set the partition's netlist type to Source and recompile.            ;
; mem_addr[4]                   ; pre-synthesis ; missing   ; Top            ; post-synthesis    ; GND                                                                                    ; The pre-synthesis tap must be preserved by Analysis & Synthesis before it can be tapped.  Set the partition's netlist type to Source and recompile.            ;
; mem_addr[4]                   ; pre-synthesis ; missing   ; Top            ; post-synthesis    ; GND                                                                                    ; The pre-synthesis tap must be preserved by Analysis & Synthesis before it can be tapped.  Set the partition's netlist type to Source and recompile.            ;
; mem_addr[5]                   ; pre-synthesis ; missing   ; Top            ; post-synthesis    ; GND                                                                                    ; The pre-synthesis tap must be preserved by Analysis & Synthesis before it can be tapped.  Set the partition's netlist type to Source and recompile.            ;
; mem_addr[5]                   ; pre-synthesis ; missing   ; Top            ; post-synthesis    ; GND                                                                                    ; The pre-synthesis tap must be preserved by Analysis & Synthesis before it can be tapped.  Set the partition's netlist type to Source and recompile.            ;
; mem_addr[6]                   ; pre-synthesis ; missing   ; Top            ; post-synthesis    ; GND                                                                                    ; The pre-synthesis tap must be preserved by Analysis & Synthesis before it can be tapped.  Set the partition's netlist type to Source and recompile.            ;
; mem_addr[6]                   ; pre-synthesis ; missing   ; Top            ; post-synthesis    ; GND                                                                                    ; The pre-synthesis tap must be preserved by Analysis & Synthesis before it can be tapped.  Set the partition's netlist type to Source and recompile.            ;
; mem_addr[7]                   ; pre-synthesis ; missing   ; Top            ; post-synthesis    ; GND                                                                                    ; The pre-synthesis tap must be preserved by Analysis & Synthesis before it can be tapped.  Set the partition's netlist type to Source and recompile.            ;
; mem_addr[7]                   ; pre-synthesis ; missing   ; Top            ; post-synthesis    ; GND                                                                                    ; The pre-synthesis tap must be preserved by Analysis & Synthesis before it can be tapped.  Set the partition's netlist type to Source and recompile.            ;
; mem_addr[8]                   ; pre-synthesis ; missing   ; Top            ; post-synthesis    ; GND                                                                                    ; The pre-synthesis tap must be preserved by Analysis & Synthesis before it can be tapped.  Set the partition's netlist type to Source and recompile.            ;
; mem_addr[8]                   ; pre-synthesis ; missing   ; Top            ; post-synthesis    ; GND                                                                                    ; The pre-synthesis tap must be preserved by Analysis & Synthesis before it can be tapped.  Set the partition's netlist type to Source and recompile.            ;
; mem_addr[9]                   ; pre-synthesis ; missing   ; Top            ; post-synthesis    ; GND                                                                                    ; The pre-synthesis tap must be preserved by Analysis & Synthesis before it can be tapped.  Set the partition's netlist type to Source and recompile.            ;
; mem_addr[9]                   ; pre-synthesis ; missing   ; Top            ; post-synthesis    ; GND                                                                                    ; The pre-synthesis tap must be preserved by Analysis & Synthesis before it can be tapped.  Set the partition's netlist type to Source and recompile.            ;
; mem_rdata[0]                  ; pre-synthesis ; connected ; Top            ; post-synthesis    ; VCC                                                                                    ; N/A                                                                                                                                                            ;
; mem_rdata[0]                  ; pre-synthesis ; connected ; Top            ; post-synthesis    ; VCC                                                                                    ; N/A                                                                                                                                                            ;
; mem_rdata[10]                 ; pre-synthesis ; connected ; Top            ; post-synthesis    ; VCC                                                                                    ; N/A                                                                                                                                                            ;
; mem_rdata[10]                 ; pre-synthesis ; connected ; Top            ; post-synthesis    ; VCC                                                                                    ; N/A                                                                                                                                                            ;
; mem_rdata[11]                 ; pre-synthesis ; connected ; Top            ; post-synthesis    ; VCC                                                                                    ; N/A                                                                                                                                                            ;
; mem_rdata[11]                 ; pre-synthesis ; connected ; Top            ; post-synthesis    ; VCC                                                                                    ; N/A                                                                                                                                                            ;
; mem_rdata[12]                 ; pre-synthesis ; connected ; Top            ; post-synthesis    ; VCC                                                                                    ; N/A                                                                                                                                                            ;
; mem_rdata[12]                 ; pre-synthesis ; connected ; Top            ; post-synthesis    ; VCC                                                                                    ; N/A                                                                                                                                                            ;
; mem_rdata[13]                 ; pre-synthesis ; connected ; Top            ; post-synthesis    ; VCC                                                                                    ; N/A                                                                                                                                                            ;
; mem_rdata[13]                 ; pre-synthesis ; connected ; Top            ; post-synthesis    ; VCC                                                                                    ; N/A                                                                                                                                                            ;
; mem_rdata[14]                 ; pre-synthesis ; connected ; Top            ; post-synthesis    ; VCC                                                                                    ; N/A                                                                                                                                                            ;
; mem_rdata[14]                 ; pre-synthesis ; connected ; Top            ; post-synthesis    ; VCC                                                                                    ; N/A                                                                                                                                                            ;
; mem_rdata[15]                 ; pre-synthesis ; connected ; Top            ; post-synthesis    ; VCC                                                                                    ; N/A                                                                                                                                                            ;
; mem_rdata[15]                 ; pre-synthesis ; connected ; Top            ; post-synthesis    ; VCC                                                                                    ; N/A                                                                                                                                                            ;
; mem_rdata[16]                 ; pre-synthesis ; connected ; Top            ; post-synthesis    ; VCC                                                                                    ; N/A                                                                                                                                                            ;
; mem_rdata[16]                 ; pre-synthesis ; connected ; Top            ; post-synthesis    ; VCC                                                                                    ; N/A                                                                                                                                                            ;
; mem_rdata[17]                 ; pre-synthesis ; connected ; Top            ; post-synthesis    ; VCC                                                                                    ; N/A                                                                                                                                                            ;
; mem_rdata[17]                 ; pre-synthesis ; connected ; Top            ; post-synthesis    ; VCC                                                                                    ; N/A                                                                                                                                                            ;
; mem_rdata[18]                 ; pre-synthesis ; connected ; Top            ; post-synthesis    ; VCC                                                                                    ; N/A                                                                                                                                                            ;
; mem_rdata[18]                 ; pre-synthesis ; connected ; Top            ; post-synthesis    ; VCC                                                                                    ; N/A                                                                                                                                                            ;
; mem_rdata[19]                 ; pre-synthesis ; connected ; Top            ; post-synthesis    ; VCC                                                                                    ; N/A                                                                                                                                                            ;
; mem_rdata[19]                 ; pre-synthesis ; connected ; Top            ; post-synthesis    ; VCC                                                                                    ; N/A                                                                                                                                                            ;
; mem_rdata[1]                  ; pre-synthesis ; connected ; Top            ; post-synthesis    ; VCC                                                                                    ; N/A                                                                                                                                                            ;
; mem_rdata[1]                  ; pre-synthesis ; connected ; Top            ; post-synthesis    ; VCC                                                                                    ; N/A                                                                                                                                                            ;
; mem_rdata[20]                 ; pre-synthesis ; connected ; Top            ; post-synthesis    ; VCC                                                                                    ; N/A                                                                                                                                                            ;
; mem_rdata[20]                 ; pre-synthesis ; connected ; Top            ; post-synthesis    ; VCC                                                                                    ; N/A                                                                                                                                                            ;
; mem_rdata[21]                 ; pre-synthesis ; connected ; Top            ; post-synthesis    ; VCC                                                                                    ; N/A                                                                                                                                                            ;
; mem_rdata[21]                 ; pre-synthesis ; connected ; Top            ; post-synthesis    ; VCC                                                                                    ; N/A                                                                                                                                                            ;
; mem_rdata[22]                 ; pre-synthesis ; connected ; Top            ; post-synthesis    ; VCC                                                                                    ; N/A                                                                                                                                                            ;
; mem_rdata[22]                 ; pre-synthesis ; connected ; Top            ; post-synthesis    ; VCC                                                                                    ; N/A                                                                                                                                                            ;
; mem_rdata[23]                 ; pre-synthesis ; connected ; Top            ; post-synthesis    ; VCC                                                                                    ; N/A                                                                                                                                                            ;
; mem_rdata[23]                 ; pre-synthesis ; connected ; Top            ; post-synthesis    ; VCC                                                                                    ; N/A                                                                                                                                                            ;
; mem_rdata[24]                 ; pre-synthesis ; connected ; Top            ; post-synthesis    ; VCC                                                                                    ; N/A                                                                                                                                                            ;
; mem_rdata[24]                 ; pre-synthesis ; connected ; Top            ; post-synthesis    ; VCC                                                                                    ; N/A                                                                                                                                                            ;
; mem_rdata[25]                 ; pre-synthesis ; connected ; Top            ; post-synthesis    ; VCC                                                                                    ; N/A                                                                                                                                                            ;
; mem_rdata[25]                 ; pre-synthesis ; connected ; Top            ; post-synthesis    ; VCC                                                                                    ; N/A                                                                                                                                                            ;
; mem_rdata[26]                 ; pre-synthesis ; connected ; Top            ; post-synthesis    ; VCC                                                                                    ; N/A                                                                                                                                                            ;
; mem_rdata[26]                 ; pre-synthesis ; connected ; Top            ; post-synthesis    ; VCC                                                                                    ; N/A                                                                                                                                                            ;
; mem_rdata[27]                 ; pre-synthesis ; connected ; Top            ; post-synthesis    ; VCC                                                                                    ; N/A                                                                                                                                                            ;
; mem_rdata[27]                 ; pre-synthesis ; connected ; Top            ; post-synthesis    ; VCC                                                                                    ; N/A                                                                                                                                                            ;
; mem_rdata[28]                 ; pre-synthesis ; connected ; Top            ; post-synthesis    ; VCC                                                                                    ; N/A                                                                                                                                                            ;
; mem_rdata[28]                 ; pre-synthesis ; connected ; Top            ; post-synthesis    ; VCC                                                                                    ; N/A                                                                                                                                                            ;
; mem_rdata[29]                 ; pre-synthesis ; connected ; Top            ; post-synthesis    ; VCC                                                                                    ; N/A                                                                                                                                                            ;
; mem_rdata[29]                 ; pre-synthesis ; connected ; Top            ; post-synthesis    ; VCC                                                                                    ; N/A                                                                                                                                                            ;
; mem_rdata[2]                  ; pre-synthesis ; connected ; Top            ; post-synthesis    ; VCC                                                                                    ; N/A                                                                                                                                                            ;
; mem_rdata[2]                  ; pre-synthesis ; connected ; Top            ; post-synthesis    ; VCC                                                                                    ; N/A                                                                                                                                                            ;
; mem_rdata[30]                 ; pre-synthesis ; connected ; Top            ; post-synthesis    ; VCC                                                                                    ; N/A                                                                                                                                                            ;
; mem_rdata[30]                 ; pre-synthesis ; connected ; Top            ; post-synthesis    ; VCC                                                                                    ; N/A                                                                                                                                                            ;
; mem_rdata[31]                 ; pre-synthesis ; connected ; Top            ; post-synthesis    ; VCC                                                                                    ; N/A                                                                                                                                                            ;
; mem_rdata[31]                 ; pre-synthesis ; connected ; Top            ; post-synthesis    ; VCC                                                                                    ; N/A                                                                                                                                                            ;
; mem_rdata[3]                  ; pre-synthesis ; connected ; Top            ; post-synthesis    ; VCC                                                                                    ; N/A                                                                                                                                                            ;
; mem_rdata[3]                  ; pre-synthesis ; connected ; Top            ; post-synthesis    ; VCC                                                                                    ; N/A                                                                                                                                                            ;
; mem_rdata[4]                  ; pre-synthesis ; connected ; Top            ; post-synthesis    ; VCC                                                                                    ; N/A                                                                                                                                                            ;
; mem_rdata[4]                  ; pre-synthesis ; connected ; Top            ; post-synthesis    ; VCC                                                                                    ; N/A                                                                                                                                                            ;
; mem_rdata[5]                  ; pre-synthesis ; connected ; Top            ; post-synthesis    ; VCC                                                                                    ; N/A                                                                                                                                                            ;
; mem_rdata[5]                  ; pre-synthesis ; connected ; Top            ; post-synthesis    ; VCC                                                                                    ; N/A                                                                                                                                                            ;
; mem_rdata[6]                  ; pre-synthesis ; connected ; Top            ; post-synthesis    ; VCC                                                                                    ; N/A                                                                                                                                                            ;
; mem_rdata[6]                  ; pre-synthesis ; connected ; Top            ; post-synthesis    ; VCC                                                                                    ; N/A                                                                                                                                                            ;
; mem_rdata[7]                  ; pre-synthesis ; connected ; Top            ; post-synthesis    ; VCC                                                                                    ; N/A                                                                                                                                                            ;
; mem_rdata[7]                  ; pre-synthesis ; connected ; Top            ; post-synthesis    ; VCC                                                                                    ; N/A                                                                                                                                                            ;
; mem_rdata[8]                  ; pre-synthesis ; connected ; Top            ; post-synthesis    ; VCC                                                                                    ; N/A                                                                                                                                                            ;
; mem_rdata[8]                  ; pre-synthesis ; connected ; Top            ; post-synthesis    ; VCC                                                                                    ; N/A                                                                                                                                                            ;
; mem_rdata[9]                  ; pre-synthesis ; connected ; Top            ; post-synthesis    ; VCC                                                                                    ; N/A                                                                                                                                                            ;
; mem_rdata[9]                  ; pre-synthesis ; connected ; Top            ; post-synthesis    ; VCC                                                                                    ; N/A                                                                                                                                                            ;
; mem_ready                     ; pre-synthesis ; connected ; Top            ; post-synthesis    ; GND                                                                                    ; N/A                                                                                                                                                            ;
; mem_ready                     ; pre-synthesis ; connected ; Top            ; post-synthesis    ; GND                                                                                    ; N/A                                                                                                                                                            ;
; mem_wstrb[0]                  ; pre-synthesis ; missing   ; Top            ; post-synthesis    ; GND                                                                                    ; The pre-synthesis tap must be preserved by Analysis & Synthesis before it can be tapped.  Set the partition's netlist type to Source and recompile.            ;
; mem_wstrb[0]                  ; pre-synthesis ; missing   ; Top            ; post-synthesis    ; GND                                                                                    ; The pre-synthesis tap must be preserved by Analysis & Synthesis before it can be tapped.  Set the partition's netlist type to Source and recompile.            ;
; mem_wstrb[1]                  ; pre-synthesis ; missing   ; Top            ; post-synthesis    ; GND                                                                                    ; The pre-synthesis tap must be preserved by Analysis & Synthesis before it can be tapped.  Set the partition's netlist type to Source and recompile.            ;
; mem_wstrb[1]                  ; pre-synthesis ; missing   ; Top            ; post-synthesis    ; GND                                                                                    ; The pre-synthesis tap must be preserved by Analysis & Synthesis before it can be tapped.  Set the partition's netlist type to Source and recompile.            ;
; mem_wstrb[2]                  ; pre-synthesis ; missing   ; Top            ; post-synthesis    ; GND                                                                                    ; The pre-synthesis tap must be preserved by Analysis & Synthesis before it can be tapped.  Set the partition's netlist type to Source and recompile.            ;
; mem_wstrb[2]                  ; pre-synthesis ; missing   ; Top            ; post-synthesis    ; GND                                                                                    ; The pre-synthesis tap must be preserved by Analysis & Synthesis before it can be tapped.  Set the partition's netlist type to Source and recompile.            ;
; mem_wstrb[3]                  ; pre-synthesis ; missing   ; Top            ; post-synthesis    ; GND                                                                                    ; The pre-synthesis tap must be preserved by Analysis & Synthesis before it can be tapped.  Set the partition's netlist type to Source and recompile.            ;
; mem_wstrb[3]                  ; pre-synthesis ; missing   ; Top            ; post-synthesis    ; GND                                                                                    ; The pre-synthesis tap must be preserved by Analysis & Synthesis before it can be tapped.  Set the partition's netlist type to Source and recompile.            ;
; ocram_32k:ocram|address_a[0]  ; pre-synthesis ; connected ; Top            ; post-synthesis    ; GND                                                                                    ; N/A                                                                                                                                                            ;
; ocram_32k:ocram|address_a[0]  ; pre-synthesis ; connected ; Top            ; post-synthesis    ; GND                                                                                    ; N/A                                                                                                                                                            ;
; ocram_32k:ocram|address_a[10] ; pre-synthesis ; connected ; Top            ; post-synthesis    ; GND                                                                                    ; N/A                                                                                                                                                            ;
; ocram_32k:ocram|address_a[10] ; pre-synthesis ; connected ; Top            ; post-synthesis    ; GND                                                                                    ; N/A                                                                                                                                                            ;
; ocram_32k:ocram|address_a[11] ; pre-synthesis ; connected ; Top            ; post-synthesis    ; GND                                                                                    ; N/A                                                                                                                                                            ;
; ocram_32k:ocram|address_a[11] ; pre-synthesis ; connected ; Top            ; post-synthesis    ; GND                                                                                    ; N/A                                                                                                                                                            ;
; ocram_32k:ocram|address_a[12] ; pre-synthesis ; connected ; Top            ; post-synthesis    ; GND                                                                                    ; N/A                                                                                                                                                            ;
; ocram_32k:ocram|address_a[12] ; pre-synthesis ; connected ; Top            ; post-synthesis    ; GND                                                                                    ; N/A                                                                                                                                                            ;
; ocram_32k:ocram|address_a[1]  ; pre-synthesis ; connected ; Top            ; post-synthesis    ; GND                                                                                    ; N/A                                                                                                                                                            ;
; ocram_32k:ocram|address_a[1]  ; pre-synthesis ; connected ; Top            ; post-synthesis    ; GND                                                                                    ; N/A                                                                                                                                                            ;
; ocram_32k:ocram|address_a[2]  ; pre-synthesis ; connected ; Top            ; post-synthesis    ; GND                                                                                    ; N/A                                                                                                                                                            ;
; ocram_32k:ocram|address_a[2]  ; pre-synthesis ; connected ; Top            ; post-synthesis    ; GND                                                                                    ; N/A                                                                                                                                                            ;
; ocram_32k:ocram|address_a[3]  ; pre-synthesis ; connected ; Top            ; post-synthesis    ; GND                                                                                    ; N/A                                                                                                                                                            ;
; ocram_32k:ocram|address_a[3]  ; pre-synthesis ; connected ; Top            ; post-synthesis    ; GND                                                                                    ; N/A                                                                                                                                                            ;
; ocram_32k:ocram|address_a[4]  ; pre-synthesis ; connected ; Top            ; post-synthesis    ; GND                                                                                    ; N/A                                                                                                                                                            ;
; ocram_32k:ocram|address_a[4]  ; pre-synthesis ; connected ; Top            ; post-synthesis    ; GND                                                                                    ; N/A                                                                                                                                                            ;
; ocram_32k:ocram|address_a[5]  ; pre-synthesis ; connected ; Top            ; post-synthesis    ; GND                                                                                    ; N/A                                                                                                                                                            ;
; ocram_32k:ocram|address_a[5]  ; pre-synthesis ; connected ; Top            ; post-synthesis    ; GND                                                                                    ; N/A                                                                                                                                                            ;
; ocram_32k:ocram|address_a[6]  ; pre-synthesis ; connected ; Top            ; post-synthesis    ; GND                                                                                    ; N/A                                                                                                                                                            ;
; ocram_32k:ocram|address_a[6]  ; pre-synthesis ; connected ; Top            ; post-synthesis    ; GND                                                                                    ; N/A                                                                                                                                                            ;
; ocram_32k:ocram|address_a[7]  ; pre-synthesis ; connected ; Top            ; post-synthesis    ; GND                                                                                    ; N/A                                                                                                                                                            ;
; ocram_32k:ocram|address_a[7]  ; pre-synthesis ; connected ; Top            ; post-synthesis    ; GND                                                                                    ; N/A                                                                                                                                                            ;
; ocram_32k:ocram|address_a[8]  ; pre-synthesis ; connected ; Top            ; post-synthesis    ; GND                                                                                    ; N/A                                                                                                                                                            ;
; ocram_32k:ocram|address_a[8]  ; pre-synthesis ; connected ; Top            ; post-synthesis    ; GND                                                                                    ; N/A                                                                                                                                                            ;
; ocram_32k:ocram|address_a[9]  ; pre-synthesis ; connected ; Top            ; post-synthesis    ; GND                                                                                    ; N/A                                                                                                                                                            ;
; ocram_32k:ocram|address_a[9]  ; pre-synthesis ; connected ; Top            ; post-synthesis    ; GND                                                                                    ; N/A                                                                                                                                                            ;
; ocram_32k:ocram|address_b[0]  ; pre-synthesis ; connected ; Top            ; post-synthesis    ; GND                                                                                    ; N/A                                                                                                                                                            ;
; ocram_32k:ocram|address_b[0]  ; pre-synthesis ; connected ; Top            ; post-synthesis    ; GND                                                                                    ; N/A                                                                                                                                                            ;
; ocram_32k:ocram|address_b[10] ; pre-synthesis ; connected ; Top            ; post-synthesis    ; GND                                                                                    ; N/A                                                                                                                                                            ;
; ocram_32k:ocram|address_b[10] ; pre-synthesis ; connected ; Top            ; post-synthesis    ; GND                                                                                    ; N/A                                                                                                                                                            ;
; ocram_32k:ocram|address_b[11] ; pre-synthesis ; connected ; Top            ; post-synthesis    ; GND                                                                                    ; N/A                                                                                                                                                            ;
; ocram_32k:ocram|address_b[11] ; pre-synthesis ; connected ; Top            ; post-synthesis    ; GND                                                                                    ; N/A                                                                                                                                                            ;
; ocram_32k:ocram|address_b[12] ; pre-synthesis ; connected ; Top            ; post-synthesis    ; GND                                                                                    ; N/A                                                                                                                                                            ;
; ocram_32k:ocram|address_b[12] ; pre-synthesis ; connected ; Top            ; post-synthesis    ; GND                                                                                    ; N/A                                                                                                                                                            ;
; ocram_32k:ocram|address_b[1]  ; pre-synthesis ; connected ; Top            ; post-synthesis    ; GND                                                                                    ; N/A                                                                                                                                                            ;
; ocram_32k:ocram|address_b[1]  ; pre-synthesis ; connected ; Top            ; post-synthesis    ; GND                                                                                    ; N/A                                                                                                                                                            ;
; ocram_32k:ocram|address_b[2]  ; pre-synthesis ; connected ; Top            ; post-synthesis    ; GND                                                                                    ; N/A                                                                                                                                                            ;
; ocram_32k:ocram|address_b[2]  ; pre-synthesis ; connected ; Top            ; post-synthesis    ; GND                                                                                    ; N/A                                                                                                                                                            ;
; ocram_32k:ocram|address_b[3]  ; pre-synthesis ; connected ; Top            ; post-synthesis    ; GND                                                                                    ; N/A                                                                                                                                                            ;
; ocram_32k:ocram|address_b[3]  ; pre-synthesis ; connected ; Top            ; post-synthesis    ; GND                                                                                    ; N/A                                                                                                                                                            ;
; ocram_32k:ocram|address_b[4]  ; pre-synthesis ; connected ; Top            ; post-synthesis    ; GND                                                                                    ; N/A                                                                                                                                                            ;
; ocram_32k:ocram|address_b[4]  ; pre-synthesis ; connected ; Top            ; post-synthesis    ; GND                                                                                    ; N/A                                                                                                                                                            ;
; ocram_32k:ocram|address_b[5]  ; pre-synthesis ; connected ; Top            ; post-synthesis    ; GND                                                                                    ; N/A                                                                                                                                                            ;
; ocram_32k:ocram|address_b[5]  ; pre-synthesis ; connected ; Top            ; post-synthesis    ; GND                                                                                    ; N/A                                                                                                                                                            ;
; ocram_32k:ocram|address_b[6]  ; pre-synthesis ; connected ; Top            ; post-synthesis    ; GND                                                                                    ; N/A                                                                                                                                                            ;
; ocram_32k:ocram|address_b[6]  ; pre-synthesis ; connected ; Top            ; post-synthesis    ; GND                                                                                    ; N/A                                                                                                                                                            ;
; ocram_32k:ocram|address_b[7]  ; pre-synthesis ; connected ; Top            ; post-synthesis    ; GND                                                                                    ; N/A                                                                                                                                                            ;
; ocram_32k:ocram|address_b[7]  ; pre-synthesis ; connected ; Top            ; post-synthesis    ; GND                                                                                    ; N/A                                                                                                                                                            ;
; ocram_32k:ocram|address_b[8]  ; pre-synthesis ; connected ; Top            ; post-synthesis    ; GND                                                                                    ; N/A                                                                                                                                                            ;
; ocram_32k:ocram|address_b[8]  ; pre-synthesis ; connected ; Top            ; post-synthesis    ; GND                                                                                    ; N/A                                                                                                                                                            ;
; ocram_32k:ocram|address_b[9]  ; pre-synthesis ; connected ; Top            ; post-synthesis    ; GND                                                                                    ; N/A                                                                                                                                                            ;
; ocram_32k:ocram|address_b[9]  ; pre-synthesis ; connected ; Top            ; post-synthesis    ; GND                                                                                    ; N/A                                                                                                                                                            ;
; ocram_32k:ocram|q_a[0]        ; pre-synthesis ; connected ; Top            ; post-synthesis    ; ocram_32k:ocram|altsyncram:altsyncram_component|altsyncram_nvt3:auto_generated|q_a[0]  ; N/A                                                                                                                                                            ;
; ocram_32k:ocram|q_a[0]        ; pre-synthesis ; connected ; Top            ; post-synthesis    ; ocram_32k:ocram|altsyncram:altsyncram_component|altsyncram_nvt3:auto_generated|q_a[0]  ; N/A                                                                                                                                                            ;
; ocram_32k:ocram|q_a[10]       ; pre-synthesis ; connected ; Top            ; post-synthesis    ; ocram_32k:ocram|altsyncram:altsyncram_component|altsyncram_nvt3:auto_generated|q_a[10] ; N/A                                                                                                                                                            ;
; ocram_32k:ocram|q_a[10]       ; pre-synthesis ; connected ; Top            ; post-synthesis    ; ocram_32k:ocram|altsyncram:altsyncram_component|altsyncram_nvt3:auto_generated|q_a[10] ; N/A                                                                                                                                                            ;
; ocram_32k:ocram|q_a[11]       ; pre-synthesis ; connected ; Top            ; post-synthesis    ; ocram_32k:ocram|altsyncram:altsyncram_component|altsyncram_nvt3:auto_generated|q_a[11] ; N/A                                                                                                                                                            ;
; ocram_32k:ocram|q_a[11]       ; pre-synthesis ; connected ; Top            ; post-synthesis    ; ocram_32k:ocram|altsyncram:altsyncram_component|altsyncram_nvt3:auto_generated|q_a[11] ; N/A                                                                                                                                                            ;
; ocram_32k:ocram|q_a[12]       ; pre-synthesis ; connected ; Top            ; post-synthesis    ; ocram_32k:ocram|altsyncram:altsyncram_component|altsyncram_nvt3:auto_generated|q_a[12] ; N/A                                                                                                                                                            ;
; ocram_32k:ocram|q_a[12]       ; pre-synthesis ; connected ; Top            ; post-synthesis    ; ocram_32k:ocram|altsyncram:altsyncram_component|altsyncram_nvt3:auto_generated|q_a[12] ; N/A                                                                                                                                                            ;
; ocram_32k:ocram|q_a[13]       ; pre-synthesis ; connected ; Top            ; post-synthesis    ; ocram_32k:ocram|altsyncram:altsyncram_component|altsyncram_nvt3:auto_generated|q_a[13] ; N/A                                                                                                                                                            ;
; ocram_32k:ocram|q_a[13]       ; pre-synthesis ; connected ; Top            ; post-synthesis    ; ocram_32k:ocram|altsyncram:altsyncram_component|altsyncram_nvt3:auto_generated|q_a[13] ; N/A                                                                                                                                                            ;
; ocram_32k:ocram|q_a[14]       ; pre-synthesis ; connected ; Top            ; post-synthesis    ; ocram_32k:ocram|altsyncram:altsyncram_component|altsyncram_nvt3:auto_generated|q_a[14] ; N/A                                                                                                                                                            ;
; ocram_32k:ocram|q_a[14]       ; pre-synthesis ; connected ; Top            ; post-synthesis    ; ocram_32k:ocram|altsyncram:altsyncram_component|altsyncram_nvt3:auto_generated|q_a[14] ; N/A                                                                                                                                                            ;
; ocram_32k:ocram|q_a[15]       ; pre-synthesis ; connected ; Top            ; post-synthesis    ; ocram_32k:ocram|altsyncram:altsyncram_component|altsyncram_nvt3:auto_generated|q_a[15] ; N/A                                                                                                                                                            ;
; ocram_32k:ocram|q_a[15]       ; pre-synthesis ; connected ; Top            ; post-synthesis    ; ocram_32k:ocram|altsyncram:altsyncram_component|altsyncram_nvt3:auto_generated|q_a[15] ; N/A                                                                                                                                                            ;
; ocram_32k:ocram|q_a[16]       ; pre-synthesis ; connected ; Top            ; post-synthesis    ; ocram_32k:ocram|altsyncram:altsyncram_component|altsyncram_nvt3:auto_generated|q_a[16] ; N/A                                                                                                                                                            ;
; ocram_32k:ocram|q_a[16]       ; pre-synthesis ; connected ; Top            ; post-synthesis    ; ocram_32k:ocram|altsyncram:altsyncram_component|altsyncram_nvt3:auto_generated|q_a[16] ; N/A                                                                                                                                                            ;
; ocram_32k:ocram|q_a[17]       ; pre-synthesis ; connected ; Top            ; post-synthesis    ; ocram_32k:ocram|altsyncram:altsyncram_component|altsyncram_nvt3:auto_generated|q_a[17] ; N/A                                                                                                                                                            ;
; ocram_32k:ocram|q_a[17]       ; pre-synthesis ; connected ; Top            ; post-synthesis    ; ocram_32k:ocram|altsyncram:altsyncram_component|altsyncram_nvt3:auto_generated|q_a[17] ; N/A                                                                                                                                                            ;
; ocram_32k:ocram|q_a[18]       ; pre-synthesis ; connected ; Top            ; post-synthesis    ; ocram_32k:ocram|altsyncram:altsyncram_component|altsyncram_nvt3:auto_generated|q_a[18] ; N/A                                                                                                                                                            ;
; ocram_32k:ocram|q_a[18]       ; pre-synthesis ; connected ; Top            ; post-synthesis    ; ocram_32k:ocram|altsyncram:altsyncram_component|altsyncram_nvt3:auto_generated|q_a[18] ; N/A                                                                                                                                                            ;
; ocram_32k:ocram|q_a[19]       ; pre-synthesis ; connected ; Top            ; post-synthesis    ; ocram_32k:ocram|altsyncram:altsyncram_component|altsyncram_nvt3:auto_generated|q_a[19] ; N/A                                                                                                                                                            ;
; ocram_32k:ocram|q_a[19]       ; pre-synthesis ; connected ; Top            ; post-synthesis    ; ocram_32k:ocram|altsyncram:altsyncram_component|altsyncram_nvt3:auto_generated|q_a[19] ; N/A                                                                                                                                                            ;
; ocram_32k:ocram|q_a[1]        ; pre-synthesis ; connected ; Top            ; post-synthesis    ; ocram_32k:ocram|altsyncram:altsyncram_component|altsyncram_nvt3:auto_generated|q_a[1]  ; N/A                                                                                                                                                            ;
; ocram_32k:ocram|q_a[1]        ; pre-synthesis ; connected ; Top            ; post-synthesis    ; ocram_32k:ocram|altsyncram:altsyncram_component|altsyncram_nvt3:auto_generated|q_a[1]  ; N/A                                                                                                                                                            ;
; ocram_32k:ocram|q_a[20]       ; pre-synthesis ; connected ; Top            ; post-synthesis    ; ocram_32k:ocram|altsyncram:altsyncram_component|altsyncram_nvt3:auto_generated|q_a[20] ; N/A                                                                                                                                                            ;
; ocram_32k:ocram|q_a[20]       ; pre-synthesis ; connected ; Top            ; post-synthesis    ; ocram_32k:ocram|altsyncram:altsyncram_component|altsyncram_nvt3:auto_generated|q_a[20] ; N/A                                                                                                                                                            ;
; ocram_32k:ocram|q_a[21]       ; pre-synthesis ; connected ; Top            ; post-synthesis    ; ocram_32k:ocram|altsyncram:altsyncram_component|altsyncram_nvt3:auto_generated|q_a[21] ; N/A                                                                                                                                                            ;
; ocram_32k:ocram|q_a[21]       ; pre-synthesis ; connected ; Top            ; post-synthesis    ; ocram_32k:ocram|altsyncram:altsyncram_component|altsyncram_nvt3:auto_generated|q_a[21] ; N/A                                                                                                                                                            ;
; ocram_32k:ocram|q_a[22]       ; pre-synthesis ; connected ; Top            ; post-synthesis    ; ocram_32k:ocram|altsyncram:altsyncram_component|altsyncram_nvt3:auto_generated|q_a[22] ; N/A                                                                                                                                                            ;
; ocram_32k:ocram|q_a[22]       ; pre-synthesis ; connected ; Top            ; post-synthesis    ; ocram_32k:ocram|altsyncram:altsyncram_component|altsyncram_nvt3:auto_generated|q_a[22] ; N/A                                                                                                                                                            ;
; ocram_32k:ocram|q_a[23]       ; pre-synthesis ; connected ; Top            ; post-synthesis    ; ocram_32k:ocram|altsyncram:altsyncram_component|altsyncram_nvt3:auto_generated|q_a[23] ; N/A                                                                                                                                                            ;
; ocram_32k:ocram|q_a[23]       ; pre-synthesis ; connected ; Top            ; post-synthesis    ; ocram_32k:ocram|altsyncram:altsyncram_component|altsyncram_nvt3:auto_generated|q_a[23] ; N/A                                                                                                                                                            ;
; ocram_32k:ocram|q_a[24]       ; pre-synthesis ; connected ; Top            ; post-synthesis    ; ocram_32k:ocram|altsyncram:altsyncram_component|altsyncram_nvt3:auto_generated|q_a[24] ; N/A                                                                                                                                                            ;
; ocram_32k:ocram|q_a[24]       ; pre-synthesis ; connected ; Top            ; post-synthesis    ; ocram_32k:ocram|altsyncram:altsyncram_component|altsyncram_nvt3:auto_generated|q_a[24] ; N/A                                                                                                                                                            ;
; ocram_32k:ocram|q_a[25]       ; pre-synthesis ; connected ; Top            ; post-synthesis    ; ocram_32k:ocram|altsyncram:altsyncram_component|altsyncram_nvt3:auto_generated|q_a[25] ; N/A                                                                                                                                                            ;
; ocram_32k:ocram|q_a[25]       ; pre-synthesis ; connected ; Top            ; post-synthesis    ; ocram_32k:ocram|altsyncram:altsyncram_component|altsyncram_nvt3:auto_generated|q_a[25] ; N/A                                                                                                                                                            ;
; ocram_32k:ocram|q_a[26]       ; pre-synthesis ; connected ; Top            ; post-synthesis    ; ocram_32k:ocram|altsyncram:altsyncram_component|altsyncram_nvt3:auto_generated|q_a[26] ; N/A                                                                                                                                                            ;
; ocram_32k:ocram|q_a[26]       ; pre-synthesis ; connected ; Top            ; post-synthesis    ; ocram_32k:ocram|altsyncram:altsyncram_component|altsyncram_nvt3:auto_generated|q_a[26] ; N/A                                                                                                                                                            ;
; ocram_32k:ocram|q_a[27]       ; pre-synthesis ; connected ; Top            ; post-synthesis    ; ocram_32k:ocram|altsyncram:altsyncram_component|altsyncram_nvt3:auto_generated|q_a[27] ; N/A                                                                                                                                                            ;
; ocram_32k:ocram|q_a[27]       ; pre-synthesis ; connected ; Top            ; post-synthesis    ; ocram_32k:ocram|altsyncram:altsyncram_component|altsyncram_nvt3:auto_generated|q_a[27] ; N/A                                                                                                                                                            ;
; ocram_32k:ocram|q_a[28]       ; pre-synthesis ; connected ; Top            ; post-synthesis    ; ocram_32k:ocram|altsyncram:altsyncram_component|altsyncram_nvt3:auto_generated|q_a[28] ; N/A                                                                                                                                                            ;
; ocram_32k:ocram|q_a[28]       ; pre-synthesis ; connected ; Top            ; post-synthesis    ; ocram_32k:ocram|altsyncram:altsyncram_component|altsyncram_nvt3:auto_generated|q_a[28] ; N/A                                                                                                                                                            ;
; ocram_32k:ocram|q_a[29]       ; pre-synthesis ; connected ; Top            ; post-synthesis    ; ocram_32k:ocram|altsyncram:altsyncram_component|altsyncram_nvt3:auto_generated|q_a[29] ; N/A                                                                                                                                                            ;
; ocram_32k:ocram|q_a[29]       ; pre-synthesis ; connected ; Top            ; post-synthesis    ; ocram_32k:ocram|altsyncram:altsyncram_component|altsyncram_nvt3:auto_generated|q_a[29] ; N/A                                                                                                                                                            ;
; ocram_32k:ocram|q_a[2]        ; pre-synthesis ; connected ; Top            ; post-synthesis    ; ocram_32k:ocram|altsyncram:altsyncram_component|altsyncram_nvt3:auto_generated|q_a[2]  ; N/A                                                                                                                                                            ;
; ocram_32k:ocram|q_a[2]        ; pre-synthesis ; connected ; Top            ; post-synthesis    ; ocram_32k:ocram|altsyncram:altsyncram_component|altsyncram_nvt3:auto_generated|q_a[2]  ; N/A                                                                                                                                                            ;
; ocram_32k:ocram|q_a[30]       ; pre-synthesis ; connected ; Top            ; post-synthesis    ; ocram_32k:ocram|altsyncram:altsyncram_component|altsyncram_nvt3:auto_generated|q_a[30] ; N/A                                                                                                                                                            ;
; ocram_32k:ocram|q_a[30]       ; pre-synthesis ; connected ; Top            ; post-synthesis    ; ocram_32k:ocram|altsyncram:altsyncram_component|altsyncram_nvt3:auto_generated|q_a[30] ; N/A                                                                                                                                                            ;
; ocram_32k:ocram|q_a[31]       ; pre-synthesis ; connected ; Top            ; post-synthesis    ; ocram_32k:ocram|altsyncram:altsyncram_component|altsyncram_nvt3:auto_generated|q_a[31] ; N/A                                                                                                                                                            ;
; ocram_32k:ocram|q_a[31]       ; pre-synthesis ; connected ; Top            ; post-synthesis    ; ocram_32k:ocram|altsyncram:altsyncram_component|altsyncram_nvt3:auto_generated|q_a[31] ; N/A                                                                                                                                                            ;
; ocram_32k:ocram|q_a[3]        ; pre-synthesis ; connected ; Top            ; post-synthesis    ; ocram_32k:ocram|altsyncram:altsyncram_component|altsyncram_nvt3:auto_generated|q_a[3]  ; N/A                                                                                                                                                            ;
; ocram_32k:ocram|q_a[3]        ; pre-synthesis ; connected ; Top            ; post-synthesis    ; ocram_32k:ocram|altsyncram:altsyncram_component|altsyncram_nvt3:auto_generated|q_a[3]  ; N/A                                                                                                                                                            ;
; ocram_32k:ocram|q_a[4]        ; pre-synthesis ; connected ; Top            ; post-synthesis    ; ocram_32k:ocram|altsyncram:altsyncram_component|altsyncram_nvt3:auto_generated|q_a[4]  ; N/A                                                                                                                                                            ;
; ocram_32k:ocram|q_a[4]        ; pre-synthesis ; connected ; Top            ; post-synthesis    ; ocram_32k:ocram|altsyncram:altsyncram_component|altsyncram_nvt3:auto_generated|q_a[4]  ; N/A                                                                                                                                                            ;
; ocram_32k:ocram|q_a[5]        ; pre-synthesis ; connected ; Top            ; post-synthesis    ; ocram_32k:ocram|altsyncram:altsyncram_component|altsyncram_nvt3:auto_generated|q_a[5]  ; N/A                                                                                                                                                            ;
; ocram_32k:ocram|q_a[5]        ; pre-synthesis ; connected ; Top            ; post-synthesis    ; ocram_32k:ocram|altsyncram:altsyncram_component|altsyncram_nvt3:auto_generated|q_a[5]  ; N/A                                                                                                                                                            ;
; ocram_32k:ocram|q_a[6]        ; pre-synthesis ; connected ; Top            ; post-synthesis    ; ocram_32k:ocram|altsyncram:altsyncram_component|altsyncram_nvt3:auto_generated|q_a[6]  ; N/A                                                                                                                                                            ;
; ocram_32k:ocram|q_a[6]        ; pre-synthesis ; connected ; Top            ; post-synthesis    ; ocram_32k:ocram|altsyncram:altsyncram_component|altsyncram_nvt3:auto_generated|q_a[6]  ; N/A                                                                                                                                                            ;
; ocram_32k:ocram|q_a[7]        ; pre-synthesis ; connected ; Top            ; post-synthesis    ; ocram_32k:ocram|altsyncram:altsyncram_component|altsyncram_nvt3:auto_generated|q_a[7]  ; N/A                                                                                                                                                            ;
; ocram_32k:ocram|q_a[7]        ; pre-synthesis ; connected ; Top            ; post-synthesis    ; ocram_32k:ocram|altsyncram:altsyncram_component|altsyncram_nvt3:auto_generated|q_a[7]  ; N/A                                                                                                                                                            ;
; ocram_32k:ocram|q_a[8]        ; pre-synthesis ; connected ; Top            ; post-synthesis    ; ocram_32k:ocram|altsyncram:altsyncram_component|altsyncram_nvt3:auto_generated|q_a[8]  ; N/A                                                                                                                                                            ;
; ocram_32k:ocram|q_a[8]        ; pre-synthesis ; connected ; Top            ; post-synthesis    ; ocram_32k:ocram|altsyncram:altsyncram_component|altsyncram_nvt3:auto_generated|q_a[8]  ; N/A                                                                                                                                                            ;
; ocram_32k:ocram|q_a[9]        ; pre-synthesis ; connected ; Top            ; post-synthesis    ; ocram_32k:ocram|altsyncram:altsyncram_component|altsyncram_nvt3:auto_generated|q_a[9]  ; N/A                                                                                                                                                            ;
; ocram_32k:ocram|q_a[9]        ; pre-synthesis ; connected ; Top            ; post-synthesis    ; ocram_32k:ocram|altsyncram:altsyncram_component|altsyncram_nvt3:auto_generated|q_a[9]  ; N/A                                                                                                                                                            ;
; ocram_32k:ocram|q_b[0]        ; pre-synthesis ; connected ; Top            ; post-synthesis    ; ocram_32k:ocram|altsyncram:altsyncram_component|altsyncram_nvt3:auto_generated|q_b[0]  ; N/A                                                                                                                                                            ;
; ocram_32k:ocram|q_b[0]        ; pre-synthesis ; connected ; Top            ; post-synthesis    ; ocram_32k:ocram|altsyncram:altsyncram_component|altsyncram_nvt3:auto_generated|q_b[0]  ; N/A                                                                                                                                                            ;
; ocram_32k:ocram|q_b[10]       ; pre-synthesis ; connected ; Top            ; post-synthesis    ; ocram_32k:ocram|altsyncram:altsyncram_component|altsyncram_nvt3:auto_generated|q_b[10] ; N/A                                                                                                                                                            ;
; ocram_32k:ocram|q_b[10]       ; pre-synthesis ; connected ; Top            ; post-synthesis    ; ocram_32k:ocram|altsyncram:altsyncram_component|altsyncram_nvt3:auto_generated|q_b[10] ; N/A                                                                                                                                                            ;
; ocram_32k:ocram|q_b[11]       ; pre-synthesis ; connected ; Top            ; post-synthesis    ; ocram_32k:ocram|altsyncram:altsyncram_component|altsyncram_nvt3:auto_generated|q_b[11] ; N/A                                                                                                                                                            ;
; ocram_32k:ocram|q_b[11]       ; pre-synthesis ; connected ; Top            ; post-synthesis    ; ocram_32k:ocram|altsyncram:altsyncram_component|altsyncram_nvt3:auto_generated|q_b[11] ; N/A                                                                                                                                                            ;
; ocram_32k:ocram|q_b[12]       ; pre-synthesis ; connected ; Top            ; post-synthesis    ; ocram_32k:ocram|altsyncram:altsyncram_component|altsyncram_nvt3:auto_generated|q_b[12] ; N/A                                                                                                                                                            ;
; ocram_32k:ocram|q_b[12]       ; pre-synthesis ; connected ; Top            ; post-synthesis    ; ocram_32k:ocram|altsyncram:altsyncram_component|altsyncram_nvt3:auto_generated|q_b[12] ; N/A                                                                                                                                                            ;
; ocram_32k:ocram|q_b[13]       ; pre-synthesis ; connected ; Top            ; post-synthesis    ; ocram_32k:ocram|altsyncram:altsyncram_component|altsyncram_nvt3:auto_generated|q_b[13] ; N/A                                                                                                                                                            ;
; ocram_32k:ocram|q_b[13]       ; pre-synthesis ; connected ; Top            ; post-synthesis    ; ocram_32k:ocram|altsyncram:altsyncram_component|altsyncram_nvt3:auto_generated|q_b[13] ; N/A                                                                                                                                                            ;
; ocram_32k:ocram|q_b[14]       ; pre-synthesis ; connected ; Top            ; post-synthesis    ; ocram_32k:ocram|altsyncram:altsyncram_component|altsyncram_nvt3:auto_generated|q_b[14] ; N/A                                                                                                                                                            ;
; ocram_32k:ocram|q_b[14]       ; pre-synthesis ; connected ; Top            ; post-synthesis    ; ocram_32k:ocram|altsyncram:altsyncram_component|altsyncram_nvt3:auto_generated|q_b[14] ; N/A                                                                                                                                                            ;
; ocram_32k:ocram|q_b[15]       ; pre-synthesis ; connected ; Top            ; post-synthesis    ; ocram_32k:ocram|altsyncram:altsyncram_component|altsyncram_nvt3:auto_generated|q_b[15] ; N/A                                                                                                                                                            ;
; ocram_32k:ocram|q_b[15]       ; pre-synthesis ; connected ; Top            ; post-synthesis    ; ocram_32k:ocram|altsyncram:altsyncram_component|altsyncram_nvt3:auto_generated|q_b[15] ; N/A                                                                                                                                                            ;
; ocram_32k:ocram|q_b[16]       ; pre-synthesis ; connected ; Top            ; post-synthesis    ; ocram_32k:ocram|altsyncram:altsyncram_component|altsyncram_nvt3:auto_generated|q_b[16] ; N/A                                                                                                                                                            ;
; ocram_32k:ocram|q_b[16]       ; pre-synthesis ; connected ; Top            ; post-synthesis    ; ocram_32k:ocram|altsyncram:altsyncram_component|altsyncram_nvt3:auto_generated|q_b[16] ; N/A                                                                                                                                                            ;
; ocram_32k:ocram|q_b[17]       ; pre-synthesis ; connected ; Top            ; post-synthesis    ; ocram_32k:ocram|altsyncram:altsyncram_component|altsyncram_nvt3:auto_generated|q_b[17] ; N/A                                                                                                                                                            ;
; ocram_32k:ocram|q_b[17]       ; pre-synthesis ; connected ; Top            ; post-synthesis    ; ocram_32k:ocram|altsyncram:altsyncram_component|altsyncram_nvt3:auto_generated|q_b[17] ; N/A                                                                                                                                                            ;
; ocram_32k:ocram|q_b[18]       ; pre-synthesis ; connected ; Top            ; post-synthesis    ; ocram_32k:ocram|altsyncram:altsyncram_component|altsyncram_nvt3:auto_generated|q_b[18] ; N/A                                                                                                                                                            ;
; ocram_32k:ocram|q_b[18]       ; pre-synthesis ; connected ; Top            ; post-synthesis    ; ocram_32k:ocram|altsyncram:altsyncram_component|altsyncram_nvt3:auto_generated|q_b[18] ; N/A                                                                                                                                                            ;
; ocram_32k:ocram|q_b[19]       ; pre-synthesis ; connected ; Top            ; post-synthesis    ; ocram_32k:ocram|altsyncram:altsyncram_component|altsyncram_nvt3:auto_generated|q_b[19] ; N/A                                                                                                                                                            ;
; ocram_32k:ocram|q_b[19]       ; pre-synthesis ; connected ; Top            ; post-synthesis    ; ocram_32k:ocram|altsyncram:altsyncram_component|altsyncram_nvt3:auto_generated|q_b[19] ; N/A                                                                                                                                                            ;
; ocram_32k:ocram|q_b[1]        ; pre-synthesis ; connected ; Top            ; post-synthesis    ; ocram_32k:ocram|altsyncram:altsyncram_component|altsyncram_nvt3:auto_generated|q_b[1]  ; N/A                                                                                                                                                            ;
; ocram_32k:ocram|q_b[1]        ; pre-synthesis ; connected ; Top            ; post-synthesis    ; ocram_32k:ocram|altsyncram:altsyncram_component|altsyncram_nvt3:auto_generated|q_b[1]  ; N/A                                                                                                                                                            ;
; ocram_32k:ocram|q_b[20]       ; pre-synthesis ; connected ; Top            ; post-synthesis    ; ocram_32k:ocram|altsyncram:altsyncram_component|altsyncram_nvt3:auto_generated|q_b[20] ; N/A                                                                                                                                                            ;
; ocram_32k:ocram|q_b[20]       ; pre-synthesis ; connected ; Top            ; post-synthesis    ; ocram_32k:ocram|altsyncram:altsyncram_component|altsyncram_nvt3:auto_generated|q_b[20] ; N/A                                                                                                                                                            ;
; ocram_32k:ocram|q_b[21]       ; pre-synthesis ; connected ; Top            ; post-synthesis    ; ocram_32k:ocram|altsyncram:altsyncram_component|altsyncram_nvt3:auto_generated|q_b[21] ; N/A                                                                                                                                                            ;
; ocram_32k:ocram|q_b[21]       ; pre-synthesis ; connected ; Top            ; post-synthesis    ; ocram_32k:ocram|altsyncram:altsyncram_component|altsyncram_nvt3:auto_generated|q_b[21] ; N/A                                                                                                                                                            ;
; ocram_32k:ocram|q_b[22]       ; pre-synthesis ; connected ; Top            ; post-synthesis    ; ocram_32k:ocram|altsyncram:altsyncram_component|altsyncram_nvt3:auto_generated|q_b[22] ; N/A                                                                                                                                                            ;
; ocram_32k:ocram|q_b[22]       ; pre-synthesis ; connected ; Top            ; post-synthesis    ; ocram_32k:ocram|altsyncram:altsyncram_component|altsyncram_nvt3:auto_generated|q_b[22] ; N/A                                                                                                                                                            ;
; ocram_32k:ocram|q_b[23]       ; pre-synthesis ; connected ; Top            ; post-synthesis    ; ocram_32k:ocram|altsyncram:altsyncram_component|altsyncram_nvt3:auto_generated|q_b[23] ; N/A                                                                                                                                                            ;
; ocram_32k:ocram|q_b[23]       ; pre-synthesis ; connected ; Top            ; post-synthesis    ; ocram_32k:ocram|altsyncram:altsyncram_component|altsyncram_nvt3:auto_generated|q_b[23] ; N/A                                                                                                                                                            ;
; ocram_32k:ocram|q_b[24]       ; pre-synthesis ; connected ; Top            ; post-synthesis    ; ocram_32k:ocram|altsyncram:altsyncram_component|altsyncram_nvt3:auto_generated|q_b[24] ; N/A                                                                                                                                                            ;
; ocram_32k:ocram|q_b[24]       ; pre-synthesis ; connected ; Top            ; post-synthesis    ; ocram_32k:ocram|altsyncram:altsyncram_component|altsyncram_nvt3:auto_generated|q_b[24] ; N/A                                                                                                                                                            ;
; ocram_32k:ocram|q_b[25]       ; pre-synthesis ; connected ; Top            ; post-synthesis    ; ocram_32k:ocram|altsyncram:altsyncram_component|altsyncram_nvt3:auto_generated|q_b[25] ; N/A                                                                                                                                                            ;
; ocram_32k:ocram|q_b[25]       ; pre-synthesis ; connected ; Top            ; post-synthesis    ; ocram_32k:ocram|altsyncram:altsyncram_component|altsyncram_nvt3:auto_generated|q_b[25] ; N/A                                                                                                                                                            ;
; ocram_32k:ocram|q_b[26]       ; pre-synthesis ; connected ; Top            ; post-synthesis    ; ocram_32k:ocram|altsyncram:altsyncram_component|altsyncram_nvt3:auto_generated|q_b[26] ; N/A                                                                                                                                                            ;
; ocram_32k:ocram|q_b[26]       ; pre-synthesis ; connected ; Top            ; post-synthesis    ; ocram_32k:ocram|altsyncram:altsyncram_component|altsyncram_nvt3:auto_generated|q_b[26] ; N/A                                                                                                                                                            ;
; ocram_32k:ocram|q_b[27]       ; pre-synthesis ; connected ; Top            ; post-synthesis    ; ocram_32k:ocram|altsyncram:altsyncram_component|altsyncram_nvt3:auto_generated|q_b[27] ; N/A                                                                                                                                                            ;
; ocram_32k:ocram|q_b[27]       ; pre-synthesis ; connected ; Top            ; post-synthesis    ; ocram_32k:ocram|altsyncram:altsyncram_component|altsyncram_nvt3:auto_generated|q_b[27] ; N/A                                                                                                                                                            ;
; ocram_32k:ocram|q_b[28]       ; pre-synthesis ; connected ; Top            ; post-synthesis    ; ocram_32k:ocram|altsyncram:altsyncram_component|altsyncram_nvt3:auto_generated|q_b[28] ; N/A                                                                                                                                                            ;
; ocram_32k:ocram|q_b[28]       ; pre-synthesis ; connected ; Top            ; post-synthesis    ; ocram_32k:ocram|altsyncram:altsyncram_component|altsyncram_nvt3:auto_generated|q_b[28] ; N/A                                                                                                                                                            ;
; ocram_32k:ocram|q_b[29]       ; pre-synthesis ; connected ; Top            ; post-synthesis    ; ocram_32k:ocram|altsyncram:altsyncram_component|altsyncram_nvt3:auto_generated|q_b[29] ; N/A                                                                                                                                                            ;
; ocram_32k:ocram|q_b[29]       ; pre-synthesis ; connected ; Top            ; post-synthesis    ; ocram_32k:ocram|altsyncram:altsyncram_component|altsyncram_nvt3:auto_generated|q_b[29] ; N/A                                                                                                                                                            ;
; ocram_32k:ocram|q_b[2]        ; pre-synthesis ; connected ; Top            ; post-synthesis    ; ocram_32k:ocram|altsyncram:altsyncram_component|altsyncram_nvt3:auto_generated|q_b[2]  ; N/A                                                                                                                                                            ;
; ocram_32k:ocram|q_b[2]        ; pre-synthesis ; connected ; Top            ; post-synthesis    ; ocram_32k:ocram|altsyncram:altsyncram_component|altsyncram_nvt3:auto_generated|q_b[2]  ; N/A                                                                                                                                                            ;
; ocram_32k:ocram|q_b[30]       ; pre-synthesis ; connected ; Top            ; post-synthesis    ; ocram_32k:ocram|altsyncram:altsyncram_component|altsyncram_nvt3:auto_generated|q_b[30] ; N/A                                                                                                                                                            ;
; ocram_32k:ocram|q_b[30]       ; pre-synthesis ; connected ; Top            ; post-synthesis    ; ocram_32k:ocram|altsyncram:altsyncram_component|altsyncram_nvt3:auto_generated|q_b[30] ; N/A                                                                                                                                                            ;
; ocram_32k:ocram|q_b[31]       ; pre-synthesis ; connected ; Top            ; post-synthesis    ; ocram_32k:ocram|altsyncram:altsyncram_component|altsyncram_nvt3:auto_generated|q_b[31] ; N/A                                                                                                                                                            ;
; ocram_32k:ocram|q_b[31]       ; pre-synthesis ; connected ; Top            ; post-synthesis    ; ocram_32k:ocram|altsyncram:altsyncram_component|altsyncram_nvt3:auto_generated|q_b[31] ; N/A                                                                                                                                                            ;
; ocram_32k:ocram|q_b[3]        ; pre-synthesis ; connected ; Top            ; post-synthesis    ; ocram_32k:ocram|altsyncram:altsyncram_component|altsyncram_nvt3:auto_generated|q_b[3]  ; N/A                                                                                                                                                            ;
; ocram_32k:ocram|q_b[3]        ; pre-synthesis ; connected ; Top            ; post-synthesis    ; ocram_32k:ocram|altsyncram:altsyncram_component|altsyncram_nvt3:auto_generated|q_b[3]  ; N/A                                                                                                                                                            ;
; ocram_32k:ocram|q_b[4]        ; pre-synthesis ; connected ; Top            ; post-synthesis    ; ocram_32k:ocram|altsyncram:altsyncram_component|altsyncram_nvt3:auto_generated|q_b[4]  ; N/A                                                                                                                                                            ;
; ocram_32k:ocram|q_b[4]        ; pre-synthesis ; connected ; Top            ; post-synthesis    ; ocram_32k:ocram|altsyncram:altsyncram_component|altsyncram_nvt3:auto_generated|q_b[4]  ; N/A                                                                                                                                                            ;
; ocram_32k:ocram|q_b[5]        ; pre-synthesis ; connected ; Top            ; post-synthesis    ; ocram_32k:ocram|altsyncram:altsyncram_component|altsyncram_nvt3:auto_generated|q_b[5]  ; N/A                                                                                                                                                            ;
; ocram_32k:ocram|q_b[5]        ; pre-synthesis ; connected ; Top            ; post-synthesis    ; ocram_32k:ocram|altsyncram:altsyncram_component|altsyncram_nvt3:auto_generated|q_b[5]  ; N/A                                                                                                                                                            ;
; ocram_32k:ocram|q_b[6]        ; pre-synthesis ; connected ; Top            ; post-synthesis    ; ocram_32k:ocram|altsyncram:altsyncram_component|altsyncram_nvt3:auto_generated|q_b[6]  ; N/A                                                                                                                                                            ;
; ocram_32k:ocram|q_b[6]        ; pre-synthesis ; connected ; Top            ; post-synthesis    ; ocram_32k:ocram|altsyncram:altsyncram_component|altsyncram_nvt3:auto_generated|q_b[6]  ; N/A                                                                                                                                                            ;
; ocram_32k:ocram|q_b[7]        ; pre-synthesis ; connected ; Top            ; post-synthesis    ; ocram_32k:ocram|altsyncram:altsyncram_component|altsyncram_nvt3:auto_generated|q_b[7]  ; N/A                                                                                                                                                            ;
; ocram_32k:ocram|q_b[7]        ; pre-synthesis ; connected ; Top            ; post-synthesis    ; ocram_32k:ocram|altsyncram:altsyncram_component|altsyncram_nvt3:auto_generated|q_b[7]  ; N/A                                                                                                                                                            ;
; ocram_32k:ocram|q_b[8]        ; pre-synthesis ; connected ; Top            ; post-synthesis    ; ocram_32k:ocram|altsyncram:altsyncram_component|altsyncram_nvt3:auto_generated|q_b[8]  ; N/A                                                                                                                                                            ;
; ocram_32k:ocram|q_b[8]        ; pre-synthesis ; connected ; Top            ; post-synthesis    ; ocram_32k:ocram|altsyncram:altsyncram_component|altsyncram_nvt3:auto_generated|q_b[8]  ; N/A                                                                                                                                                            ;
; ocram_32k:ocram|q_b[9]        ; pre-synthesis ; connected ; Top            ; post-synthesis    ; ocram_32k:ocram|altsyncram:altsyncram_component|altsyncram_nvt3:auto_generated|q_b[9]  ; N/A                                                                                                                                                            ;
; ocram_32k:ocram|q_b[9]        ; pre-synthesis ; connected ; Top            ; post-synthesis    ; ocram_32k:ocram|altsyncram:altsyncram_component|altsyncram_nvt3:auto_generated|q_b[9]  ; N/A                                                                                                                                                            ;
; ocram_32k:ocram|rden_a        ; pre-synthesis ; connected ; Top            ; post-synthesis    ; GND                                                                                    ; N/A                                                                                                                                                            ;
; ocram_32k:ocram|rden_a        ; pre-synthesis ; connected ; Top            ; post-synthesis    ; GND                                                                                    ; N/A                                                                                                                                                            ;
; ocram_32k:ocram|rden_b        ; pre-synthesis ; connected ; Top            ; post-synthesis    ; GND                                                                                    ; N/A                                                                                                                                                            ;
; ocram_32k:ocram|rden_b        ; pre-synthesis ; connected ; Top            ; post-synthesis    ; GND                                                                                    ; N/A                                                                                                                                                            ;
; ocram_32k:ocram|wren_a        ; pre-synthesis ; connected ; Top            ; post-synthesis    ; GND                                                                                    ; N/A                                                                                                                                                            ;
; ocram_32k:ocram|wren_a        ; pre-synthesis ; connected ; Top            ; post-synthesis    ; GND                                                                                    ; N/A                                                                                                                                                            ;
; ocram_32k:ocram|wren_b        ; pre-synthesis ; connected ; Top            ; post-synthesis    ; GND                                                                                    ; N/A                                                                                                                                                            ;
; ocram_32k:ocram|wren_b        ; pre-synthesis ; connected ; Top            ; post-synthesis    ; GND                                                                                    ; N/A                                                                                                                                                            ;
; ocram_data_o_data[0]          ; pre-synthesis ; missing   ; Top            ; post-synthesis    ; GND                                                                                    ; The name does not exist in your design or refers to an invalid hierarchy or bus element.  You may have modified your design after creating the debug instance. ;
; ocram_data_o_data[0]          ; pre-synthesis ; missing   ; Top            ; post-synthesis    ; GND                                                                                    ; The name does not exist in your design or refers to an invalid hierarchy or bus element.  You may have modified your design after creating the debug instance. ;
; ocram_data_o_data[10]         ; pre-synthesis ; missing   ; Top            ; post-synthesis    ; GND                                                                                    ; The name does not exist in your design or refers to an invalid hierarchy or bus element.  You may have modified your design after creating the debug instance. ;
; ocram_data_o_data[10]         ; pre-synthesis ; missing   ; Top            ; post-synthesis    ; GND                                                                                    ; The name does not exist in your design or refers to an invalid hierarchy or bus element.  You may have modified your design after creating the debug instance. ;
; ocram_data_o_data[11]         ; pre-synthesis ; missing   ; Top            ; post-synthesis    ; GND                                                                                    ; The name does not exist in your design or refers to an invalid hierarchy or bus element.  You may have modified your design after creating the debug instance. ;
; ocram_data_o_data[11]         ; pre-synthesis ; missing   ; Top            ; post-synthesis    ; GND                                                                                    ; The name does not exist in your design or refers to an invalid hierarchy or bus element.  You may have modified your design after creating the debug instance. ;
; ocram_data_o_data[12]         ; pre-synthesis ; missing   ; Top            ; post-synthesis    ; GND                                                                                    ; The name does not exist in your design or refers to an invalid hierarchy or bus element.  You may have modified your design after creating the debug instance. ;
; ocram_data_o_data[12]         ; pre-synthesis ; missing   ; Top            ; post-synthesis    ; GND                                                                                    ; The name does not exist in your design or refers to an invalid hierarchy or bus element.  You may have modified your design after creating the debug instance. ;
; ocram_data_o_data[13]         ; pre-synthesis ; missing   ; Top            ; post-synthesis    ; GND                                                                                    ; The name does not exist in your design or refers to an invalid hierarchy or bus element.  You may have modified your design after creating the debug instance. ;
; ocram_data_o_data[13]         ; pre-synthesis ; missing   ; Top            ; post-synthesis    ; GND                                                                                    ; The name does not exist in your design or refers to an invalid hierarchy or bus element.  You may have modified your design after creating the debug instance. ;
; ocram_data_o_data[14]         ; pre-synthesis ; missing   ; Top            ; post-synthesis    ; GND                                                                                    ; The name does not exist in your design or refers to an invalid hierarchy or bus element.  You may have modified your design after creating the debug instance. ;
; ocram_data_o_data[14]         ; pre-synthesis ; missing   ; Top            ; post-synthesis    ; GND                                                                                    ; The name does not exist in your design or refers to an invalid hierarchy or bus element.  You may have modified your design after creating the debug instance. ;
; ocram_data_o_data[15]         ; pre-synthesis ; missing   ; Top            ; post-synthesis    ; GND                                                                                    ; The name does not exist in your design or refers to an invalid hierarchy or bus element.  You may have modified your design after creating the debug instance. ;
; ocram_data_o_data[15]         ; pre-synthesis ; missing   ; Top            ; post-synthesis    ; GND                                                                                    ; The name does not exist in your design or refers to an invalid hierarchy or bus element.  You may have modified your design after creating the debug instance. ;
; ocram_data_o_data[16]         ; pre-synthesis ; missing   ; Top            ; post-synthesis    ; GND                                                                                    ; The name does not exist in your design or refers to an invalid hierarchy or bus element.  You may have modified your design after creating the debug instance. ;
; ocram_data_o_data[16]         ; pre-synthesis ; missing   ; Top            ; post-synthesis    ; GND                                                                                    ; The name does not exist in your design or refers to an invalid hierarchy or bus element.  You may have modified your design after creating the debug instance. ;
; ocram_data_o_data[17]         ; pre-synthesis ; missing   ; Top            ; post-synthesis    ; GND                                                                                    ; The name does not exist in your design or refers to an invalid hierarchy or bus element.  You may have modified your design after creating the debug instance. ;
; ocram_data_o_data[17]         ; pre-synthesis ; missing   ; Top            ; post-synthesis    ; GND                                                                                    ; The name does not exist in your design or refers to an invalid hierarchy or bus element.  You may have modified your design after creating the debug instance. ;
; ocram_data_o_data[18]         ; pre-synthesis ; missing   ; Top            ; post-synthesis    ; GND                                                                                    ; The name does not exist in your design or refers to an invalid hierarchy or bus element.  You may have modified your design after creating the debug instance. ;
; ocram_data_o_data[18]         ; pre-synthesis ; missing   ; Top            ; post-synthesis    ; GND                                                                                    ; The name does not exist in your design or refers to an invalid hierarchy or bus element.  You may have modified your design after creating the debug instance. ;
; ocram_data_o_data[19]         ; pre-synthesis ; missing   ; Top            ; post-synthesis    ; GND                                                                                    ; The name does not exist in your design or refers to an invalid hierarchy or bus element.  You may have modified your design after creating the debug instance. ;
; ocram_data_o_data[19]         ; pre-synthesis ; missing   ; Top            ; post-synthesis    ; GND                                                                                    ; The name does not exist in your design or refers to an invalid hierarchy or bus element.  You may have modified your design after creating the debug instance. ;
; ocram_data_o_data[1]          ; pre-synthesis ; missing   ; Top            ; post-synthesis    ; GND                                                                                    ; The name does not exist in your design or refers to an invalid hierarchy or bus element.  You may have modified your design after creating the debug instance. ;
; ocram_data_o_data[1]          ; pre-synthesis ; missing   ; Top            ; post-synthesis    ; GND                                                                                    ; The name does not exist in your design or refers to an invalid hierarchy or bus element.  You may have modified your design after creating the debug instance. ;
; ocram_data_o_data[20]         ; pre-synthesis ; missing   ; Top            ; post-synthesis    ; GND                                                                                    ; The name does not exist in your design or refers to an invalid hierarchy or bus element.  You may have modified your design after creating the debug instance. ;
; ocram_data_o_data[20]         ; pre-synthesis ; missing   ; Top            ; post-synthesis    ; GND                                                                                    ; The name does not exist in your design or refers to an invalid hierarchy or bus element.  You may have modified your design after creating the debug instance. ;
; ocram_data_o_data[21]         ; pre-synthesis ; missing   ; Top            ; post-synthesis    ; GND                                                                                    ; The name does not exist in your design or refers to an invalid hierarchy or bus element.  You may have modified your design after creating the debug instance. ;
; ocram_data_o_data[21]         ; pre-synthesis ; missing   ; Top            ; post-synthesis    ; GND                                                                                    ; The name does not exist in your design or refers to an invalid hierarchy or bus element.  You may have modified your design after creating the debug instance. ;
; ocram_data_o_data[22]         ; pre-synthesis ; missing   ; Top            ; post-synthesis    ; GND                                                                                    ; The name does not exist in your design or refers to an invalid hierarchy or bus element.  You may have modified your design after creating the debug instance. ;
; ocram_data_o_data[22]         ; pre-synthesis ; missing   ; Top            ; post-synthesis    ; GND                                                                                    ; The name does not exist in your design or refers to an invalid hierarchy or bus element.  You may have modified your design after creating the debug instance. ;
; ocram_data_o_data[23]         ; pre-synthesis ; missing   ; Top            ; post-synthesis    ; GND                                                                                    ; The name does not exist in your design or refers to an invalid hierarchy or bus element.  You may have modified your design after creating the debug instance. ;
; ocram_data_o_data[23]         ; pre-synthesis ; missing   ; Top            ; post-synthesis    ; GND                                                                                    ; The name does not exist in your design or refers to an invalid hierarchy or bus element.  You may have modified your design after creating the debug instance. ;
; ocram_data_o_data[24]         ; pre-synthesis ; missing   ; Top            ; post-synthesis    ; GND                                                                                    ; The name does not exist in your design or refers to an invalid hierarchy or bus element.  You may have modified your design after creating the debug instance. ;
; ocram_data_o_data[24]         ; pre-synthesis ; missing   ; Top            ; post-synthesis    ; GND                                                                                    ; The name does not exist in your design or refers to an invalid hierarchy or bus element.  You may have modified your design after creating the debug instance. ;
; ocram_data_o_data[25]         ; pre-synthesis ; missing   ; Top            ; post-synthesis    ; GND                                                                                    ; The name does not exist in your design or refers to an invalid hierarchy or bus element.  You may have modified your design after creating the debug instance. ;
; ocram_data_o_data[25]         ; pre-synthesis ; missing   ; Top            ; post-synthesis    ; GND                                                                                    ; The name does not exist in your design or refers to an invalid hierarchy or bus element.  You may have modified your design after creating the debug instance. ;
; ocram_data_o_data[26]         ; pre-synthesis ; missing   ; Top            ; post-synthesis    ; GND                                                                                    ; The name does not exist in your design or refers to an invalid hierarchy or bus element.  You may have modified your design after creating the debug instance. ;
; ocram_data_o_data[26]         ; pre-synthesis ; missing   ; Top            ; post-synthesis    ; GND                                                                                    ; The name does not exist in your design or refers to an invalid hierarchy or bus element.  You may have modified your design after creating the debug instance. ;
; ocram_data_o_data[27]         ; pre-synthesis ; missing   ; Top            ; post-synthesis    ; GND                                                                                    ; The name does not exist in your design or refers to an invalid hierarchy or bus element.  You may have modified your design after creating the debug instance. ;
; ocram_data_o_data[27]         ; pre-synthesis ; missing   ; Top            ; post-synthesis    ; GND                                                                                    ; The name does not exist in your design or refers to an invalid hierarchy or bus element.  You may have modified your design after creating the debug instance. ;
; ocram_data_o_data[28]         ; pre-synthesis ; missing   ; Top            ; post-synthesis    ; GND                                                                                    ; The name does not exist in your design or refers to an invalid hierarchy or bus element.  You may have modified your design after creating the debug instance. ;
; ocram_data_o_data[28]         ; pre-synthesis ; missing   ; Top            ; post-synthesis    ; GND                                                                                    ; The name does not exist in your design or refers to an invalid hierarchy or bus element.  You may have modified your design after creating the debug instance. ;
; ocram_data_o_data[29]         ; pre-synthesis ; missing   ; Top            ; post-synthesis    ; GND                                                                                    ; The name does not exist in your design or refers to an invalid hierarchy or bus element.  You may have modified your design after creating the debug instance. ;
; ocram_data_o_data[29]         ; pre-synthesis ; missing   ; Top            ; post-synthesis    ; GND                                                                                    ; The name does not exist in your design or refers to an invalid hierarchy or bus element.  You may have modified your design after creating the debug instance. ;
; ocram_data_o_data[2]          ; pre-synthesis ; missing   ; Top            ; post-synthesis    ; GND                                                                                    ; The name does not exist in your design or refers to an invalid hierarchy or bus element.  You may have modified your design after creating the debug instance. ;
; ocram_data_o_data[2]          ; pre-synthesis ; missing   ; Top            ; post-synthesis    ; GND                                                                                    ; The name does not exist in your design or refers to an invalid hierarchy or bus element.  You may have modified your design after creating the debug instance. ;
; ocram_data_o_data[30]         ; pre-synthesis ; missing   ; Top            ; post-synthesis    ; GND                                                                                    ; The name does not exist in your design or refers to an invalid hierarchy or bus element.  You may have modified your design after creating the debug instance. ;
; ocram_data_o_data[30]         ; pre-synthesis ; missing   ; Top            ; post-synthesis    ; GND                                                                                    ; The name does not exist in your design or refers to an invalid hierarchy or bus element.  You may have modified your design after creating the debug instance. ;
; ocram_data_o_data[31]         ; pre-synthesis ; missing   ; Top            ; post-synthesis    ; GND                                                                                    ; The name does not exist in your design or refers to an invalid hierarchy or bus element.  You may have modified your design after creating the debug instance. ;
; ocram_data_o_data[31]         ; pre-synthesis ; missing   ; Top            ; post-synthesis    ; GND                                                                                    ; The name does not exist in your design or refers to an invalid hierarchy or bus element.  You may have modified your design after creating the debug instance. ;
; ocram_data_o_data[3]          ; pre-synthesis ; missing   ; Top            ; post-synthesis    ; GND                                                                                    ; The name does not exist in your design or refers to an invalid hierarchy or bus element.  You may have modified your design after creating the debug instance. ;
; ocram_data_o_data[3]          ; pre-synthesis ; missing   ; Top            ; post-synthesis    ; GND                                                                                    ; The name does not exist in your design or refers to an invalid hierarchy or bus element.  You may have modified your design after creating the debug instance. ;
; ocram_data_o_data[4]          ; pre-synthesis ; missing   ; Top            ; post-synthesis    ; GND                                                                                    ; The name does not exist in your design or refers to an invalid hierarchy or bus element.  You may have modified your design after creating the debug instance. ;
; ocram_data_o_data[4]          ; pre-synthesis ; missing   ; Top            ; post-synthesis    ; GND                                                                                    ; The name does not exist in your design or refers to an invalid hierarchy or bus element.  You may have modified your design after creating the debug instance. ;
; ocram_data_o_data[5]          ; pre-synthesis ; missing   ; Top            ; post-synthesis    ; GND                                                                                    ; The name does not exist in your design or refers to an invalid hierarchy or bus element.  You may have modified your design after creating the debug instance. ;
; ocram_data_o_data[5]          ; pre-synthesis ; missing   ; Top            ; post-synthesis    ; GND                                                                                    ; The name does not exist in your design or refers to an invalid hierarchy or bus element.  You may have modified your design after creating the debug instance. ;
; ocram_data_o_data[6]          ; pre-synthesis ; missing   ; Top            ; post-synthesis    ; GND                                                                                    ; The name does not exist in your design or refers to an invalid hierarchy or bus element.  You may have modified your design after creating the debug instance. ;
; ocram_data_o_data[6]          ; pre-synthesis ; missing   ; Top            ; post-synthesis    ; GND                                                                                    ; The name does not exist in your design or refers to an invalid hierarchy or bus element.  You may have modified your design after creating the debug instance. ;
; ocram_data_o_data[7]          ; pre-synthesis ; missing   ; Top            ; post-synthesis    ; GND                                                                                    ; The name does not exist in your design or refers to an invalid hierarchy or bus element.  You may have modified your design after creating the debug instance. ;
; ocram_data_o_data[7]          ; pre-synthesis ; missing   ; Top            ; post-synthesis    ; GND                                                                                    ; The name does not exist in your design or refers to an invalid hierarchy or bus element.  You may have modified your design after creating the debug instance. ;
; ocram_data_o_data[8]          ; pre-synthesis ; missing   ; Top            ; post-synthesis    ; GND                                                                                    ; The name does not exist in your design or refers to an invalid hierarchy or bus element.  You may have modified your design after creating the debug instance. ;
; ocram_data_o_data[8]          ; pre-synthesis ; missing   ; Top            ; post-synthesis    ; GND                                                                                    ; The name does not exist in your design or refers to an invalid hierarchy or bus element.  You may have modified your design after creating the debug instance. ;
; ocram_data_o_data[9]          ; pre-synthesis ; missing   ; Top            ; post-synthesis    ; GND                                                                                    ; The name does not exist in your design or refers to an invalid hierarchy or bus element.  You may have modified your design after creating the debug instance. ;
; ocram_data_o_data[9]          ; pre-synthesis ; missing   ; Top            ; post-synthesis    ; GND                                                                                    ; The name does not exist in your design or refers to an invalid hierarchy or bus element.  You may have modified your design after creating the debug instance. ;
; ocram_data_o_instr[0]         ; pre-synthesis ; missing   ; Top            ; post-synthesis    ; GND                                                                                    ; The name does not exist in your design or refers to an invalid hierarchy or bus element.  You may have modified your design after creating the debug instance. ;
; ocram_data_o_instr[0]         ; pre-synthesis ; missing   ; Top            ; post-synthesis    ; GND                                                                                    ; The name does not exist in your design or refers to an invalid hierarchy or bus element.  You may have modified your design after creating the debug instance. ;
; ocram_data_o_instr[10]        ; pre-synthesis ; missing   ; Top            ; post-synthesis    ; GND                                                                                    ; The name does not exist in your design or refers to an invalid hierarchy or bus element.  You may have modified your design after creating the debug instance. ;
; ocram_data_o_instr[10]        ; pre-synthesis ; missing   ; Top            ; post-synthesis    ; GND                                                                                    ; The name does not exist in your design or refers to an invalid hierarchy or bus element.  You may have modified your design after creating the debug instance. ;
; ocram_data_o_instr[11]        ; pre-synthesis ; missing   ; Top            ; post-synthesis    ; GND                                                                                    ; The name does not exist in your design or refers to an invalid hierarchy or bus element.  You may have modified your design after creating the debug instance. ;
; ocram_data_o_instr[11]        ; pre-synthesis ; missing   ; Top            ; post-synthesis    ; GND                                                                                    ; The name does not exist in your design or refers to an invalid hierarchy or bus element.  You may have modified your design after creating the debug instance. ;
; ocram_data_o_instr[12]        ; pre-synthesis ; missing   ; Top            ; post-synthesis    ; GND                                                                                    ; The name does not exist in your design or refers to an invalid hierarchy or bus element.  You may have modified your design after creating the debug instance. ;
; ocram_data_o_instr[12]        ; pre-synthesis ; missing   ; Top            ; post-synthesis    ; GND                                                                                    ; The name does not exist in your design or refers to an invalid hierarchy or bus element.  You may have modified your design after creating the debug instance. ;
; ocram_data_o_instr[13]        ; pre-synthesis ; missing   ; Top            ; post-synthesis    ; GND                                                                                    ; The name does not exist in your design or refers to an invalid hierarchy or bus element.  You may have modified your design after creating the debug instance. ;
; ocram_data_o_instr[13]        ; pre-synthesis ; missing   ; Top            ; post-synthesis    ; GND                                                                                    ; The name does not exist in your design or refers to an invalid hierarchy or bus element.  You may have modified your design after creating the debug instance. ;
; ocram_data_o_instr[14]        ; pre-synthesis ; missing   ; Top            ; post-synthesis    ; GND                                                                                    ; The name does not exist in your design or refers to an invalid hierarchy or bus element.  You may have modified your design after creating the debug instance. ;
; ocram_data_o_instr[14]        ; pre-synthesis ; missing   ; Top            ; post-synthesis    ; GND                                                                                    ; The name does not exist in your design or refers to an invalid hierarchy or bus element.  You may have modified your design after creating the debug instance. ;
; ocram_data_o_instr[15]        ; pre-synthesis ; missing   ; Top            ; post-synthesis    ; GND                                                                                    ; The name does not exist in your design or refers to an invalid hierarchy or bus element.  You may have modified your design after creating the debug instance. ;
; ocram_data_o_instr[15]        ; pre-synthesis ; missing   ; Top            ; post-synthesis    ; GND                                                                                    ; The name does not exist in your design or refers to an invalid hierarchy or bus element.  You may have modified your design after creating the debug instance. ;
; ocram_data_o_instr[16]        ; pre-synthesis ; missing   ; Top            ; post-synthesis    ; GND                                                                                    ; The name does not exist in your design or refers to an invalid hierarchy or bus element.  You may have modified your design after creating the debug instance. ;
; ocram_data_o_instr[16]        ; pre-synthesis ; missing   ; Top            ; post-synthesis    ; GND                                                                                    ; The name does not exist in your design or refers to an invalid hierarchy or bus element.  You may have modified your design after creating the debug instance. ;
; ocram_data_o_instr[17]        ; pre-synthesis ; missing   ; Top            ; post-synthesis    ; GND                                                                                    ; The name does not exist in your design or refers to an invalid hierarchy or bus element.  You may have modified your design after creating the debug instance. ;
; ocram_data_o_instr[17]        ; pre-synthesis ; missing   ; Top            ; post-synthesis    ; GND                                                                                    ; The name does not exist in your design or refers to an invalid hierarchy or bus element.  You may have modified your design after creating the debug instance. ;
; ocram_data_o_instr[18]        ; pre-synthesis ; missing   ; Top            ; post-synthesis    ; GND                                                                                    ; The name does not exist in your design or refers to an invalid hierarchy or bus element.  You may have modified your design after creating the debug instance. ;
; ocram_data_o_instr[18]        ; pre-synthesis ; missing   ; Top            ; post-synthesis    ; GND                                                                                    ; The name does not exist in your design or refers to an invalid hierarchy or bus element.  You may have modified your design after creating the debug instance. ;
; ocram_data_o_instr[19]        ; pre-synthesis ; missing   ; Top            ; post-synthesis    ; GND                                                                                    ; The name does not exist in your design or refers to an invalid hierarchy or bus element.  You may have modified your design after creating the debug instance. ;
; ocram_data_o_instr[19]        ; pre-synthesis ; missing   ; Top            ; post-synthesis    ; GND                                                                                    ; The name does not exist in your design or refers to an invalid hierarchy or bus element.  You may have modified your design after creating the debug instance. ;
; ocram_data_o_instr[1]         ; pre-synthesis ; missing   ; Top            ; post-synthesis    ; GND                                                                                    ; The name does not exist in your design or refers to an invalid hierarchy or bus element.  You may have modified your design after creating the debug instance. ;
; ocram_data_o_instr[1]         ; pre-synthesis ; missing   ; Top            ; post-synthesis    ; GND                                                                                    ; The name does not exist in your design or refers to an invalid hierarchy or bus element.  You may have modified your design after creating the debug instance. ;
; ocram_data_o_instr[20]        ; pre-synthesis ; missing   ; Top            ; post-synthesis    ; GND                                                                                    ; The name does not exist in your design or refers to an invalid hierarchy or bus element.  You may have modified your design after creating the debug instance. ;
; ocram_data_o_instr[20]        ; pre-synthesis ; missing   ; Top            ; post-synthesis    ; GND                                                                                    ; The name does not exist in your design or refers to an invalid hierarchy or bus element.  You may have modified your design after creating the debug instance. ;
; ocram_data_o_instr[21]        ; pre-synthesis ; missing   ; Top            ; post-synthesis    ; GND                                                                                    ; The name does not exist in your design or refers to an invalid hierarchy or bus element.  You may have modified your design after creating the debug instance. ;
; ocram_data_o_instr[21]        ; pre-synthesis ; missing   ; Top            ; post-synthesis    ; GND                                                                                    ; The name does not exist in your design or refers to an invalid hierarchy or bus element.  You may have modified your design after creating the debug instance. ;
; ocram_data_o_instr[22]        ; pre-synthesis ; missing   ; Top            ; post-synthesis    ; GND                                                                                    ; The name does not exist in your design or refers to an invalid hierarchy or bus element.  You may have modified your design after creating the debug instance. ;
; ocram_data_o_instr[22]        ; pre-synthesis ; missing   ; Top            ; post-synthesis    ; GND                                                                                    ; The name does not exist in your design or refers to an invalid hierarchy or bus element.  You may have modified your design after creating the debug instance. ;
; ocram_data_o_instr[23]        ; pre-synthesis ; missing   ; Top            ; post-synthesis    ; GND                                                                                    ; The name does not exist in your design or refers to an invalid hierarchy or bus element.  You may have modified your design after creating the debug instance. ;
; ocram_data_o_instr[23]        ; pre-synthesis ; missing   ; Top            ; post-synthesis    ; GND                                                                                    ; The name does not exist in your design or refers to an invalid hierarchy or bus element.  You may have modified your design after creating the debug instance. ;
; ocram_data_o_instr[24]        ; pre-synthesis ; missing   ; Top            ; post-synthesis    ; GND                                                                                    ; The name does not exist in your design or refers to an invalid hierarchy or bus element.  You may have modified your design after creating the debug instance. ;
; ocram_data_o_instr[24]        ; pre-synthesis ; missing   ; Top            ; post-synthesis    ; GND                                                                                    ; The name does not exist in your design or refers to an invalid hierarchy or bus element.  You may have modified your design after creating the debug instance. ;
; ocram_data_o_instr[25]        ; pre-synthesis ; missing   ; Top            ; post-synthesis    ; GND                                                                                    ; The name does not exist in your design or refers to an invalid hierarchy or bus element.  You may have modified your design after creating the debug instance. ;
; ocram_data_o_instr[25]        ; pre-synthesis ; missing   ; Top            ; post-synthesis    ; GND                                                                                    ; The name does not exist in your design or refers to an invalid hierarchy or bus element.  You may have modified your design after creating the debug instance. ;
; ocram_data_o_instr[26]        ; pre-synthesis ; missing   ; Top            ; post-synthesis    ; GND                                                                                    ; The name does not exist in your design or refers to an invalid hierarchy or bus element.  You may have modified your design after creating the debug instance. ;
; ocram_data_o_instr[26]        ; pre-synthesis ; missing   ; Top            ; post-synthesis    ; GND                                                                                    ; The name does not exist in your design or refers to an invalid hierarchy or bus element.  You may have modified your design after creating the debug instance. ;
; ocram_data_o_instr[27]        ; pre-synthesis ; missing   ; Top            ; post-synthesis    ; GND                                                                                    ; The name does not exist in your design or refers to an invalid hierarchy or bus element.  You may have modified your design after creating the debug instance. ;
; ocram_data_o_instr[27]        ; pre-synthesis ; missing   ; Top            ; post-synthesis    ; GND                                                                                    ; The name does not exist in your design or refers to an invalid hierarchy or bus element.  You may have modified your design after creating the debug instance. ;
; ocram_data_o_instr[28]        ; pre-synthesis ; missing   ; Top            ; post-synthesis    ; GND                                                                                    ; The name does not exist in your design or refers to an invalid hierarchy or bus element.  You may have modified your design after creating the debug instance. ;
; ocram_data_o_instr[28]        ; pre-synthesis ; missing   ; Top            ; post-synthesis    ; GND                                                                                    ; The name does not exist in your design or refers to an invalid hierarchy or bus element.  You may have modified your design after creating the debug instance. ;
; ocram_data_o_instr[29]        ; pre-synthesis ; missing   ; Top            ; post-synthesis    ; GND                                                                                    ; The name does not exist in your design or refers to an invalid hierarchy or bus element.  You may have modified your design after creating the debug instance. ;
; ocram_data_o_instr[29]        ; pre-synthesis ; missing   ; Top            ; post-synthesis    ; GND                                                                                    ; The name does not exist in your design or refers to an invalid hierarchy or bus element.  You may have modified your design after creating the debug instance. ;
; ocram_data_o_instr[2]         ; pre-synthesis ; missing   ; Top            ; post-synthesis    ; GND                                                                                    ; The name does not exist in your design or refers to an invalid hierarchy or bus element.  You may have modified your design after creating the debug instance. ;
; ocram_data_o_instr[2]         ; pre-synthesis ; missing   ; Top            ; post-synthesis    ; GND                                                                                    ; The name does not exist in your design or refers to an invalid hierarchy or bus element.  You may have modified your design after creating the debug instance. ;
; ocram_data_o_instr[30]        ; pre-synthesis ; missing   ; Top            ; post-synthesis    ; GND                                                                                    ; The name does not exist in your design or refers to an invalid hierarchy or bus element.  You may have modified your design after creating the debug instance. ;
; ocram_data_o_instr[30]        ; pre-synthesis ; missing   ; Top            ; post-synthesis    ; GND                                                                                    ; The name does not exist in your design or refers to an invalid hierarchy or bus element.  You may have modified your design after creating the debug instance. ;
; ocram_data_o_instr[31]        ; pre-synthesis ; missing   ; Top            ; post-synthesis    ; GND                                                                                    ; The name does not exist in your design or refers to an invalid hierarchy or bus element.  You may have modified your design after creating the debug instance. ;
; ocram_data_o_instr[31]        ; pre-synthesis ; missing   ; Top            ; post-synthesis    ; GND                                                                                    ; The name does not exist in your design or refers to an invalid hierarchy or bus element.  You may have modified your design after creating the debug instance. ;
; ocram_data_o_instr[3]         ; pre-synthesis ; missing   ; Top            ; post-synthesis    ; GND                                                                                    ; The name does not exist in your design or refers to an invalid hierarchy or bus element.  You may have modified your design after creating the debug instance. ;
; ocram_data_o_instr[3]         ; pre-synthesis ; missing   ; Top            ; post-synthesis    ; GND                                                                                    ; The name does not exist in your design or refers to an invalid hierarchy or bus element.  You may have modified your design after creating the debug instance. ;
; ocram_data_o_instr[4]         ; pre-synthesis ; missing   ; Top            ; post-synthesis    ; GND                                                                                    ; The name does not exist in your design or refers to an invalid hierarchy or bus element.  You may have modified your design after creating the debug instance. ;
; ocram_data_o_instr[4]         ; pre-synthesis ; missing   ; Top            ; post-synthesis    ; GND                                                                                    ; The name does not exist in your design or refers to an invalid hierarchy or bus element.  You may have modified your design after creating the debug instance. ;
; ocram_data_o_instr[5]         ; pre-synthesis ; missing   ; Top            ; post-synthesis    ; GND                                                                                    ; The name does not exist in your design or refers to an invalid hierarchy or bus element.  You may have modified your design after creating the debug instance. ;
; ocram_data_o_instr[5]         ; pre-synthesis ; missing   ; Top            ; post-synthesis    ; GND                                                                                    ; The name does not exist in your design or refers to an invalid hierarchy or bus element.  You may have modified your design after creating the debug instance. ;
; ocram_data_o_instr[6]         ; pre-synthesis ; missing   ; Top            ; post-synthesis    ; GND                                                                                    ; The name does not exist in your design or refers to an invalid hierarchy or bus element.  You may have modified your design after creating the debug instance. ;
; ocram_data_o_instr[6]         ; pre-synthesis ; missing   ; Top            ; post-synthesis    ; GND                                                                                    ; The name does not exist in your design or refers to an invalid hierarchy or bus element.  You may have modified your design after creating the debug instance. ;
; ocram_data_o_instr[7]         ; pre-synthesis ; missing   ; Top            ; post-synthesis    ; GND                                                                                    ; The name does not exist in your design or refers to an invalid hierarchy or bus element.  You may have modified your design after creating the debug instance. ;
; ocram_data_o_instr[7]         ; pre-synthesis ; missing   ; Top            ; post-synthesis    ; GND                                                                                    ; The name does not exist in your design or refers to an invalid hierarchy or bus element.  You may have modified your design after creating the debug instance. ;
; ocram_data_o_instr[8]         ; pre-synthesis ; missing   ; Top            ; post-synthesis    ; GND                                                                                    ; The name does not exist in your design or refers to an invalid hierarchy or bus element.  You may have modified your design after creating the debug instance. ;
; ocram_data_o_instr[8]         ; pre-synthesis ; missing   ; Top            ; post-synthesis    ; GND                                                                                    ; The name does not exist in your design or refers to an invalid hierarchy or bus element.  You may have modified your design after creating the debug instance. ;
; ocram_data_o_instr[9]         ; pre-synthesis ; missing   ; Top            ; post-synthesis    ; GND                                                                                    ; The name does not exist in your design or refers to an invalid hierarchy or bus element.  You may have modified your design after creating the debug instance. ;
; ocram_data_o_instr[9]         ; pre-synthesis ; missing   ; Top            ; post-synthesis    ; GND                                                                                    ; The name does not exist in your design or refers to an invalid hierarchy or bus element.  You may have modified your design after creating the debug instance. ;
; ocram_rdata[0]                ; pre-synthesis ; connected ; Top            ; post-synthesis    ; ocram_32k:ocram|altsyncram:altsyncram_component|altsyncram_nvt3:auto_generated|q_b[0]  ; N/A                                                                                                                                                            ;
; ocram_rdata[0]                ; pre-synthesis ; connected ; Top            ; post-synthesis    ; ocram_32k:ocram|altsyncram:altsyncram_component|altsyncram_nvt3:auto_generated|q_b[0]  ; N/A                                                                                                                                                            ;
; ocram_rdata[10]               ; pre-synthesis ; connected ; Top            ; post-synthesis    ; ocram_32k:ocram|altsyncram:altsyncram_component|altsyncram_nvt3:auto_generated|q_b[10] ; N/A                                                                                                                                                            ;
; ocram_rdata[10]               ; pre-synthesis ; connected ; Top            ; post-synthesis    ; ocram_32k:ocram|altsyncram:altsyncram_component|altsyncram_nvt3:auto_generated|q_b[10] ; N/A                                                                                                                                                            ;
; ocram_rdata[11]               ; pre-synthesis ; connected ; Top            ; post-synthesis    ; ocram_32k:ocram|altsyncram:altsyncram_component|altsyncram_nvt3:auto_generated|q_b[11] ; N/A                                                                                                                                                            ;
; ocram_rdata[11]               ; pre-synthesis ; connected ; Top            ; post-synthesis    ; ocram_32k:ocram|altsyncram:altsyncram_component|altsyncram_nvt3:auto_generated|q_b[11] ; N/A                                                                                                                                                            ;
; ocram_rdata[12]               ; pre-synthesis ; connected ; Top            ; post-synthesis    ; ocram_32k:ocram|altsyncram:altsyncram_component|altsyncram_nvt3:auto_generated|q_b[12] ; N/A                                                                                                                                                            ;
; ocram_rdata[12]               ; pre-synthesis ; connected ; Top            ; post-synthesis    ; ocram_32k:ocram|altsyncram:altsyncram_component|altsyncram_nvt3:auto_generated|q_b[12] ; N/A                                                                                                                                                            ;
; ocram_rdata[13]               ; pre-synthesis ; connected ; Top            ; post-synthesis    ; ocram_32k:ocram|altsyncram:altsyncram_component|altsyncram_nvt3:auto_generated|q_b[13] ; N/A                                                                                                                                                            ;
; ocram_rdata[13]               ; pre-synthesis ; connected ; Top            ; post-synthesis    ; ocram_32k:ocram|altsyncram:altsyncram_component|altsyncram_nvt3:auto_generated|q_b[13] ; N/A                                                                                                                                                            ;
; ocram_rdata[14]               ; pre-synthesis ; connected ; Top            ; post-synthesis    ; ocram_32k:ocram|altsyncram:altsyncram_component|altsyncram_nvt3:auto_generated|q_b[14] ; N/A                                                                                                                                                            ;
; ocram_rdata[14]               ; pre-synthesis ; connected ; Top            ; post-synthesis    ; ocram_32k:ocram|altsyncram:altsyncram_component|altsyncram_nvt3:auto_generated|q_b[14] ; N/A                                                                                                                                                            ;
; ocram_rdata[15]               ; pre-synthesis ; connected ; Top            ; post-synthesis    ; ocram_32k:ocram|altsyncram:altsyncram_component|altsyncram_nvt3:auto_generated|q_b[15] ; N/A                                                                                                                                                            ;
; ocram_rdata[15]               ; pre-synthesis ; connected ; Top            ; post-synthesis    ; ocram_32k:ocram|altsyncram:altsyncram_component|altsyncram_nvt3:auto_generated|q_b[15] ; N/A                                                                                                                                                            ;
; ocram_rdata[16]               ; pre-synthesis ; connected ; Top            ; post-synthesis    ; ocram_32k:ocram|altsyncram:altsyncram_component|altsyncram_nvt3:auto_generated|q_b[16] ; N/A                                                                                                                                                            ;
; ocram_rdata[16]               ; pre-synthesis ; connected ; Top            ; post-synthesis    ; ocram_32k:ocram|altsyncram:altsyncram_component|altsyncram_nvt3:auto_generated|q_b[16] ; N/A                                                                                                                                                            ;
; ocram_rdata[17]               ; pre-synthesis ; connected ; Top            ; post-synthesis    ; ocram_32k:ocram|altsyncram:altsyncram_component|altsyncram_nvt3:auto_generated|q_b[17] ; N/A                                                                                                                                                            ;
; ocram_rdata[17]               ; pre-synthesis ; connected ; Top            ; post-synthesis    ; ocram_32k:ocram|altsyncram:altsyncram_component|altsyncram_nvt3:auto_generated|q_b[17] ; N/A                                                                                                                                                            ;
; ocram_rdata[18]               ; pre-synthesis ; connected ; Top            ; post-synthesis    ; ocram_32k:ocram|altsyncram:altsyncram_component|altsyncram_nvt3:auto_generated|q_b[18] ; N/A                                                                                                                                                            ;
; ocram_rdata[18]               ; pre-synthesis ; connected ; Top            ; post-synthesis    ; ocram_32k:ocram|altsyncram:altsyncram_component|altsyncram_nvt3:auto_generated|q_b[18] ; N/A                                                                                                                                                            ;
; ocram_rdata[19]               ; pre-synthesis ; connected ; Top            ; post-synthesis    ; ocram_32k:ocram|altsyncram:altsyncram_component|altsyncram_nvt3:auto_generated|q_b[19] ; N/A                                                                                                                                                            ;
; ocram_rdata[19]               ; pre-synthesis ; connected ; Top            ; post-synthesis    ; ocram_32k:ocram|altsyncram:altsyncram_component|altsyncram_nvt3:auto_generated|q_b[19] ; N/A                                                                                                                                                            ;
; ocram_rdata[1]                ; pre-synthesis ; connected ; Top            ; post-synthesis    ; ocram_32k:ocram|altsyncram:altsyncram_component|altsyncram_nvt3:auto_generated|q_b[1]  ; N/A                                                                                                                                                            ;
; ocram_rdata[1]                ; pre-synthesis ; connected ; Top            ; post-synthesis    ; ocram_32k:ocram|altsyncram:altsyncram_component|altsyncram_nvt3:auto_generated|q_b[1]  ; N/A                                                                                                                                                            ;
; ocram_rdata[20]               ; pre-synthesis ; connected ; Top            ; post-synthesis    ; ocram_32k:ocram|altsyncram:altsyncram_component|altsyncram_nvt3:auto_generated|q_b[20] ; N/A                                                                                                                                                            ;
; ocram_rdata[20]               ; pre-synthesis ; connected ; Top            ; post-synthesis    ; ocram_32k:ocram|altsyncram:altsyncram_component|altsyncram_nvt3:auto_generated|q_b[20] ; N/A                                                                                                                                                            ;
; ocram_rdata[21]               ; pre-synthesis ; connected ; Top            ; post-synthesis    ; ocram_32k:ocram|altsyncram:altsyncram_component|altsyncram_nvt3:auto_generated|q_b[21] ; N/A                                                                                                                                                            ;
; ocram_rdata[21]               ; pre-synthesis ; connected ; Top            ; post-synthesis    ; ocram_32k:ocram|altsyncram:altsyncram_component|altsyncram_nvt3:auto_generated|q_b[21] ; N/A                                                                                                                                                            ;
; ocram_rdata[22]               ; pre-synthesis ; connected ; Top            ; post-synthesis    ; ocram_32k:ocram|altsyncram:altsyncram_component|altsyncram_nvt3:auto_generated|q_b[22] ; N/A                                                                                                                                                            ;
; ocram_rdata[22]               ; pre-synthesis ; connected ; Top            ; post-synthesis    ; ocram_32k:ocram|altsyncram:altsyncram_component|altsyncram_nvt3:auto_generated|q_b[22] ; N/A                                                                                                                                                            ;
; ocram_rdata[23]               ; pre-synthesis ; connected ; Top            ; post-synthesis    ; ocram_32k:ocram|altsyncram:altsyncram_component|altsyncram_nvt3:auto_generated|q_b[23] ; N/A                                                                                                                                                            ;
; ocram_rdata[23]               ; pre-synthesis ; connected ; Top            ; post-synthesis    ; ocram_32k:ocram|altsyncram:altsyncram_component|altsyncram_nvt3:auto_generated|q_b[23] ; N/A                                                                                                                                                            ;
; ocram_rdata[24]               ; pre-synthesis ; connected ; Top            ; post-synthesis    ; ocram_32k:ocram|altsyncram:altsyncram_component|altsyncram_nvt3:auto_generated|q_b[24] ; N/A                                                                                                                                                            ;
; ocram_rdata[24]               ; pre-synthesis ; connected ; Top            ; post-synthesis    ; ocram_32k:ocram|altsyncram:altsyncram_component|altsyncram_nvt3:auto_generated|q_b[24] ; N/A                                                                                                                                                            ;
; ocram_rdata[25]               ; pre-synthesis ; connected ; Top            ; post-synthesis    ; ocram_32k:ocram|altsyncram:altsyncram_component|altsyncram_nvt3:auto_generated|q_b[25] ; N/A                                                                                                                                                            ;
; ocram_rdata[25]               ; pre-synthesis ; connected ; Top            ; post-synthesis    ; ocram_32k:ocram|altsyncram:altsyncram_component|altsyncram_nvt3:auto_generated|q_b[25] ; N/A                                                                                                                                                            ;
; ocram_rdata[26]               ; pre-synthesis ; connected ; Top            ; post-synthesis    ; ocram_32k:ocram|altsyncram:altsyncram_component|altsyncram_nvt3:auto_generated|q_b[26] ; N/A                                                                                                                                                            ;
; ocram_rdata[26]               ; pre-synthesis ; connected ; Top            ; post-synthesis    ; ocram_32k:ocram|altsyncram:altsyncram_component|altsyncram_nvt3:auto_generated|q_b[26] ; N/A                                                                                                                                                            ;
; ocram_rdata[27]               ; pre-synthesis ; connected ; Top            ; post-synthesis    ; ocram_32k:ocram|altsyncram:altsyncram_component|altsyncram_nvt3:auto_generated|q_b[27] ; N/A                                                                                                                                                            ;
; ocram_rdata[27]               ; pre-synthesis ; connected ; Top            ; post-synthesis    ; ocram_32k:ocram|altsyncram:altsyncram_component|altsyncram_nvt3:auto_generated|q_b[27] ; N/A                                                                                                                                                            ;
; ocram_rdata[28]               ; pre-synthesis ; connected ; Top            ; post-synthesis    ; ocram_32k:ocram|altsyncram:altsyncram_component|altsyncram_nvt3:auto_generated|q_b[28] ; N/A                                                                                                                                                            ;
; ocram_rdata[28]               ; pre-synthesis ; connected ; Top            ; post-synthesis    ; ocram_32k:ocram|altsyncram:altsyncram_component|altsyncram_nvt3:auto_generated|q_b[28] ; N/A                                                                                                                                                            ;
; ocram_rdata[29]               ; pre-synthesis ; connected ; Top            ; post-synthesis    ; ocram_32k:ocram|altsyncram:altsyncram_component|altsyncram_nvt3:auto_generated|q_b[29] ; N/A                                                                                                                                                            ;
; ocram_rdata[29]               ; pre-synthesis ; connected ; Top            ; post-synthesis    ; ocram_32k:ocram|altsyncram:altsyncram_component|altsyncram_nvt3:auto_generated|q_b[29] ; N/A                                                                                                                                                            ;
; ocram_rdata[2]                ; pre-synthesis ; connected ; Top            ; post-synthesis    ; ocram_32k:ocram|altsyncram:altsyncram_component|altsyncram_nvt3:auto_generated|q_b[2]  ; N/A                                                                                                                                                            ;
; ocram_rdata[2]                ; pre-synthesis ; connected ; Top            ; post-synthesis    ; ocram_32k:ocram|altsyncram:altsyncram_component|altsyncram_nvt3:auto_generated|q_b[2]  ; N/A                                                                                                                                                            ;
; ocram_rdata[30]               ; pre-synthesis ; connected ; Top            ; post-synthesis    ; ocram_32k:ocram|altsyncram:altsyncram_component|altsyncram_nvt3:auto_generated|q_b[30] ; N/A                                                                                                                                                            ;
; ocram_rdata[30]               ; pre-synthesis ; connected ; Top            ; post-synthesis    ; ocram_32k:ocram|altsyncram:altsyncram_component|altsyncram_nvt3:auto_generated|q_b[30] ; N/A                                                                                                                                                            ;
; ocram_rdata[31]               ; pre-synthesis ; connected ; Top            ; post-synthesis    ; ocram_32k:ocram|altsyncram:altsyncram_component|altsyncram_nvt3:auto_generated|q_b[31] ; N/A                                                                                                                                                            ;
; ocram_rdata[31]               ; pre-synthesis ; connected ; Top            ; post-synthesis    ; ocram_32k:ocram|altsyncram:altsyncram_component|altsyncram_nvt3:auto_generated|q_b[31] ; N/A                                                                                                                                                            ;
; ocram_rdata[3]                ; pre-synthesis ; connected ; Top            ; post-synthesis    ; ocram_32k:ocram|altsyncram:altsyncram_component|altsyncram_nvt3:auto_generated|q_b[3]  ; N/A                                                                                                                                                            ;
; ocram_rdata[3]                ; pre-synthesis ; connected ; Top            ; post-synthesis    ; ocram_32k:ocram|altsyncram:altsyncram_component|altsyncram_nvt3:auto_generated|q_b[3]  ; N/A                                                                                                                                                            ;
; ocram_rdata[4]                ; pre-synthesis ; connected ; Top            ; post-synthesis    ; ocram_32k:ocram|altsyncram:altsyncram_component|altsyncram_nvt3:auto_generated|q_b[4]  ; N/A                                                                                                                                                            ;
; ocram_rdata[4]                ; pre-synthesis ; connected ; Top            ; post-synthesis    ; ocram_32k:ocram|altsyncram:altsyncram_component|altsyncram_nvt3:auto_generated|q_b[4]  ; N/A                                                                                                                                                            ;
; ocram_rdata[5]                ; pre-synthesis ; connected ; Top            ; post-synthesis    ; ocram_32k:ocram|altsyncram:altsyncram_component|altsyncram_nvt3:auto_generated|q_b[5]  ; N/A                                                                                                                                                            ;
; ocram_rdata[5]                ; pre-synthesis ; connected ; Top            ; post-synthesis    ; ocram_32k:ocram|altsyncram:altsyncram_component|altsyncram_nvt3:auto_generated|q_b[5]  ; N/A                                                                                                                                                            ;
; ocram_rdata[6]                ; pre-synthesis ; connected ; Top            ; post-synthesis    ; ocram_32k:ocram|altsyncram:altsyncram_component|altsyncram_nvt3:auto_generated|q_b[6]  ; N/A                                                                                                                                                            ;
; ocram_rdata[6]                ; pre-synthesis ; connected ; Top            ; post-synthesis    ; ocram_32k:ocram|altsyncram:altsyncram_component|altsyncram_nvt3:auto_generated|q_b[6]  ; N/A                                                                                                                                                            ;
; ocram_rdata[7]                ; pre-synthesis ; connected ; Top            ; post-synthesis    ; ocram_32k:ocram|altsyncram:altsyncram_component|altsyncram_nvt3:auto_generated|q_b[7]  ; N/A                                                                                                                                                            ;
; ocram_rdata[7]                ; pre-synthesis ; connected ; Top            ; post-synthesis    ; ocram_32k:ocram|altsyncram:altsyncram_component|altsyncram_nvt3:auto_generated|q_b[7]  ; N/A                                                                                                                                                            ;
; ocram_rdata[8]                ; pre-synthesis ; connected ; Top            ; post-synthesis    ; ocram_32k:ocram|altsyncram:altsyncram_component|altsyncram_nvt3:auto_generated|q_b[8]  ; N/A                                                                                                                                                            ;
; ocram_rdata[8]                ; pre-synthesis ; connected ; Top            ; post-synthesis    ; ocram_32k:ocram|altsyncram:altsyncram_component|altsyncram_nvt3:auto_generated|q_b[8]  ; N/A                                                                                                                                                            ;
; ocram_rdata[9]                ; pre-synthesis ; connected ; Top            ; post-synthesis    ; ocram_32k:ocram|altsyncram:altsyncram_component|altsyncram_nvt3:auto_generated|q_b[9]  ; N/A                                                                                                                                                            ;
; ocram_rdata[9]                ; pre-synthesis ; connected ; Top            ; post-synthesis    ; ocram_32k:ocram|altsyncram:altsyncram_component|altsyncram_nvt3:auto_generated|q_b[9]  ; N/A                                                                                                                                                            ;
; ocram_ready                   ; pre-synthesis ; connected ; Top            ; post-synthesis    ; GND                                                                                    ; N/A                                                                                                                                                            ;
; ocram_ready                   ; pre-synthesis ; connected ; Top            ; post-synthesis    ; GND                                                                                    ; N/A                                                                                                                                                            ;
; picorv32:cpu|mem_instr        ; pre-synthesis ; connected ; Top            ; post-synthesis    ; GND                                                                                    ; N/A                                                                                                                                                            ;
; picorv32:cpu|mem_instr        ; pre-synthesis ; connected ; Top            ; post-synthesis    ; GND                                                                                    ; N/A                                                                                                                                                            ;
; picorv32:cpu|mem_valid        ; pre-synthesis ; connected ; Top            ; post-synthesis    ; GND                                                                                    ; N/A                                                                                                                                                            ;
; picorv32:cpu|mem_valid        ; pre-synthesis ; connected ; Top            ; post-synthesis    ; GND                                                                                    ; N/A                                                                                                                                                            ;
; rden_a                        ; pre-synthesis ; connected ; Top            ; post-synthesis    ; GND                                                                                    ; N/A                                                                                                                                                            ;
; rden_a                        ; pre-synthesis ; connected ; Top            ; post-synthesis    ; GND                                                                                    ; N/A                                                                                                                                                            ;
; rden_b                        ; pre-synthesis ; connected ; Top            ; post-synthesis    ; GND                                                                                    ; N/A                                                                                                                                                            ;
; rden_b                        ; pre-synthesis ; connected ; Top            ; post-synthesis    ; GND                                                                                    ; N/A                                                                                                                                                            ;
; resetn                        ; pre-synthesis ; missing   ; Top            ; post-synthesis    ; GND                                                                                    ; The pre-synthesis tap must be preserved by Analysis & Synthesis before it can be tapped.  Set the partition's netlist type to Source and recompile.            ;
; resetn                        ; pre-synthesis ; missing   ; Top            ; post-synthesis    ; GND                                                                                    ; The pre-synthesis tap must be preserved by Analysis & Synthesis before it can be tapped.  Set the partition's netlist type to Source and recompile.            ;
; wren_b                        ; pre-synthesis ; connected ; Top            ; post-synthesis    ; GND                                                                                    ; N/A                                                                                                                                                            ;
; wren_b                        ; pre-synthesis ; connected ; Top            ; post-synthesis    ; GND                                                                                    ; N/A                                                                                                                                                            ;
; reset_button_n                ; post-fitting  ; connected ; Top            ; post-synthesis    ; reset_button_n                                                                         ; N/A                                                                                                                                                            ;
; reset_button_n                ; post-fitting  ; connected ; Top            ; post-synthesis    ; reset_button_n                                                                         ; N/A                                                                                                                                                            ;
+-------------------------------+---------------+-----------+----------------+-------------------+----------------------------------------------------------------------------------------+----------------------------------------------------------------------------------------------------------------------------------------------------------------+


+-------------------------------+
; Analysis & Synthesis Messages ;
+-------------------------------+
Info: *******************************************************************
Info: Running Quartus II 64-Bit Analysis & Synthesis
    Info: Version 13.1.0 Build 162 10/23/2013 SJ Web Edition
    Info: Processing started: Mon Oct 27 16:30:29 2025
Info: Command: quartus_map --read_settings_files=on --write_settings_files=off picorv32 -c top
Info (11104): Parallel Compilation has detected 16 hyper-threaded processors. However, the extra hyper-threaded processors will not be used by default. Parallel Compilation will use 8 of the 8 physical processors detected instead.
Info (12021): Found 1 design units, including 1 entities, in source file reset_control.v
    Info (12023): Found entity 1: reset_control
Warning (10335): Unrecognized synthesis attribute "parallel_case" at picorv32.v(331)
Warning (10335): Unrecognized synthesis attribute "full_case" at picorv32.v(402)
Warning (10335): Unrecognized synthesis attribute "parallel_case" at picorv32.v(1119)
Warning (10335): Unrecognized synthesis attribute "parallel_case" at picorv32.v(1251)
Warning (10335): Unrecognized synthesis attribute "full_case" at picorv32.v(1251)
Warning (10335): Unrecognized synthesis attribute "parallel_case" at picorv32.v(1268)
Warning (10335): Unrecognized synthesis attribute "full_case" at picorv32.v(1268)
Warning (10335): Unrecognized synthesis attribute "parallel_case" at picorv32.v(1314)
Warning (10335): Unrecognized synthesis attribute "parallel_case" at picorv32.v(1485)
Warning (10335): Unrecognized synthesis attribute "full_case" at picorv32.v(1485)
Warning (10335): Unrecognized synthesis attribute "parallel_case" at picorv32.v(1497)
Warning (10335): Unrecognized synthesis attribute "parallel_case" at picorv32.v(1583)
Warning (10335): Unrecognized synthesis attribute "parallel_case" at picorv32.v(1627)
Warning (10335): Unrecognized synthesis attribute "full_case" at picorv32.v(1627)
Warning (10335): Unrecognized synthesis attribute "parallel_case" at picorv32.v(1735)
Warning (10335): Unrecognized synthesis attribute "parallel_case" at picorv32.v(1766)
Warning (10335): Unrecognized synthesis attribute "parallel_case" at picorv32.v(1836)
Warning (10335): Unrecognized synthesis attribute "full_case" at picorv32.v(1836)
Warning (10335): Unrecognized synthesis attribute "parallel_case" at picorv32.v(1844)
Warning (10335): Unrecognized synthesis attribute "full_case" at picorv32.v(1844)
Warning (10335): Unrecognized synthesis attribute "parallel_case" at picorv32.v(1859)
Warning (10335): Unrecognized synthesis attribute "full_case" at picorv32.v(1859)
Warning (10335): Unrecognized synthesis attribute "parallel_case" at picorv32.v(1884)
Warning (10335): Unrecognized synthesis attribute "full_case" at picorv32.v(1884)
Warning (10335): Unrecognized synthesis attribute "parallel_case" at picorv32.v(1901)
Warning (10335): Unrecognized synthesis attribute "full_case" at picorv32.v(1901)
Info (12021): Found 8 design units, including 8 entities, in source file picorv32.v
    Info (12023): Found entity 1: picorv32
    Info (12023): Found entity 2: picorv32_regs
    Info (12023): Found entity 3: picorv32_pcpi_mul
    Info (12023): Found entity 4: picorv32_pcpi_fast_mul
    Info (12023): Found entity 5: picorv32_pcpi_div
    Info (12023): Found entity 6: picorv32_axi
    Info (12023): Found entity 7: picorv32_axi_adapter
    Info (12023): Found entity 8: picorv32_wb
Info (12021): Found 1 design units, including 1 entities, in source file top.v
    Info (12023): Found entity 1: top
Info (12021): Found 1 design units, including 1 entities, in source file led_pio.v
    Info (12023): Found entity 1: led_pio
Info (12021): Found 2 design units, including 1 entities, in source file ocram_32k.vhd
    Info (12022): Found design unit 1: ocram_32k-SYN
    Info (12023): Found entity 1: ocram_32k
Warning (10236): Verilog HDL Implicit Net warning at top.v(51): created implicit net for "sram_sel"
Warning (10236): Verilog HDL Implicit Net warning at top.v(72): created implicit net for "resetn"
Warning (10236): Verilog HDL Implicit Net warning at top.v(73): created implicit net for "mem_valid"
Warning (10236): Verilog HDL Implicit Net warning at top.v(113): created implicit net for "reset_n"
Info (12127): Elaborating entity "top" for the top level hierarchy
Warning (10036): Verilog HDL or VHDL warning at top.v(51): object "sram_sel" assigned a value but never read
Warning (10858): Verilog HDL warning at top.v(38): object leds_data_o used but never assigned
Warning (10858): Verilog HDL warning at top.v(42): object uart_data_o used but never assigned
Warning (10030): Net "leds_data_o" at top.v(38) has no driver or initial value, using a default initial value '0'
Warning (10030): Net "uart_data_o" at top.v(42) has no driver or initial value, using a default initial value '0'
Info (12128): Elaborating entity "picorv32" for hierarchy "picorv32:cpu"
Warning (10036): Verilog HDL or VHDL warning at picorv32.v(181): object "dbg_insn_addr" assigned a value but never read
Warning (10036): Verilog HDL or VHDL warning at picorv32.v(183): object "dbg_mem_valid" assigned a value but never read
Warning (10036): Verilog HDL or VHDL warning at picorv32.v(184): object "dbg_mem_instr" assigned a value but never read
Warning (10036): Verilog HDL or VHDL warning at picorv32.v(185): object "dbg_mem_ready" assigned a value but never read
Warning (10036): Verilog HDL or VHDL warning at picorv32.v(186): object "dbg_mem_addr" assigned a value but never read
Warning (10036): Verilog HDL or VHDL warning at picorv32.v(187): object "dbg_mem_wdata" assigned a value but never read
Warning (10036): Verilog HDL or VHDL warning at picorv32.v(188): object "dbg_mem_wstrb" assigned a value but never read
Warning (10036): Verilog HDL or VHDL warning at picorv32.v(189): object "dbg_mem_rdata" assigned a value but never read
Warning (10036): Verilog HDL or VHDL warning at picorv32.v(375): object "mem_busy" assigned a value but never read
Warning (10036): Verilog HDL or VHDL warning at picorv32.v(696): object "dbg_rs1val" assigned a value but never read
Warning (10036): Verilog HDL or VHDL warning at picorv32.v(697): object "dbg_rs2val" assigned a value but never read
Warning (10036): Verilog HDL or VHDL warning at picorv32.v(698): object "dbg_rs1val_valid" assigned a value but never read
Warning (10036): Verilog HDL or VHDL warning at picorv32.v(699): object "dbg_rs2val_valid" assigned a value but never read
Warning (10036): Verilog HDL or VHDL warning at picorv32.v(769): object "dbg_valid_insn" assigned a value but never read
Warning (10036): Verilog HDL or VHDL warning at picorv32.v(1184): object "dbg_ascii_state" assigned a value but never read
Warning (10270): Verilog HDL Case Statement warning at picorv32.v(332): incomplete case statement has no default case item
Warning (10230): Verilog HDL assignment warning at picorv32.v(617): truncated value with size 32 to match size of target (2)
Warning (10230): Verilog HDL assignment warning at picorv32.v(1245): truncated value with size 33 to match size of target (32)
Warning (10230): Verilog HDL assignment warning at picorv32.v(1250): truncated value with size 32 to match size of target (1)
Warning (10763): Verilog HDL warning at picorv32.v(1252): case statement has overlapping case item expressions with non-constant or don't care bits - unable to check case statement for completeness
Warning (10208): Verilog HDL Case Statement warning at picorv32.v(1252): honored full_case synthesis attribute - differences between design synthesis and simulation may occur
Warning (10763): Verilog HDL warning at picorv32.v(1269): case statement has overlapping case item expressions with non-constant or don't care bits - unable to check case statement for completeness
Warning (10208): Verilog HDL Case Statement warning at picorv32.v(1269): honored full_case synthesis attribute - differences between design synthesis and simulation may occur
Warning (10763): Verilog HDL warning at picorv32.v(1315): case statement has overlapping case item expressions with non-constant or don't care bits - unable to check case statement for completeness
Warning (10270): Verilog HDL Case Statement warning at picorv32.v(1315): incomplete case statement has no default case item
Warning (10230): Verilog HDL assignment warning at picorv32.v(1349): truncated value with size 32 to match size of target (5)
Warning (10230): Verilog HDL assignment warning at picorv32.v(1404): truncated value with size 32 to match size of target (5)
Warning (10763): Verilog HDL warning at picorv32.v(1498): case statement has overlapping case item expressions with non-constant or don't care bits - unable to check case statement for completeness
Warning (10763): Verilog HDL warning at picorv32.v(1628): case statement has overlapping case item expressions with non-constant or don't care bits - unable to check case statement for completeness
Warning (10208): Verilog HDL Case Statement warning at picorv32.v(1628): honored full_case synthesis attribute - differences between design synthesis and simulation may occur
Warning (10230): Verilog HDL assignment warning at picorv32.v(1731): truncated value with size 32 to match size of target (5)
Warning (10230): Verilog HDL assignment warning at picorv32.v(1761): truncated value with size 32 to match size of target (5)
Warning (10763): Verilog HDL warning at picorv32.v(1837): case statement has overlapping case item expressions with non-constant or don't care bits - unable to check case statement for completeness
Warning (10208): Verilog HDL Case Statement warning at picorv32.v(1837): honored full_case synthesis attribute - differences between design synthesis and simulation may occur
Warning (10230): Verilog HDL assignment warning at picorv32.v(1842): truncated value with size 32 to match size of target (5)
Warning (10763): Verilog HDL warning at picorv32.v(1845): case statement has overlapping case item expressions with non-constant or don't care bits - unable to check case statement for completeness
Warning (10208): Verilog HDL Case Statement warning at picorv32.v(1845): honored full_case synthesis attribute - differences between design synthesis and simulation may occur
Warning (10230): Verilog HDL assignment warning at picorv32.v(1850): truncated value with size 32 to match size of target (5)
Warning (10763): Verilog HDL warning at picorv32.v(1860): case statement has overlapping case item expressions with non-constant or don't care bits - unable to check case statement for completeness
Warning (10208): Verilog HDL Case Statement warning at picorv32.v(1860): honored full_case synthesis attribute - differences between design synthesis and simulation may occur
Warning (10763): Verilog HDL warning at picorv32.v(1885): case statement has overlapping case item expressions with non-constant or don't care bits - unable to check case statement for completeness
Warning (10208): Verilog HDL Case Statement warning at picorv32.v(1885): honored full_case synthesis attribute - differences between design synthesis and simulation may occur
Warning (10763): Verilog HDL warning at picorv32.v(1902): case statement has overlapping case item expressions with non-constant or don't care bits - unable to check case statement for completeness
Warning (10208): Verilog HDL Case Statement warning at picorv32.v(1902): honored full_case synthesis attribute - differences between design synthesis and simulation may occur
Warning (10034): Output port "pcpi_insn" at picorv32.v(111) has no driver
Info (12128): Elaborating entity "reset_control" for hierarchy "reset_control:reset_controller"
Info (12128): Elaborating entity "ocram_32k" for hierarchy "ocram_32k:ocram"
Info (12128): Elaborating entity "altsyncram" for hierarchy "ocram_32k:ocram|altsyncram:altsyncram_component"
Info (12130): Elaborated megafunction instantiation "ocram_32k:ocram|altsyncram:altsyncram_component"
Info (12133): Instantiated megafunction "ocram_32k:ocram|altsyncram:altsyncram_component" with the following parameter:
    Info (12134): Parameter "address_aclr_a" = "UNUSED"
    Info (12134): Parameter "address_aclr_b" = "NONE"
    Info (12134): Parameter "address_reg_b" = "CLOCK0"
    Info (12134): Parameter "byte_size" = "8"
    Info (12134): Parameter "byteena_aclr_a" = "UNUSED"
    Info (12134): Parameter "byteena_aclr_b" = "NONE"
    Info (12134): Parameter "byteena_reg_b" = "CLOCK0"
    Info (12134): Parameter "clock_enable_core_a" = "USE_INPUT_CLKEN"
    Info (12134): Parameter "clock_enable_core_b" = "USE_INPUT_CLKEN"
    Info (12134): Parameter "clock_enable_input_a" = "BYPASS"
    Info (12134): Parameter "clock_enable_input_b" = "BYPASS"
    Info (12134): Parameter "clock_enable_output_a" = "BYPASS"
    Info (12134): Parameter "clock_enable_output_b" = "BYPASS"
    Info (12134): Parameter "intended_device_family" = "Cyclone III"
    Info (12134): Parameter "ecc_pipeline_stage_enabled" = "FALSE"
    Info (12134): Parameter "enable_ecc" = "FALSE"
    Info (12134): Parameter "implement_in_les" = "OFF"
    Info (12134): Parameter "indata_aclr_a" = "UNUSED"
    Info (12134): Parameter "indata_aclr_b" = "NONE"
    Info (12134): Parameter "indata_reg_b" = "CLOCK0"
    Info (12134): Parameter "init_file" = "../blinker.hex"
    Info (12134): Parameter "init_file_layout" = "PORT_A"
    Info (12134): Parameter "maximum_depth" = "0"
    Info (12134): Parameter "numwords_a" = "8192"
    Info (12134): Parameter "numwords_b" = "8192"
    Info (12134): Parameter "operation_mode" = "BIDIR_DUAL_PORT"
    Info (12134): Parameter "outdata_aclr_a" = "NONE"
    Info (12134): Parameter "outdata_aclr_b" = "NONE"
    Info (12134): Parameter "outdata_reg_a" = "UNREGISTERED"
    Info (12134): Parameter "outdata_reg_b" = "UNREGISTERED"
    Info (12134): Parameter "power_up_uninitialized" = "FALSE"
    Info (12134): Parameter "ram_block_type" = "AUTO"
    Info (12134): Parameter "rdcontrol_aclr_b" = "NONE"
    Info (12134): Parameter "rdcontrol_reg_b" = "CLOCK1"
    Info (12134): Parameter "read_during_write_mode_mixed_ports" = "OLD_DATA"
    Info (12134): Parameter "read_during_write_mode_port_a" = "OLD_DATA"
    Info (12134): Parameter "read_during_write_mode_port_b" = "OLD_DATA"
    Info (12134): Parameter "stratixiv_m144k_allow_dual_clocks" = "ON"
    Info (12134): Parameter "width_a" = "32"
    Info (12134): Parameter "width_b" = "32"
    Info (12134): Parameter "width_byteena_a" = "4"
    Info (12134): Parameter "width_byteena_b" = "4"
    Info (12134): Parameter "width_eccstatus" = "3"
    Info (12134): Parameter "widthad_a" = "13"
    Info (12134): Parameter "widthad_b" = "13"
    Info (12134): Parameter "wrcontrol_aclr_a" = "UNUSED"
    Info (12134): Parameter "wrcontrol_aclr_b" = "NONE"
    Info (12134): Parameter "wrcontrol_wraddress_reg_b" = "CLOCK0"
    Info (12134): Parameter "lpm_hint" = "UNUSED"
    Info (12134): Parameter "lpm_type" = "altsyncram"
Info (12021): Found 1 design units, including 1 entities, in source file db/altsyncram_nvt3.tdf
    Info (12023): Found entity 1: altsyncram_nvt3
Info (12128): Elaborating entity "altsyncram_nvt3" for hierarchy "ocram_32k:ocram|altsyncram:altsyncram_component|altsyncram_nvt3:auto_generated"
Info (12128): Elaborating entity "led_pio" for hierarchy "led_pio:led_inst"
Warning (12011): Net is missing source, defaulting to GND
    Warning (12110): Net "resetn" is missing source, defaulting to GND
Info (12021): Found 1 design units, including 1 entities, in source file db/altsyncram_j024.tdf
    Info (12023): Found entity 1: altsyncram_j024
Info (12021): Found 1 design units, including 1 entities, in source file db/mux_nrc.tdf
    Info (12023): Found entity 1: mux_nrc
Info (12021): Found 1 design units, including 1 entities, in source file db/decode_4uf.tdf
    Info (12023): Found entity 1: decode_4uf
Info (12021): Found 1 design units, including 1 entities, in source file db/cntr_0hi.tdf
    Info (12023): Found entity 1: cntr_0hi
Info (12021): Found 1 design units, including 1 entities, in source file db/cmpr_mfc.tdf
    Info (12023): Found entity 1: cmpr_mfc
Info (12021): Found 1 design units, including 1 entities, in source file db/cntr_85j.tdf
    Info (12023): Found entity 1: cntr_85j
Info (12021): Found 1 design units, including 1 entities, in source file db/cntr_afi.tdf
    Info (12023): Found entity 1: cntr_afi
Info (12021): Found 1 design units, including 1 entities, in source file db/cmpr_ifc.tdf
    Info (12023): Found entity 1: cmpr_ifc
Info (12021): Found 1 design units, including 1 entities, in source file db/cntr_p1j.tdf
    Info (12023): Found entity 1: cntr_p1j
Info (12021): Found 1 design units, including 1 entities, in source file db/cmpr_efc.tdf
    Info (12023): Found entity 1: cmpr_efc
Info (12033): Analysis and Synthesis generated SignalTap II or debug node instance "auto_signaltap_0"
Warning (12241): 1 hierarchies have connectivity warnings - see the Connectivity Checks report folder
Warning (13024): Output pins are stuck at VCC or GND
    Warning (13410): Pin "ledg[0]" is stuck at GND
    Warning (13410): Pin "ledg[1]" is stuck at GND
    Warning (13410): Pin "ledg[2]" is stuck at GND
    Warning (13410): Pin "ledg[3]" is stuck at GND
    Warning (13410): Pin "ledg[4]" is stuck at GND
    Warning (13410): Pin "ledg[5]" is stuck at GND
    Warning (13410): Pin "ledg[6]" is stuck at GND
    Warning (13410): Pin "ledg[7]" is stuck at GND
    Warning (13410): Pin "ledg[8]" is stuck at GND
    Warning (13410): Pin "ledg[9]" is stuck at GND
Info (17049): 348 registers lost all their fanouts during netlist optimizations.
Info (17036): Removed 12 MSB VCC or GND address nodes from RAM block "ocram_32k:ocram|altsyncram:altsyncram_component|altsyncram_nvt3:auto_generated|ALTSYNCRAM"
Info (13000): Registers with preset signals will power-up high
Info (13003): DEV_CLRn pin will set, and not reset, register with preset signal due to NOT Gate Push-Back
Warning (13024): Output pins are stuck at VCC or GND
    Warning (13410): Pin "sld_hub:auto_hub|receive[0][0]" is stuck at GND
Info (286031): Timing-Driven Synthesis is running on partition "sld_hub:auto_hub"
Info (144001): Generated suppressed messages file C:/Users/adama/DE0-PicoRV32/output_files/top.map.smsg
Critical Warning (35025): Partially connected in-system debug instance "auto_signaltap_0" to 363 of its 565 required data inputs, trigger inputs, acquisition clocks, and dynamic pins.  There were 0 illegal, 0 inaccessible, and 202 missing sources or connections.
Info (16010): Generating hard_block partition "hard_block:auto_generated_inst"
    Info (16011): Adding 0 node(s), including 0 DDIO, 0 PLL, 0 transceiver and 0 LCELL
Info (21057): Implemented 4681 device resources after synthesis - the final resource count might be different
    Info (21058): Implemented 5 input pins
    Info (21059): Implemented 11 output pins
    Info (21061): Implemented 4350 logic cells
    Info (21064): Implemented 314 RAM segments
Info: Quartus II 64-Bit Analysis & Synthesis was successful. 0 errors, 97 warnings
    Info: Peak virtual memory: 4794 megabytes
    Info: Processing ended: Mon Oct 27 16:30:36 2025
    Info: Elapsed time: 00:00:07
    Info: Total CPU time (on all processors): 00:00:07


+------------------------------------------+
; Analysis & Synthesis Suppressed Messages ;
+------------------------------------------+
The suppressed messages can be found in C:/Users/adama/DE0-PicoRV32/output_files/top.map.smsg.


